-- MySQL dump 10.13  Distrib 8.1.0, for Win64 (x86_64)
--
-- Host: localhost    Database: runda
-- ------------------------------------------------------
-- Server version	8.1.0

/*!40101 SET @OLD_CHARACTER_SET_CLIENT=@@CHARACTER_SET_CLIENT */;
/*!40101 SET @OLD_CHARACTER_SET_RESULTS=@@CHARACTER_SET_RESULTS */;
/*!40101 SET @OLD_COLLATION_CONNECTION=@@COLLATION_CONNECTION */;
/*!50503 SET NAMES utf8mb4 */;
/*!40103 SET @OLD_TIME_ZONE=@@TIME_ZONE */;
/*!40103 SET TIME_ZONE='+00:00' */;
/*!40014 SET @OLD_UNIQUE_CHECKS=@@UNIQUE_CHECKS, UNIQUE_CHECKS=0 */;
/*!40014 SET @OLD_FOREIGN_KEY_CHECKS=@@FOREIGN_KEY_CHECKS, FOREIGN_KEY_CHECKS=0 */;
/*!40101 SET @OLD_SQL_MODE=@@SQL_MODE, SQL_MODE='NO_AUTO_VALUE_ON_ZERO' */;
/*!40111 SET @OLD_SQL_NOTES=@@SQL_NOTES, SQL_NOTES=0 */;

--
-- Table structure for table `alarm_data`
--

DROP TABLE IF EXISTS `alarm_data`;
/*!40101 SET @saved_cs_client     = @@character_set_client */;
/*!50503 SET character_set_client = utf8mb4 */;
CREATE TABLE `alarm_data` (
  `id` bigint NOT NULL AUTO_INCREMENT,
  `alarm_type` int DEFAULT NULL COMMENT '报警类型(1.普通、2.扬尘、3.设备故障)',
  `alarm_param_type` int DEFAULT NULL COMMENT '报警参数类型(1.PM2.5、2.pm10、3.So2、4.No2、5.Co、6.O3)',
  `alarm_value` double DEFAULT NULL COMMENT '设备报警状态时的监测值',
  `standard_value` double DEFAULT NULL COMMENT '判断设备是否报警的阀值',
  `begin_time` datetime DEFAULT NULL COMMENT '监测设备数据的开始时间',
  `end_time` datetime DEFAULT NULL COMMENT '监测设备数据的结束时间',
  `status` int DEFAULT '1' COMMENT '报警信息状态(1.设备高值 2.设备低值 3.设备中断)',
  `station_id` bigint DEFAULT NULL COMMENT '站点id',
  `sta_name` varchar(255) DEFAULT NULL COMMENT '站点昵称',
  `device_id` bigint DEFAULT NULL COMMENT '设备id',
  `device_name` varchar(500) DEFAULT NULL COMMENT '设备昵称',
  `user_id` bigint DEFAULT NULL COMMENT '部门id',
  `user_name` varchar(500) DEFAULT NULL COMMENT '部门昵称',
  `user_path` varchar(20) DEFAULT NULL COMMENT '部门权限',
  PRIMARY KEY (`id`),
  KEY `idx_user_id` (`user_id`),
  KEY `idx_station_id` (`station_id`),
  KEY `idx_device_id` (`device_id`),
  CONSTRAINT `alarm_ibfk_1` FOREIGN KEY (`user_id`) REFERENCES `sys_user` (`user_id`) ON DELETE RESTRICT ON UPDATE CASCADE,
  CONSTRAINT `alarm_ibfk_2` FOREIGN KEY (`station_id`) REFERENCES `station` (`id`) ON DELETE RESTRICT ON UPDATE CASCADE,
  CONSTRAINT `alarm_ibfk_3` FOREIGN KEY (`device_id`) REFERENCES `device` (`id`) ON DELETE RESTRICT ON UPDATE CASCADE
) ENGINE=InnoDB AUTO_INCREMENT=2 DEFAULT CHARSET=utf8mb4 COLLATE=utf8mb4_0900_ai_ci COMMENT='告警设置表';
/*!40101 SET character_set_client = @saved_cs_client */;

--
-- Dumping data for table `alarm_data`
--

LOCK TABLES `alarm_data` WRITE;
/*!40000 ALTER TABLE `alarm_data` DISABLE KEYS */;
INSERT INTO `alarm_data` VALUES (1,3,7,NULL,80,'2025-01-01 00:00:00',NULL,3,2,NULL,1,NULL,2,NULL,NULL);
/*!40000 ALTER TABLE `alarm_data` ENABLE KEYS */;
UNLOCK TABLES;

--
-- Table structure for table `alarm_info`
--

DROP TABLE IF EXISTS `alarm_info`;
/*!40101 SET @saved_cs_client     = @@character_set_client */;
/*!50503 SET character_set_client = utf8mb4 */;
CREATE TABLE `alarm_info` (
  `id` bigint NOT NULL AUTO_INCREMENT,
  `user_id` bigint DEFAULT NULL COMMENT '县级id',
  `user_name` varchar(255) CHARACTER SET utf8mb4 COLLATE utf8mb4_general_ci DEFAULT NULL COMMENT '联系人',
  `enterprise_id` bigint DEFAULT NULL COMMENT '单位id',
  `station_id` bigint DEFAULT NULL COMMENT '站点id',
  `alarm_type` int DEFAULT NULL COMMENT '报警类型(1.普通报警、2.粉尘报警)',
  `begin_time` int DEFAULT NULL COMMENT '通知提醒的时间区间(开始时间)',
  `end_time` int DEFAULT NULL COMMENT '通知提醒的时间区间(结束时间)',
  `time_space` int DEFAULT NULL COMMENT '时间间隔',
  `phone_number` varchar(45) CHARACTER SET utf8mb4 COLLATE utf8mb4_general_ci DEFAULT NULL COMMENT '手机号',
  `sms_tem` varchar(60) CHARACTER SET utf8mb4 COLLATE utf8mb4_general_ci DEFAULT NULL COMMENT '短信模板',
  `sms_message` varchar(60) CHARACTER SET utf8mb4 COLLATE utf8mb4_general_ci DEFAULT NULL COMMENT '发送内容',
  `sms_fail` varchar(60) CHARACTER SET utf8mb4 COLLATE utf8mb4_general_ci DEFAULT NULL COMMENT '失败原因',
  `dept_id` bigint DEFAULT NULL COMMENT '部门id',
  `dept_name` varchar(40) CHARACTER SET utf8mb4 COLLATE utf8mb4_general_ci DEFAULT NULL COMMENT '部门昵称',
  `dept_path` varchar(20) CHARACTER SET utf8mb4 COLLATE utf8mb4_general_ci DEFAULT NULL COMMENT '部门权限',
  `system_user_id` bigint DEFAULT NULL COMMENT '操作员',
  `info_status` int DEFAULT '1' COMMENT '信息发送状态(0.发送成功、1.发送失败)',
  `create_date` datetime DEFAULT NULL COMMENT '创建时间',
  `last_updated_date` timestamp NULL DEFAULT CURRENT_TIMESTAMP ON UPDATE CURRENT_TIMESTAMP,
  PRIMARY KEY (`id`) USING BTREE,
  KEY `user_id` (`user_id`) USING BTREE,
  KEY `enterprise_id` (`enterprise_id`) USING BTREE,
  KEY `station_id` (`station_id`) USING BTREE,
  CONSTRAINT `alarm_info_ibfk_1` FOREIGN KEY (`user_id`) REFERENCES `sys_user` (`user_id`) ON DELETE RESTRICT ON UPDATE CASCADE,
  CONSTRAINT `alarm_info_ibfk_2` FOREIGN KEY (`enterprise_id`) REFERENCES `enterprise_list` (`id`) ON DELETE RESTRICT ON UPDATE CASCADE,
  CONSTRAINT `alarm_info_ibfk_3` FOREIGN KEY (`station_id`) REFERENCES `station` (`id`) ON DELETE RESTRICT ON UPDATE CASCADE
) ENGINE=InnoDB DEFAULT CHARSET=utf8mb4 COLLATE=utf8mb4_general_ci ROW_FORMAT=DYNAMIC COMMENT='短信记录表';
/*!40101 SET character_set_client = @saved_cs_client */;

--
-- Dumping data for table `alarm_info`
--

LOCK TABLES `alarm_info` WRITE;
/*!40000 ALTER TABLE `alarm_info` DISABLE KEYS */;
/*!40000 ALTER TABLE `alarm_info` ENABLE KEYS */;
UNLOCK TABLES;

--
-- Table structure for table `alarm_remind`
--

DROP TABLE IF EXISTS `alarm_remind`;
/*!40101 SET @saved_cs_client     = @@character_set_client */;
/*!50503 SET character_set_client = utf8mb4 */;
CREATE TABLE `alarm_remind` (
  `id` bigint NOT NULL AUTO_INCREMENT,
  `alarm_type` int DEFAULT NULL COMMENT '报警类型(1.普通报警、2.粉尘报警)',
  `alarm_param_type` int DEFAULT NULL COMMENT '报警参数类型(1.PM2.5、2.pm10、3.So2、4.No2、5.Co、6.O3)',
  `guid` varchar(100) DEFAULT NULL COMMENT '国控战站点code',
  `standard_value` double DEFAULT NULL COMMENT '判断设备是否报警的阀值',
  `begin_time` int DEFAULT NULL COMMENT '通知提醒的时间区间(开始时间)',
  `end_time` int DEFAULT NULL COMMENT '通知提醒的时间区间(结束时间)',
  `time_space` int DEFAULT NULL COMMENT '时间间隔',
  `notice` varchar(60) DEFAULT NULL COMMENT '通知',
  `user_id` bigint DEFAULT NULL COMMENT '部门id',
  `dept_name` varchar(40) DEFAULT NULL COMMENT '部门昵称',
  `dept_path` varchar(20) DEFAULT NULL COMMENT '部门权限',
  `system_user_id` bigint DEFAULT NULL COMMENT '操作员',
  `status` int DEFAULT '1' COMMENT '提醒状态(0.删除、1.正常)',
  `create_date` datetime DEFAULT NULL COMMENT '创建时间',
  `last_updated_date` timestamp NULL DEFAULT CURRENT_TIMESTAMP ON UPDATE CURRENT_TIMESTAMP COMMENT '最后更新时间',
  PRIMARY KEY (`id`),
  KEY `alarm_remind_ibfk_1` (`user_id`),
  CONSTRAINT `alarm_remind_ibfk_1` FOREIGN KEY (`user_id`) REFERENCES `sys_user` (`user_id`) ON DELETE RESTRICT ON UPDATE CASCADE
) ENGINE=InnoDB DEFAULT CHARSET=utf8mb4 COLLATE=utf8mb4_0900_ai_ci COMMENT='告警设置表';
/*!40101 SET character_set_client = @saved_cs_client */;

--
-- Dumping data for table `alarm_remind`
--

LOCK TABLES `alarm_remind` WRITE;
/*!40000 ALTER TABLE `alarm_remind` DISABLE KEYS */;
/*!40000 ALTER TABLE `alarm_remind` ENABLE KEYS */;
UNLOCK TABLES;

--
-- Table structure for table `data_calibration`
--

DROP TABLE IF EXISTS `data_calibration`;
/*!40101 SET @saved_cs_client     = @@character_set_client */;
/*!50503 SET character_set_client = utf8mb4 */;
CREATE TABLE `data_calibration` (
  `id` bigint NOT NULL AUTO_INCREMENT,
  `user_id` bigint DEFAULT NULL COMMENT '县级id',
  `dept_name` varchar(20) CHARACTER SET utf8mb4 COLLATE utf8mb4_general_ci DEFAULT NULL COMMENT '部门昵称',
  `state` int DEFAULT NULL,
  `created_user` varchar(20) CHARACTER SET utf8mb4 COLLATE utf8mb4_general_ci DEFAULT NULL COMMENT '创建人',
  `created_date` datetime DEFAULT NULL COMMENT '创建时间',
  `remark` varchar(255) CHARACTER SET utf8mb4 COLLATE utf8mb4_general_ci DEFAULT NULL COMMENT '备注',
  `algorithm` varchar(255) CHARACTER SET utf8mb4 COLLATE utf8mb4_general_ci NOT NULL COMMENT '算法',
  `parameter` varchar(255) CHARACTER SET utf8mb4 COLLATE utf8mb4_general_ci NOT NULL COMMENT '参数',
  `p_value` varchar(255) CHARACTER SET utf8mb4 COLLATE utf8mb4_general_ci DEFAULT NULL COMMENT '参数数值',
  `device_id` bigint DEFAULT NULL COMMENT '设备id',
  PRIMARY KEY (`id`) USING BTREE,
  KEY `idx_user_id` (`user_id`),
  KEY `idx_device_id` (`device_id`),
  CONSTRAINT `data_calibration_ibfk_1` FOREIGN KEY (`user_id`) REFERENCES `sys_user` (`user_id`) ON DELETE RESTRICT ON UPDATE CASCADE,
  CONSTRAINT `data_calibration_ibfk_2` FOREIGN KEY (`device_id`) REFERENCES `device` (`id`) ON DELETE RESTRICT ON UPDATE CASCADE
) ENGINE=InnoDB AUTO_INCREMENT=2 DEFAULT CHARSET=utf8mb4 COLLATE=utf8mb4_general_ci ROW_FORMAT=DYNAMIC COMMENT='数据校准表';
/*!40101 SET character_set_client = @saved_cs_client */;

--
-- Dumping data for table `data_calibration`
--

LOCK TABLES `data_calibration` WRITE;
/*!40000 ALTER TABLE `data_calibration` DISABLE KEYS */;
INSERT INTO `data_calibration` VALUES (1,2,NULL,NULL,NULL,'2025-01-08 00:00:00',NULL,'数值对比算法','123','123',2);
/*!40000 ALTER TABLE `data_calibration` ENABLE KEYS */;
UNLOCK TABLES;

--
-- Table structure for table `data_query212`
--

DROP TABLE IF EXISTS `data_query212`;
/*!40101 SET @saved_cs_client     = @@character_set_client */;
/*!50503 SET character_set_client = utf8mb4 */;
CREATE TABLE `data_query212` (
  `id` bigint NOT NULL AUTO_INCREMENT COMMENT '主键id',
  `device_id` bigint DEFAULT NULL COMMENT '设备id',
  `date` datetime DEFAULT NULL COMMENT '日期',
  `aqi` double DEFAULT NULL COMMENT '空气质量指数',
  `temperature` double DEFAULT NULL COMMENT '温度',
  `wind_speed` double DEFAULT NULL COMMENT '风速',
  `wind_direction` varchar(100) COLLATE utf8mb4_general_ci DEFAULT NULL COMMENT '风向',
  `humidity` double DEFAULT NULL COMMENT '湿度',
  `pressure` double DEFAULT NULL COMMENT '压力',
  `noise` double DEFAULT NULL COMMENT '噪音',
  `pm` int DEFAULT NULL COMMENT 'pm2.5浓度',
  `pm10` int DEFAULT NULL COMMENT 'pm10浓度',
  `so2_thickness` double DEFAULT NULL COMMENT 'so2浓度',
  `no2_thickness` double DEFAULT NULL COMMENT 'no2浓度',
  `co_thickness` double DEFAULT NULL COMMENT 'co浓度',
  `co3_thickness` double DEFAULT NULL COMMENT 'o3 浓度',
  `vosc_thickness` int DEFAULT NULL COMMENT 'vocs浓度',
  `pm0_3_above` double DEFAULT NULL COMMENT '粉尘pm0.3颗粒以上',
  `pm0_5_above` double DEFAULT NULL COMMENT '粉尘pm0.5颗粒以上',
  `pm1` double DEFAULT NULL COMMENT '粉尘pm1.0颗粒数',
  `pm_25` double DEFAULT NULL COMMENT '粉尘pm2.5颗粒数',
  `pm_10` double DEFAULT NULL COMMENT '粉尘pm10颗粒数',
  `pm1_above` double DEFAULT NULL COMMENT '粉尘pm1.0颗粒以上',
  `pm25_above` double DEFAULT NULL COMMENT '粉尘pm2.5颗粒以上',
  `pm5_above` double DEFAULT NULL COMMENT '粉尘pm5颗粒以上',
  `pm10_above` double DEFAULT NULL COMMENT '粉尘pm10颗粒以上',
  `begin_time` int DEFAULT NULL COMMENT '开始时间',
  `end_time` int DEFAULT NULL COMMENT '结束时间',
  `longitude` double DEFAULT NULL COMMENT '经度',
  `latitude` double DEFAULT NULL COMMENT '纬度',
  `tsp` double DEFAULT NULL COMMENT 'pm100浓度',
  `primaryPollutant` varchar(100) CHARACTER SET utf8mb3 COLLATE utf8mb3_bin DEFAULT NULL COMMENT '首要污染物(多个污染物使用逗号隔开)',
  `station_id` bigint DEFAULT NULL COMMENT '站点_id',
  `sn` varchar(30) CHARACTER SET utf8mb3 COLLATE utf8mb3_bin DEFAULT NULL COMMENT '设备型号',
  PRIMARY KEY (`id`) USING BTREE,
  KEY `device_id` (`device_id`) USING BTREE,
  KEY `station_id` (`station_id`) USING BTREE,
  CONSTRAINT `data_query212_ibfk_1` FOREIGN KEY (`device_id`) REFERENCES `device` (`id`) ON DELETE RESTRICT ON UPDATE RESTRICT,
  CONSTRAINT `data_query212_ibfk_2` FOREIGN KEY (`station_id`) REFERENCES `station` (`id`) ON DELETE RESTRICT ON UPDATE CASCADE
) ENGINE=InnoDB AUTO_INCREMENT=2 DEFAULT CHARSET=utf8mb4 COLLATE=utf8mb4_general_ci ROW_FORMAT=DYNAMIC COMMENT='大气数据查询';
/*!40101 SET character_set_client = @saved_cs_client */;

--
-- Dumping data for table `data_query212`
--

LOCK TABLES `data_query212` WRITE;
/*!40000 ALTER TABLE `data_query212` DISABLE KEYS */;
INSERT INTO `data_query212` VALUES (1,2,NULL,1,1,1,'1',1,1,1,1,1,1,1,1,1,1,NULL,NULL,NULL,NULL,1,NULL,NULL,NULL,NULL,NULL,NULL,NULL,NULL,NULL,NULL,NULL,NULL);
/*!40000 ALTER TABLE `data_query212` ENABLE KEYS */;
UNLOCK TABLES;

--
-- Table structure for table `data_query_check`
--

DROP TABLE IF EXISTS `data_query_check`;
/*!40101 SET @saved_cs_client     = @@character_set_client */;
/*!50503 SET character_set_client = utf8mb4 */;
CREATE TABLE `data_query_check` (
  `id` bigint NOT NULL AUTO_INCREMENT COMMENT '主键id',
  `device_id` bigint DEFAULT NULL COMMENT '设备id',
  `device_name` varchar(100) CHARACTER SET utf8mb3 COLLATE utf8mb3_bin NOT NULL COMMENT '设备名称',
  `date` datetime DEFAULT NULL COMMENT '日期',
  `aqi` double DEFAULT NULL COMMENT '空气质量指数',
  `temperature` double DEFAULT NULL COMMENT '温度',
  `wind_speed` double DEFAULT NULL COMMENT '风速',
  `wind_direction` double DEFAULT NULL COMMENT '风向',
  `humidity` double DEFAULT NULL COMMENT '湿度',
  `pressure` double DEFAULT NULL COMMENT '压力',
  `noise` double DEFAULT NULL COMMENT '噪音',
  `pm` int DEFAULT NULL COMMENT 'pm2.5浓度',
  `pm10` int DEFAULT NULL COMMENT 'pm10浓度',
  `so2_thickness` double DEFAULT NULL COMMENT 'so2浓度',
  `no2_thickness` double DEFAULT NULL COMMENT 'no2浓度',
  `co_thickness` double DEFAULT NULL COMMENT 'co浓度',
  `co3_thickness` double DEFAULT NULL COMMENT 'o3 浓度',
  `vosc_thickness` int DEFAULT NULL COMMENT 'vocs浓度',
  `pm0_3_above` double DEFAULT NULL COMMENT '粉尘pm0.3颗粒以上',
  `pm0_5_above` double DEFAULT NULL COMMENT '粉尘pm0.5颗粒以上',
  `pm1` double DEFAULT NULL COMMENT '粉尘pm1.0颗粒数',
  `pm_25` double DEFAULT NULL COMMENT '粉尘pm2.5颗粒数',
  `pm_10` double DEFAULT NULL COMMENT '粉尘pm10颗粒数',
  `pm1_above` double DEFAULT NULL COMMENT '粉尘pm1.0颗粒以上',
  `pm25_above` double DEFAULT NULL COMMENT '粉尘pm2.5颗粒以上',
  `pm5_above` double DEFAULT NULL COMMENT '粉尘pm5颗粒以上',
  `pm10_above` double DEFAULT NULL COMMENT '粉尘pm10颗粒以上',
  `begin_time` int DEFAULT NULL COMMENT '开始时间',
  `end_time` int DEFAULT NULL COMMENT '结束时间',
  `longitude` double DEFAULT NULL COMMENT '经度',
  `latitude` double DEFAULT NULL COMMENT '纬度',
  `tsp` double DEFAULT NULL COMMENT 'pm100浓度',
  `primaryPollutant` varchar(100) CHARACTER SET utf8mb3 COLLATE utf8mb3_bin DEFAULT NULL COMMENT '首要污染物(多个污染物使用逗号隔开)',
  `station_id` bigint DEFAULT NULL COMMENT '站点_id',
  `sn` varchar(30) CHARACTER SET utf8mb3 COLLATE utf8mb3_bin DEFAULT NULL COMMENT '设备型号',
  PRIMARY KEY (`id`) USING BTREE,
  KEY `device_id` (`device_id`) USING BTREE,
  KEY `station_id` (`station_id`) USING BTREE,
  CONSTRAINT `data_query_check_ibfk_1` FOREIGN KEY (`device_id`) REFERENCES `device` (`id`) ON DELETE RESTRICT ON UPDATE RESTRICT,
  CONSTRAINT `data_query_check_ibfk_2` FOREIGN KEY (`station_id`) REFERENCES `station` (`id`) ON DELETE RESTRICT ON UPDATE CASCADE
) ENGINE=InnoDB AUTO_INCREMENT=2 DEFAULT CHARSET=utf8mb4 COLLATE=utf8mb4_general_ci ROW_FORMAT=DYNAMIC COMMENT='手动矫正查询';
/*!40101 SET character_set_client = @saved_cs_client */;

--
-- Dumping data for table `data_query_check`
--

LOCK TABLES `data_query_check` WRITE;
/*!40000 ALTER TABLE `data_query_check` DISABLE KEYS */;
INSERT INTO `data_query_check` VALUES (1,2,'合盈数据(怀来)科技产业园项目（四期第一阶段项目）','2024-12-31 00:00:00',20,NULL,NULL,NULL,NULL,NULL,NULL,12,12,32,25,4,50,45,NULL,NULL,NULL,NULL,12,NULL,NULL,NULL,NULL,NULL,NULL,115,20,NULL,NULL,2,NULL);
/*!40000 ALTER TABLE `data_query_check` ENABLE KEYS */;
UNLOCK TABLES;

--
-- Table structure for table `data_query_country`
--

DROP TABLE IF EXISTS `data_query_country`;
/*!40101 SET @saved_cs_client     = @@character_set_client */;
/*!50503 SET character_set_client = utf8mb4 */;
CREATE TABLE `data_query_country` (
  `id` bigint NOT NULL AUTO_INCREMENT COMMENT '主键id',
  `station_id` bigint DEFAULT NULL COMMENT '站点id',
  `station_name` varchar(100) CHARACTER SET utf8mb3 COLLATE utf8mb3_bin NOT NULL COMMENT '站点名称',
  `date` datetime DEFAULT NULL COMMENT '日期',
  `aqi` double DEFAULT NULL COMMENT '空气质量指数',
  `temperature` double DEFAULT NULL COMMENT '温度',
  `wind_speed` double DEFAULT NULL COMMENT '风速',
  `wind_direction` double DEFAULT NULL COMMENT '风向',
  `humidity` double DEFAULT NULL COMMENT '湿度',
  `pressure` double DEFAULT NULL COMMENT '压力',
  `noise` double DEFAULT NULL COMMENT '噪音',
  `pm` int DEFAULT NULL COMMENT 'pm2.5浓度',
  `pm10` int DEFAULT NULL COMMENT 'pm10浓度',
  `so2_thickness` double DEFAULT NULL COMMENT 'so2浓度',
  `no2_thickness` double DEFAULT NULL COMMENT 'no2浓度',
  `co_thickness` double DEFAULT NULL COMMENT 'co浓度',
  `co3_thickness` double DEFAULT NULL COMMENT 'o3 浓度',
  `vosc_thickness` int DEFAULT NULL COMMENT 'vocs浓度',
  `pm0_3_above` double DEFAULT NULL COMMENT '粉尘pm0.3颗粒以上',
  `pm0_5_above` double DEFAULT NULL COMMENT '粉尘pm0.5颗粒以上',
  `pm1` double DEFAULT NULL COMMENT '粉尘pm1.0颗粒数',
  `pm_25` double DEFAULT NULL COMMENT '粉尘pm2.5颗粒数',
  `pm_10` double DEFAULT NULL COMMENT '粉尘pm10颗粒数',
  `pm1_above` double DEFAULT NULL COMMENT '粉尘pm1.0颗粒以上',
  `pm25_above` double DEFAULT NULL COMMENT '粉尘pm2.5颗粒以上',
  `pm5_above` double DEFAULT NULL COMMENT '粉尘pm5颗粒以上',
  `pm10_above` double DEFAULT NULL COMMENT '粉尘pm10颗粒以上',
  `longitude` double DEFAULT NULL COMMENT '经度',
  `latitude` double DEFAULT NULL COMMENT '纬度',
  `tsp` double DEFAULT NULL COMMENT 'pm100浓度',
  `primaryPollutant` varchar(100) CHARACTER SET utf8mb3 COLLATE utf8mb3_bin DEFAULT NULL COMMENT '首要污染物',
  `device_id` bigint DEFAULT NULL COMMENT '设备_id',
  `sn` varchar(30) CHARACTER SET utf8mb3 COLLATE utf8mb3_bin DEFAULT NULL COMMENT '设备型号',
  PRIMARY KEY (`id`) USING BTREE,
  KEY `device_id` (`device_id`) USING BTREE,
  KEY `station_id` (`station_id`) USING BTREE,
  CONSTRAINT `data_query_station_ibfk_1` FOREIGN KEY (`device_id`) REFERENCES `device` (`id`) ON DELETE RESTRICT ON UPDATE RESTRICT,
  CONSTRAINT `data_query_station_ibfk_2` FOREIGN KEY (`station_id`) REFERENCES `station` (`id`) ON DELETE RESTRICT ON UPDATE CASCADE
) ENGINE=InnoDB AUTO_INCREMENT=2 DEFAULT CHARSET=utf8mb4 COLLATE=utf8mb4_general_ci ROW_FORMAT=DYNAMIC COMMENT='国库数据查询';
/*!40101 SET character_set_client = @saved_cs_client */;

--
-- Dumping data for table `data_query_country`
--

LOCK TABLES `data_query_country` WRITE;
/*!40000 ALTER TABLE `data_query_country` DISABLE KEYS */;
INSERT INTO `data_query_country` VALUES (1,2,'合盈数据(怀来)科技产业园项目（四期第一阶段项目）','2025-01-01 00:00:00',211,NULL,NULL,NULL,NULL,NULL,NULL,55,12,155,23,50,60,45,NULL,NULL,NULL,NULL,12,NULL,NULL,NULL,NULL,15,151,NULL,NULL,2,NULL);
/*!40000 ALTER TABLE `data_query_country` ENABLE KEYS */;
UNLOCK TABLES;

--
-- Table structure for table `device`
--

DROP TABLE IF EXISTS `device`;
/*!40101 SET @saved_cs_client     = @@character_set_client */;
/*!50503 SET character_set_client = utf8mb4 */;
CREATE TABLE `device` (
  `id` bigint NOT NULL AUTO_INCREMENT,
  `name` varchar(200) CHARACTER SET utf8mb4 COLLATE utf8mb4_general_ci DEFAULT NULL COMMENT '设备名称(测站名称)',
  `sn` varchar(50) CHARACTER SET utf8mb4 COLLATE utf8mb4_general_ci DEFAULT NULL COMMENT '设备号',
  `longitude` double DEFAULT NULL COMMENT '经度',
  `latitude` double DEFAULT NULL COMMENT '纬度',
  `created_time` datetime NOT NULL COMMENT '创建时间',
  `last_updated_time` timestamp NOT NULL DEFAULT CURRENT_TIMESTAMP ON UPDATE CURRENT_TIMESTAMP COMMENT '最后修改时间',
  `status` int DEFAULT NULL COMMENT '状态(1：正常，2：中断，3：竣工)',
  `org_id` bigint DEFAULT NULL COMMENT '机构ID',
  `build_status` int DEFAULT NULL COMMENT '工地状态(1：施工，2：停工，3：竣工)',
  `province` int DEFAULT NULL COMMENT '省',
  `province_cn` varchar(50) CHARACTER SET utf8mb4 COLLATE utf8mb4_general_ci DEFAULT NULL COMMENT '省昵称',
  `city` int DEFAULT NULL COMMENT '市',
  `city_cn` varchar(50) CHARACTER SET utf8mb4 COLLATE utf8mb4_general_ci DEFAULT NULL COMMENT '市昵称',
  `county` int DEFAULT NULL COMMENT '区/县',
  `county_cn` varchar(50) CHARACTER SET utf8mb4 COLLATE utf8mb4_general_ci DEFAULT NULL COMMENT '区/县昵称',
  `town` int DEFAULT NULL COMMENT '乡/镇',
  `town_cn` varchar(50) CHARACTER SET utf8mb4 COLLATE utf8mb4_general_ci DEFAULT NULL COMMENT '乡/镇昵称',
  `remark` text CHARACTER SET utf8mb4 COLLATE utf8mb4_general_ci COMMENT '备注',
  `phone_number` varchar(45) CHARACTER SET utf8mb4 COLLATE utf8mb4_general_ci DEFAULT NULL COMMENT 'SIM卡号',
  `manufacturer` varchar(255) CHARACTER SET utf8mb4 COLLATE utf8mb4_general_ci DEFAULT NULL COMMENT '制造商',
  `department_id` bigint DEFAULT NULL,
  `system_user_id` bigint DEFAULT NULL COMMENT '操作员',
  `fromResource` tinyint DEFAULT NULL,
  `type` int DEFAULT NULL COMMENT '设备类型(1：空气检测设备，2：水质检测设备)',
  `ip` varchar(60) CHARACTER SET utf8mb4 COLLATE utf8mb4_general_ci DEFAULT NULL,
  `port` varchar(10) CHARACTER SET utf8mb4 COLLATE utf8mb4_general_ci DEFAULT NULL,
  `user_name` varchar(60) CHARACTER SET utf8mb4 COLLATE utf8mb4_general_ci DEFAULT NULL,
  `password` varchar(60) CHARACTER SET utf8mb4 COLLATE utf8mb4_general_ci DEFAULT NULL,
  `is_standard` int DEFAULT '0' COMMENT '是否是标准站0.不是、1.是、',
  `guid` varchar(100) CHARACTER SET utf8mb4 COLLATE utf8mb4_general_ci DEFAULT NULL COMMENT '国控战站点code',
  `station_id` bigint DEFAULT NULL COMMENT '站点id',
  `addr` varchar(255) CHARACTER SET utf8mb4 COLLATE utf8mb4_general_ci DEFAULT NULL,
  `user_id` bigint DEFAULT NULL COMMENT '县级id',
  PRIMARY KEY (`id`) USING BTREE,
  KEY `station_id` (`station_id`) USING BTREE,
  KEY `user_id` (`user_id`) USING BTREE,
  CONSTRAINT `fk_device_station` FOREIGN KEY (`station_id`) REFERENCES `station` (`id`) ON DELETE RESTRICT ON UPDATE CASCADE
) ENGINE=InnoDB AUTO_INCREMENT=3 DEFAULT CHARSET=utf8mb4 COLLATE=utf8mb4_general_ci ROW_FORMAT=DYNAMIC COMMENT='设备';
/*!40101 SET character_set_client = @saved_cs_client */;

--
-- Dumping data for table `device`
--

LOCK TABLES `device` WRITE;
/*!40000 ALTER TABLE `device` DISABLE KEYS */;
INSERT INTO `device` VALUES (1,'合盈数据(怀来)科技产业园项目（四期第一阶段项目）','bh210605G',115,40,'2025-01-08 00:00:00','2025-01-07 11:31:38',1,NULL,1,NULL,'河北省',NULL,'张家口市',NULL,'怀来县',NULL,'东花园镇',NULL,'8986062129001215358E','河北百斛环保科技有限公司',NULL,NULL,0,1,NULL,NULL,NULL,NULL,1,NULL,1,NULL,NULL),(2,'怀来县农产品仓储保鲜冷链设施项目（1#分拣车间、2#分拣车间、3#冷库、4.、5、','bh232038',115,40,'2025-01-08 00:00:00','2025-01-07 11:32:33',1,NULL,1,NULL,'河北省',NULL,'张家口市',NULL,'怀来县',NULL,'狼山乡',NULL,'8986 0624 6500 7641 242N','河北百斛环保科技有限公司',NULL,NULL,0,2,NULL,NULL,NULL,NULL,1,NULL,1,NULL,NULL);
/*!40000 ALTER TABLE `device` ENABLE KEYS */;
UNLOCK TABLES;

--
-- Table structure for table `enterprise_list`
--

DROP TABLE IF EXISTS `enterprise_list`;
/*!40101 SET @saved_cs_client     = @@character_set_client */;
/*!50503 SET character_set_client = utf8mb4 */;
CREATE TABLE `enterprise_list` (
  `id` bigint NOT NULL AUTO_INCREMENT,
  `name` varchar(60) CHARACTER SET utf8mb3 COLLATE utf8mb3_general_ci NOT NULL COMMENT '单位昵称',
  `pollute_unit_category` varchar(100) CHARACTER SET utf8mb3 COLLATE utf8mb3_general_ci DEFAULT NULL COMMENT '重点排污单位类别',
  `pollute_category` int DEFAULT NULL COMMENT '污染类别:1废烟、2废气、3废水、4废渣、5噪音、6脏水、7垃圾、8电磁辐射、9二氧化碳、10二氧化硫、11氮氧化物、12粒子状污染物、13酸雨、14化学物质',
  `monitor_category` int DEFAULT NULL COMMENT '监控类别:1国控、2省控、3市控、4县控',
  `addr` varchar(150) CHARACTER SET utf8mb3 COLLATE utf8mb3_general_ci NOT NULL COMMENT '单位地址',
  `phone` varchar(40) CHARACTER SET utf8mb3 COLLATE utf8mb3_general_ci NOT NULL COMMENT '单位电话',
  `remark` varchar(225) CHARACTER SET utf8mb3 COLLATE utf8mb3_general_ci DEFAULT NULL COMMENT '备注',
  `province` int DEFAULT NULL COMMENT '省',
  `city` int DEFAULT NULL COMMENT '市',
  `county` int DEFAULT NULL COMMENT '区县',
  `create_time` datetime NOT NULL COMMENT '创建时间',
  `last_updated_time` datetime NOT NULL COMMENT '修改时间',
  `department_id` bigint DEFAULT NULL COMMENT '部门id',
  `create_user` varchar(20) CHARACTER SET utf8mb3 COLLATE utf8mb3_general_ci DEFAULT NULL COMMENT '创建人',
  `system_user_id` bigint DEFAULT NULL COMMENT '操作员id',
  `status` int DEFAULT NULL COMMENT '状态1正常2删除',
  `station_id` bigint NOT NULL COMMENT '站点编号',
  `polluteGoods` varchar(250) CHARACTER SET utf8mb3 COLLATE utf8mb3_general_ci NOT NULL COMMENT '诱发事故物质',
  `heatSource` varchar(250) CHARACTER SET utf8mb3 COLLATE utf8mb3_general_ci NOT NULL COMMENT '热源',
  `polluteWater` varchar(250) CHARACTER SET utf8mb3 COLLATE utf8mb3_general_ci NOT NULL COMMENT '水污染',
  `polluteAir` varchar(250) CHARACTER SET utf8mb3 COLLATE utf8mb3_general_ci NOT NULL COMMENT '空气污染',
  `polluteSolid` varchar(250) CHARACTER SET utf8mb3 COLLATE utf8mb3_general_ci NOT NULL COMMENT '固废',
  PRIMARY KEY (`id`) USING BTREE,
  KEY `fk_enterprise_list_station` (`station_id`),
  CONSTRAINT `fk_enterprise_list_station` FOREIGN KEY (`station_id`) REFERENCES `station` (`id`) ON DELETE RESTRICT ON UPDATE CASCADE
) ENGINE=InnoDB AUTO_INCREMENT=4 DEFAULT CHARSET=utf8mb3 ROW_FORMAT=DYNAMIC COMMENT='单位名录';
/*!40101 SET character_set_client = @saved_cs_client */;

--
-- Dumping data for table `enterprise_list`
--

LOCK TABLES `enterprise_list` WRITE;
/*!40000 ALTER TABLE `enterprise_list` DISABLE KEYS */;
INSERT INTO `enterprise_list` VALUES (3,'抚顺罕王直接还原铁有限公司拉古分公司7',NULL,NULL,1,'辽宁省抚顺经济开发区拉古经济区拉古村6','024-56206688',NULL,NULL,NULL,NULL,'2025-01-07 19:40:18','2025-01-01 00:00:00',NULL,NULL,1,NULL,2,'汽油、柴油','汽油、柴油','废水','Co2','废渣');
/*!40000 ALTER TABLE `enterprise_list` ENABLE KEYS */;
UNLOCK TABLES;

--
-- Table structure for table `gen_table`
--

DROP TABLE IF EXISTS `gen_table`;
/*!40101 SET @saved_cs_client     = @@character_set_client */;
/*!50503 SET character_set_client = utf8mb4 */;
CREATE TABLE `gen_table` (
  `table_id` bigint NOT NULL AUTO_INCREMENT COMMENT '编号',
  `table_name` varchar(200) CHARACTER SET utf8mb4 COLLATE utf8mb4_0900_ai_ci DEFAULT '' COMMENT '表名称',
  `table_comment` varchar(500) CHARACTER SET utf8mb4 COLLATE utf8mb4_0900_ai_ci DEFAULT '' COMMENT '表描述',
  `sub_table_name` varchar(64) CHARACTER SET utf8mb4 COLLATE utf8mb4_0900_ai_ci DEFAULT NULL COMMENT '关联子表的表名',
  `sub_table_fk_name` varchar(64) CHARACTER SET utf8mb4 COLLATE utf8mb4_0900_ai_ci DEFAULT NULL COMMENT '子表关联的外键名',
  `class_name` varchar(100) CHARACTER SET utf8mb4 COLLATE utf8mb4_0900_ai_ci DEFAULT '' COMMENT '实体类名称',
  `tpl_category` varchar(200) CHARACTER SET utf8mb4 COLLATE utf8mb4_0900_ai_ci DEFAULT 'crud' COMMENT '使用的模板（crud单表操作 tree树表操作）',
  `tpl_web_type` varchar(30) CHARACTER SET utf8mb4 COLLATE utf8mb4_0900_ai_ci DEFAULT '' COMMENT '前端模板类型（element-ui模版 element-plus模版）',
  `package_name` varchar(100) CHARACTER SET utf8mb4 COLLATE utf8mb4_0900_ai_ci DEFAULT NULL COMMENT '生成包路径',
  `module_name` varchar(30) CHARACTER SET utf8mb4 COLLATE utf8mb4_0900_ai_ci DEFAULT NULL COMMENT '生成模块名',
  `business_name` varchar(30) CHARACTER SET utf8mb4 COLLATE utf8mb4_0900_ai_ci DEFAULT NULL COMMENT '生成业务名',
  `function_name` varchar(50) CHARACTER SET utf8mb4 COLLATE utf8mb4_0900_ai_ci DEFAULT NULL COMMENT '生成功能名',
  `function_author` varchar(50) CHARACTER SET utf8mb4 COLLATE utf8mb4_0900_ai_ci DEFAULT NULL COMMENT '生成功能作者',
  `gen_type` char(1) CHARACTER SET utf8mb4 COLLATE utf8mb4_0900_ai_ci DEFAULT '0' COMMENT '生成代码方式（0zip压缩包 1自定义路径）',
  `gen_path` varchar(200) CHARACTER SET utf8mb4 COLLATE utf8mb4_0900_ai_ci DEFAULT '/' COMMENT '生成路径（不填默认项目路径）',
  `options` varchar(1000) CHARACTER SET utf8mb4 COLLATE utf8mb4_0900_ai_ci DEFAULT NULL COMMENT '其它生成选项',
  `create_by` varchar(64) CHARACTER SET utf8mb4 COLLATE utf8mb4_0900_ai_ci DEFAULT '' COMMENT '创建者',
  `create_time` datetime DEFAULT NULL COMMENT '创建时间',
  `update_by` varchar(64) CHARACTER SET utf8mb4 COLLATE utf8mb4_0900_ai_ci DEFAULT '' COMMENT '更新者',
  `update_time` datetime DEFAULT NULL COMMENT '更新时间',
  `remark` varchar(500) CHARACTER SET utf8mb4 COLLATE utf8mb4_0900_ai_ci DEFAULT NULL COMMENT '备注',
  PRIMARY KEY (`table_id`) USING BTREE
) ENGINE=InnoDB AUTO_INCREMENT=37 DEFAULT CHARSET=utf8mb4 COLLATE=utf8mb4_0900_ai_ci ROW_FORMAT=DYNAMIC COMMENT='代码生成业务表';
/*!40101 SET character_set_client = @saved_cs_client */;

--
-- Dumping data for table `gen_table`
--

LOCK TABLES `gen_table` WRITE;
/*!40000 ALTER TABLE `gen_table` DISABLE KEYS */;
INSERT INTO `gen_table` VALUES (2,'sys_config','参数配置表',NULL,NULL,'SysConfig','crud','element-ui','com.ruoyi.system','runda','config','参数配置','ruoyi','0','/','{\"parentMenuId\":2000}','admin','2024-12-29 16:05:33','','2024-12-29 16:05:59',NULL),(21,'alarm_data','告警日志',NULL,NULL,'AlarmData','crud','element-ui','com.ruoyi.runda','runda','data','告警日志','runda','0','/','{\"parentMenuId\":2010}','admin','2025-01-07 11:21:56','','2025-01-07 15:46:04',NULL),(22,'alarm_remind','告警设置',NULL,NULL,'AlarmRemind','crud','element-ui','com.ruoyi.runda','runda','remind','告警设置','runda','0','/','{\"parentMenuId\":2010}','admin','2025-01-07 11:27:45','','2025-01-07 16:21:26',NULL),(23,'alarm_info','短信记录',NULL,NULL,'AlarmInfo','crud','element-ui','com.ruoyi.runda','runda','info','短信记录','runda','0','/','{\"parentMenuId\":2010}','admin','2025-01-07 11:31:57','','2025-01-07 16:20:49',NULL),(25,'data_calibration','数据校准管理',NULL,NULL,'DataCalibration','crud','element-ui','com.ruoyi.runda','runda','calibration','数据校准管理','runda','0','/','{\"parentMenuId\":2008}','admin','2025-01-07 11:44:29','','2025-01-07 11:46:19',NULL),(26,'interface_log','接口日志',NULL,NULL,'InterfaceLog','crud','element-ui','com.ruoyi.runda','runda','log','接口日志','runda','0','/','{\"parentMenuId\":2008}','admin','2025-01-07 11:55:43','','2025-01-07 15:49:00',NULL),(27,'project','项目管理',NULL,NULL,'Project','crud','element-ui','com.ruoyi.runda','runda','project','项目管理','runda','0','/','{\"parentMenuId\":2008}','admin','2025-01-07 12:01:45','','2025-01-07 12:03:20',NULL),(28,'enterprise_list','单位名录',NULL,NULL,'EnterpriseList','crud','element-ui','com.ruoyi.runda','runda','list','单位名录','runda','0','/','{}','admin','2025-01-07 12:16:36','','2025-01-07 12:23:56',NULL),(29,'device','监测设备管理',NULL,NULL,'Device','crud','element-ui','com.ruoyi.runda','runda','device','监测设备管理设备','runda','0','/','{\"parentMenuId\":2000}','admin','2025-01-07 12:32:38','','2025-01-07 16:27:22',NULL),(30,'station','监测站点管理',NULL,NULL,'Station','crud','element-ui','com.ruoyi.runda','runda','station','监测站点管理','runda','0','/','{\"parentMenuId\":2000}','admin','2025-01-07 13:35:44','','2025-01-07 16:23:40',NULL),(33,'data_query_check','手动矫正',NULL,NULL,'DataQueryCheck','crud','element-ui','com.ruoyi.runda','runda','check','手动矫正','runda','0','/','{\"parentMenuId\":2007}','admin','2025-01-07 14:15:44','','2025-01-07 15:04:15',NULL),(34,'data_query_country','国控数据查询',NULL,NULL,'DataQueryCountry','crud','element-ui','com.ruoyi.runda','runda','country','国控数据查询','runda','0','/','{\"parentMenuId\":2000}','admin','2025-01-07 14:21:03','','2025-01-07 14:25:50',NULL),(36,'data_query212','大气数据查询212',NULL,NULL,'DataQuery212','crud','element-ui','com.ruoyi.runda','runda','query212','大气数据查询212','runda','0','/','{\"parentMenuId\":2000}','admin','2025-01-07 14:31:34','','2025-01-07 20:04:14',NULL);
/*!40000 ALTER TABLE `gen_table` ENABLE KEYS */;
UNLOCK TABLES;

--
-- Table structure for table `gen_table_column`
--

DROP TABLE IF EXISTS `gen_table_column`;
/*!40101 SET @saved_cs_client     = @@character_set_client */;
/*!50503 SET character_set_client = utf8mb4 */;
CREATE TABLE `gen_table_column` (
  `column_id` bigint NOT NULL AUTO_INCREMENT COMMENT '编号',
  `table_id` bigint DEFAULT NULL COMMENT '归属表编号',
  `column_name` varchar(200) CHARACTER SET utf8mb4 COLLATE utf8mb4_0900_ai_ci DEFAULT NULL COMMENT '列名称',
  `column_comment` varchar(500) CHARACTER SET utf8mb4 COLLATE utf8mb4_0900_ai_ci DEFAULT NULL COMMENT '列描述',
  `column_type` varchar(100) CHARACTER SET utf8mb4 COLLATE utf8mb4_0900_ai_ci DEFAULT NULL COMMENT '列类型',
  `java_type` varchar(500) CHARACTER SET utf8mb4 COLLATE utf8mb4_0900_ai_ci DEFAULT NULL COMMENT 'JAVA类型',
  `java_field` varchar(200) CHARACTER SET utf8mb4 COLLATE utf8mb4_0900_ai_ci DEFAULT NULL COMMENT 'JAVA字段名',
  `is_pk` char(1) CHARACTER SET utf8mb4 COLLATE utf8mb4_0900_ai_ci DEFAULT NULL COMMENT '是否主键（1是）',
  `is_increment` char(1) CHARACTER SET utf8mb4 COLLATE utf8mb4_0900_ai_ci DEFAULT NULL COMMENT '是否自增（1是）',
  `is_required` char(1) CHARACTER SET utf8mb4 COLLATE utf8mb4_0900_ai_ci DEFAULT NULL COMMENT '是否必填（1是）',
  `is_insert` char(1) CHARACTER SET utf8mb4 COLLATE utf8mb4_0900_ai_ci DEFAULT NULL COMMENT '是否为插入字段（1是）',
  `is_edit` char(1) CHARACTER SET utf8mb4 COLLATE utf8mb4_0900_ai_ci DEFAULT NULL COMMENT '是否编辑字段（1是）',
  `is_list` char(1) CHARACTER SET utf8mb4 COLLATE utf8mb4_0900_ai_ci DEFAULT NULL COMMENT '是否列表字段（1是）',
  `is_query` char(1) CHARACTER SET utf8mb4 COLLATE utf8mb4_0900_ai_ci DEFAULT NULL COMMENT '是否查询字段（1是）',
  `query_type` varchar(200) CHARACTER SET utf8mb4 COLLATE utf8mb4_0900_ai_ci DEFAULT 'EQ' COMMENT '查询方式（等于、不等于、大于、小于、范围）',
  `html_type` varchar(200) CHARACTER SET utf8mb4 COLLATE utf8mb4_0900_ai_ci DEFAULT NULL COMMENT '显示类型（文本框、文本域、下拉框、复选框、单选框、日期控件）',
  `dict_type` varchar(200) CHARACTER SET utf8mb4 COLLATE utf8mb4_0900_ai_ci DEFAULT '' COMMENT '字典类型',
  `sort` int DEFAULT NULL COMMENT '排序',
  `create_by` varchar(64) CHARACTER SET utf8mb4 COLLATE utf8mb4_0900_ai_ci DEFAULT '' COMMENT '创建者',
  `create_time` datetime DEFAULT NULL COMMENT '创建时间',
  `update_by` varchar(64) CHARACTER SET utf8mb4 COLLATE utf8mb4_0900_ai_ci DEFAULT '' COMMENT '更新者',
  `update_time` datetime DEFAULT NULL COMMENT '更新时间',
  PRIMARY KEY (`column_id`) USING BTREE
) ENGINE=InnoDB AUTO_INCREMENT=853 DEFAULT CHARSET=utf8mb4 COLLATE=utf8mb4_0900_ai_ci ROW_FORMAT=DYNAMIC COMMENT='代码生成业务表字段';
/*!40101 SET character_set_client = @saved_cs_client */;

--
-- Dumping data for table `gen_table_column`
--

LOCK TABLES `gen_table_column` WRITE;
/*!40000 ALTER TABLE `gen_table_column` DISABLE KEYS */;
INSERT INTO `gen_table_column` VALUES (34,2,'config_id','参数主键','int','Long','configId','1','1','0','1',NULL,NULL,NULL,'EQ','input','',1,'admin','2024-12-29 16:05:33','','2024-12-29 16:05:59'),(35,2,'config_name','参数名称','varchar(100)','String','configName','0','0','0','1','1','1','1','LIKE','input','',2,'admin','2024-12-29 16:05:33','','2024-12-29 16:05:59'),(36,2,'config_key','参数键名','varchar(100)','String','configKey','0','0','0','1','1','1','1','EQ','input','',3,'admin','2024-12-29 16:05:33','','2024-12-29 16:05:59'),(37,2,'config_value','参数键值','varchar(500)','String','configValue','0','0','0','1','1','1','1','EQ','textarea','',4,'admin','2024-12-29 16:05:33','','2024-12-29 16:05:59'),(38,2,'config_type','系统内置（Y是 N否）','char(1)','String','configType','0','0','0','1','1','1','1','EQ','select','',5,'admin','2024-12-29 16:05:33','','2024-12-29 16:05:59'),(39,2,'create_by','创建者','varchar(64)','String','createBy','0','0','0','1',NULL,NULL,NULL,'EQ','input','',6,'admin','2024-12-29 16:05:33','','2024-12-29 16:05:59'),(40,2,'create_time','创建时间','datetime','Date','createTime','0','0','0','1',NULL,NULL,NULL,'EQ','datetime','',7,'admin','2024-12-29 16:05:33','','2024-12-29 16:05:59'),(41,2,'update_by','更新者','varchar(64)','String','updateBy','0','0','0','1','1',NULL,NULL,'EQ','input','',8,'admin','2024-12-29 16:05:33','','2024-12-29 16:05:59'),(42,2,'update_time','更新时间','datetime','Date','updateTime','0','0','0','1','1',NULL,NULL,'EQ','datetime','',9,'admin','2024-12-29 16:05:33','','2024-12-29 16:05:59'),(43,2,'remark','备注','varchar(500)','String','remark','0','0','0','1','1','1',NULL,'EQ','textarea','',10,'admin','2024-12-29 16:05:33','','2024-12-29 16:05:59'),(445,21,'id','','bigint','Long','id','1','1','0','1',NULL,NULL,NULL,'EQ','input','',1,'admin','2025-01-07 11:21:56','','2025-01-07 19:28:19'),(446,21,'alarm_type','报警类型(1.普通、2.扬尘、3.设备故障)','int','Long','alarmType','0','0','1','1','1','1','1','EQ','select','alarm_type',2,'admin','2025-01-07 11:21:56','','2025-01-07 19:28:19'),(447,21,'alarm_param_type','报警参数类型(1.PM2.5、2.pm10、3.So2、4.No2、5.Co、6.O3)','int','Long','alarmParamType','0','0','1','1','1','1','1','EQ','select','alarm_param_type',3,'admin','2025-01-07 11:21:56','','2025-01-07 19:28:19'),(448,21,'alarm_value','设备报警状态时的监测值','double','Long','alarmValue','0','0','0','1','1','1','1','EQ','input','',4,'admin','2025-01-07 11:21:56','','2025-01-07 19:28:19'),(449,21,'standard_value','判断设备是否报警的阀值','double','Long','standardValue','0','0','1','1','1','1','1','EQ','input','',5,'admin','2025-01-07 11:21:56','','2025-01-07 19:28:19'),(450,21,'begin_time','监测设备数据的开始时间','datetime','Date','beginTime','0','0','0','1','1','1','1','EQ','datetime','',6,'admin','2025-01-07 11:21:56','','2025-01-07 19:28:19'),(451,21,'end_time','监测设备数据的结束时间','datetime','Date','endTime','0','0','0','1','1','1','1','EQ','datetime','',7,'admin','2025-01-07 11:21:56','','2025-01-07 19:28:19'),(452,21,'status','报警信息状态(1.设备高值 2.设备低值 3.设备中断)','int','Long','status','0','0','1','1','1','1','1','EQ','select','alarm_status',8,'admin','2025-01-07 11:21:56','','2025-01-07 19:28:19'),(453,21,'station_id','站点id','bigint','Long','stationId','0','0','1','1','1','1','1','EQ','input','',9,'admin','2025-01-07 11:21:56','','2025-01-07 19:28:19'),(454,21,'sta_name','站点昵称','varchar(255)','String','staName','0','0','0','1','1','1','1','LIKE','input','',10,'admin','2025-01-07 11:21:56','','2025-01-07 19:28:19'),(455,21,'device_id','设备id','bigint','Long','deviceId','0','0','1','1','1','1','1','EQ','input','',11,'admin','2025-01-07 11:21:56','','2025-01-07 19:28:19'),(456,21,'device_name','设备昵称','varchar(500)','String','deviceName','0','0','0','1','1','1','1','LIKE','textarea','',12,'admin','2025-01-07 11:21:56','','2025-01-07 19:28:19'),(457,21,'user_id','部门id','bigint','Long','userId','0','0','1','1','1','1','1','EQ','input','',13,'admin','2025-01-07 11:21:56','','2025-01-07 19:28:19'),(458,21,'user_name','部门昵称','varchar(500)','String','userName','0','0','0','1','1','1','1','LIKE','textarea','',14,'admin','2025-01-07 11:21:56','','2025-01-07 19:28:19'),(459,21,'user_path','部门权限','varchar(20)','String','userPath','0','0','0','1','1','1','1','EQ','input','',15,'admin','2025-01-07 11:21:56','','2025-01-07 19:28:19'),(460,22,'id','主键','bigint','Long','id','1','1','0','0',NULL,NULL,NULL,'EQ','input','',1,'admin','2025-01-07 11:27:45','','2025-01-07 16:21:26'),(461,22,'alarm_type','报警类型','int','Long','alarmType','0','0','1','1','1','1','1','EQ','select','alarm_type',2,'admin','2025-01-07 11:27:45','','2025-01-07 16:21:26'),(462,22,'alarm_param_type','报警参数类型','int','Long','alarmParamType','0','0','1','1','1','1','1','EQ','select','alarm_param_type',3,'admin','2025-01-07 11:27:45','','2025-01-07 16:21:26'),(463,22,'guid','国控code','varchar(100)','String','guid','0','0','0','1','1','1','0','EQ','input','',4,'admin','2025-01-07 11:27:45','','2025-01-07 16:21:26'),(464,22,'standard_value','阀值','double','Long','standardValue','0','0','1','1','1','1','0','EQ','input','',5,'admin','2025-01-07 11:27:45','','2025-01-07 16:21:26'),(465,22,'begin_time','开始时间','int','Long','beginTime','0','0','0','0','0','0','0','EQ','input','',6,'admin','2025-01-07 11:27:45','','2025-01-07 16:21:26'),(466,22,'end_time','结束时间','int','Long','endTime','0','0','0','0','0','0','0','EQ','input','',7,'admin','2025-01-07 11:27:45','','2025-01-07 16:21:26'),(467,22,'time_space','时间间隔','int','Long','timeSpace','0','0','0','0','0','0','0','EQ','input','',8,'admin','2025-01-07 11:27:45','','2025-01-07 16:21:26'),(468,22,'notice','通知方式','varchar(60)','String','notice','0','0','0','1','1','1','0','EQ','input','',9,'admin','2025-01-07 11:27:45','','2025-01-07 16:21:26'),(469,22,'user_id','部门id','bigint','Long','userId','0','0','1','1','1','1','1','EQ','input','',10,'admin','2025-01-07 11:27:45','','2025-01-07 16:21:26'),(470,22,'dept_name','部门昵称','varchar(40)','String','deptName','0','0','0','0','0','0','0','LIKE','input','',11,'admin','2025-01-07 11:27:45','','2025-01-07 16:21:26'),(471,22,'dept_path','部门权限','varchar(20)','String','deptPath','0','0','0','0','0','0','0','EQ','input','',12,'admin','2025-01-07 11:27:45','','2025-01-07 16:21:26'),(472,22,'system_user_id','通知方','bigint','Long','systemUserId','0','0','1','1','1','0','0','EQ','checkbox','tell_user',13,'admin','2025-01-07 11:27:45','','2025-01-07 16:21:26'),(473,22,'status','提醒状态','int','Long','status','0','0','0','1','1','0','0','EQ','select','info_status',14,'admin','2025-01-07 11:27:45','','2025-01-07 16:21:26'),(474,22,'create_date','创建时间','datetime','Date','createDate','0','0','1','1','1','1','0','EQ','datetime','',15,'admin','2025-01-07 11:27:45','','2025-01-07 16:21:26'),(475,22,'last_updated_date','最后更新时间','timestamp','Date','lastUpdatedDate','0','0','0','0','0','0','0','EQ','datetime','',16,'admin','2025-01-07 11:27:45','','2025-01-07 16:21:26'),(476,23,'id','','bigint','Long','id','1','1','0','1',NULL,NULL,NULL,'EQ','input','',1,'admin','2025-01-07 11:31:57','','2025-01-07 19:28:23'),(477,23,'user_id','县级id','bigint','Long','userId','0','0','0','1','1','1','1','EQ','input','',2,'admin','2025-01-07 11:31:57','','2025-01-07 19:28:23'),(478,23,'user_name','联系人','varchar(255)','String','userName','0','0','0','1','1','1','1','LIKE','input','',3,'admin','2025-01-07 11:31:57','','2025-01-07 19:28:23'),(479,23,'enterprise_id','单位id','bigint','Long','enterpriseId','0','0','0','1','1','1','1','EQ','input','',4,'admin','2025-01-07 11:31:57','','2025-01-07 19:28:23'),(480,23,'station_id','站点id','bigint','Long','stationId','0','0','1','1','1','1','1','EQ','input','',5,'admin','2025-01-07 11:31:57','','2025-01-07 19:28:23'),(481,23,'alarm_type','报警类型(1.普通报警、2.粉尘报警)','int','Long','alarmType','0','0','1','1','1','1','1','EQ','select','alarm_type',6,'admin','2025-01-07 11:31:57','','2025-01-07 19:28:23'),(482,23,'begin_time','通知提醒的时间区间(开始时间)','int','Long','beginTime','0','0','0','1','1','1','1','EQ','input','',7,'admin','2025-01-07 11:31:57','','2025-01-07 19:28:23'),(483,23,'end_time','通知提醒的时间区间(结束时间)','int','Long','endTime','0','0','0','1','1','1','1','EQ','input','',8,'admin','2025-01-07 11:31:57','','2025-01-07 19:28:23'),(484,23,'time_space','时间间隔','int','Long','timeSpace','0','0','0','1','1','1','1','EQ','input','',9,'admin','2025-01-07 11:31:57','','2025-01-07 19:28:23'),(485,23,'phone_number','手机号','varchar(45)','String','phoneNumber','0','0','1','1','1','1','1','EQ','input','',10,'admin','2025-01-07 11:31:57','','2025-01-07 19:28:23'),(486,23,'sms_tem','短信模板','varchar(60)','String','smsTem','0','0','1','1','1','1','1','EQ','input','',11,'admin','2025-01-07 11:31:57','','2025-01-07 19:28:23'),(487,23,'sms_message','发送内容','varchar(60)','String','smsMessage','0','0','1','1','1','1','1','EQ','input','',12,'admin','2025-01-07 11:31:57','','2025-01-07 19:28:23'),(488,23,'sms_fail','失败原因','varchar(60)','String','smsFail','0','0','0','1','1','1','1','EQ','input','',13,'admin','2025-01-07 11:31:57','','2025-01-07 19:28:23'),(489,23,'dept_id','部门id','bigint','Long','deptId','0','0','0','1','1','1','1','EQ','input','',14,'admin','2025-01-07 11:31:57','','2025-01-07 19:28:23'),(490,23,'dept_name','部门昵称','varchar(40)','String','deptName','0','0','0','1','1','1','1','LIKE','input','',15,'admin','2025-01-07 11:31:57','','2025-01-07 19:28:23'),(491,23,'dept_path','部门权限','varchar(20)','String','deptPath','0','0','0','1','1','1','1','EQ','input','',16,'admin','2025-01-07 11:31:57','','2025-01-07 19:28:23'),(492,23,'system_user_id','操作员','bigint','Long','systemUserId','0','0','0','1','1','1','1','EQ','checkbox','tell_user',17,'admin','2025-01-07 11:31:57','','2025-01-07 19:28:23'),(493,23,'info_status','信息发送状态(0.发送成功、1.发送失败)','int','Long','infoStatus','0','0','0','1','1','1','1','EQ','select','info_status',18,'admin','2025-01-07 11:31:57','','2025-01-07 19:28:23'),(494,23,'create_date','创建时间','datetime','Date','createDate','0','0','1','1','1','1','1','EQ','datetime','',19,'admin','2025-01-07 11:31:57','','2025-01-07 19:28:23'),(495,23,'last_updated_date','','timestamp','Date','lastUpdatedDate','0','0','0','1','1','1','1','EQ','datetime','',20,'admin','2025-01-07 11:31:57','','2025-01-07 19:28:23'),(507,25,'id','','bigint','Long','id','1','0','0','1',NULL,NULL,NULL,'EQ','input','',1,'admin','2025-01-07 11:44:29','','2025-01-07 17:21:00'),(508,25,'user_id','县级id','bigint','Long','userId','0','0','1','1','1','1','1','EQ','input','',2,'admin','2025-01-07 11:44:29','','2025-01-07 17:21:00'),(509,25,'dept_name','部门昵称','varchar(20)','String','deptName','0','0','0','1','1','1','1','LIKE','input','',3,'admin','2025-01-07 11:44:29','','2025-01-07 17:21:00'),(510,25,'state','','int','Long','state','0','0','0','1','1','1','1','EQ','input','',4,'admin','2025-01-07 11:44:29','','2025-01-07 17:21:00'),(511,25,'created_user','创建人','varchar(20)','String','createdUser','0','0','0','1','1','1','1','EQ','input','',5,'admin','2025-01-07 11:44:29','','2025-01-07 17:21:00'),(512,25,'created_date','创建时间','datetime','Date','createdDate','0','0','1','1','1','1','1','EQ','datetime','',6,'admin','2025-01-07 11:44:29','','2025-01-07 17:21:00'),(513,25,'remark','备注','varchar(255)','String','remark','0','0','0','1','1','1',NULL,'EQ','input','',7,'admin','2025-01-07 11:44:29','','2025-01-07 17:21:00'),(514,25,'algorithm','算法','varchar(255)','String','algorithm','0','0','1','1','1','1','1','EQ','input','',8,'admin','2025-01-07 11:44:29','','2025-01-07 17:21:00'),(515,25,'parameter','参数','varchar(255)','String','parameter','0','0','1','1','1','1','1','EQ','input','',9,'admin','2025-01-07 11:44:29','','2025-01-07 17:21:00'),(516,25,'p_value','参数数值','varchar(255)','String','pValue','0','0','1','1','1','1','1','EQ','input','',10,'admin','2025-01-07 11:44:29','','2025-01-07 17:21:00'),(517,25,'device_id','设备id','bigint','Long','deviceId','0','0','1','1','1','1','1','EQ','input','',11,'admin','2025-01-07 11:44:29','','2025-01-07 17:21:00'),(518,26,'id','主键','bigint','Long','id','1','1','0','0',NULL,NULL,NULL,'EQ','input','',1,'admin','2025-01-07 11:55:43','','2025-01-07 15:49:00'),(519,26,'data_count','数据条数','int','Long','dataCount','0','0','0','1','1','1','0','EQ','input','',2,'admin','2025-01-07 11:55:43','','2025-01-07 15:49:00'),(520,26,'device_addcount','设备添加数','int','Long','deviceAddcount','0','0','0','1','1','1','0','EQ','input','',3,'admin','2025-01-07 11:55:43','','2025-01-07 15:49:00'),(521,26,'msg','日志信息','varchar(300)','String','msg','0','0','1','1','1','1','0','EQ','input','',4,'admin','2025-01-07 11:55:43','','2025-01-07 15:49:00'),(522,26,'status','状态','int','Long','status','0','0','1','1','1','1','0','EQ','select','log_status',5,'admin','2025-01-07 11:55:43','','2025-01-07 15:49:00'),(523,26,'create_time','创建时间','datetime','Date','createTime','0','0','1','1','1','1',NULL,'EQ','datetime','',6,'admin','2025-01-07 11:55:43','','2025-01-07 15:49:00'),(524,26,'modify_date','修改时间','datetime','Date','modifyDate','0','0','1','1','1','1','0','EQ','datetime','',7,'admin','2025-01-07 11:55:43','','2025-01-07 15:49:00'),(525,26,'device_updatecount','设备修改数','int','Long','deviceUpdatecount','0','0','0','1','1','1','0','EQ','input','',8,'admin','2025-01-07 11:55:43','','2025-01-07 15:49:00'),(526,26,'type','类型','int','Long','type','0','0','1','1','1','1','0','EQ','select','log_type',9,'admin','2025-01-07 11:55:43','','2025-01-07 15:49:00'),(527,26,'dept_name','部门名称','varchar(100)','String','deptName','0','0','0','0','0','0','0','LIKE','input','',10,'admin','2025-01-07 11:55:43','','2025-01-07 15:49:00'),(528,26,'user_id','部门id','bigint','Long','userId','0','0','1','1','1','1','1','EQ','input','',11,'admin','2025-01-07 11:55:43','','2025-01-07 15:49:00'),(529,27,'id','主键','bigint','Long','id','1','1','0','0',NULL,NULL,NULL,'EQ','input','',1,'admin','2025-01-07 12:01:45','','2025-01-07 12:03:20'),(530,27,'url','二维码','varchar(1000)','String','url','0','0','1','1','1','1','0','EQ','imageUpload','',2,'admin','2025-01-07 12:01:45','','2025-01-07 12:03:20'),(531,27,'name','项目名称','varchar(50)','String','name','0','0','1','1','1','1','1','LIKE','input','',3,'admin','2025-01-07 12:01:45','','2025-01-07 12:03:20'),(532,27,'code','AppKey','varchar(50)','String','code','0','0','1','1','1','1','1','EQ','input','',4,'admin','2025-01-07 12:01:45','','2025-01-07 12:03:20'),(533,27,'remark','备注','varchar(1000)','String','remark','0','0','0','1','1','1',NULL,'EQ','textarea','',5,'admin','2025-01-07 12:01:45','','2025-01-07 12:03:20'),(534,27,'type','类别','varchar(10)','String','type','0','0','1','1','1','1','0','EQ','select','project_type',6,'admin','2025-01-07 12:01:45','','2025-01-07 12:03:20'),(535,27,'created_time','创建时间','datetime','Date','createdTime','0','0','1','1','1','1','0','EQ','datetime','',7,'admin','2025-01-07 12:01:45','','2025-01-07 12:03:20'),(536,27,'last_updated_time','最后修改时间','timestamp','Date','lastUpdatedTime','0','0','0','0','0','0','0','EQ','datetime','',8,'admin','2025-01-07 12:01:45','','2025-01-07 12:03:20'),(537,28,'id','','bigint','Long','id','1','1','0','1',NULL,NULL,NULL,'EQ','input','',1,'admin','2025-01-07 12:16:36','','2025-01-07 19:39:06'),(538,28,'name','单位昵称','varchar(60)','String','name','0','0','1','1','1','1','1','LIKE','input','',2,'admin','2025-01-07 12:16:36','','2025-01-07 19:39:06'),(539,28,'pollute_unit_category','重点排污单位类别','varchar(100)','String','polluteUnitCategory','0','0','0','1','1','1','1','EQ','input','',3,'admin','2025-01-07 12:16:37','','2025-01-07 19:39:06'),(540,28,'pollute_category','污染类别:1废烟、2废气、3废水、4废渣、5噪音、6脏水、7垃圾、8电磁辐射、9二氧化碳、10二氧化硫、11氮氧化物、12粒子状污染物、13酸雨、14化学物质','int','Long','polluteCategory','0','0','0','1','1','1','1','EQ','input','',4,'admin','2025-01-07 12:16:37','','2025-01-07 19:39:06'),(541,28,'monitor_category','监控类别:1国控、2省控、3市控、4县控','int','Long','monitorCategory','0','0','0','1','1','1','1','EQ','select','monitoring_way',5,'admin','2025-01-07 12:16:37','','2025-01-07 19:39:06'),(542,28,'addr','单位地址','varchar(150)','String','addr','0','0','1','1','1','1','1','EQ','input','',6,'admin','2025-01-07 12:16:37','','2025-01-07 19:39:06'),(543,28,'phone','单位电话','varchar(40)','String','phone','0','0','1','1','1','1','1','EQ','input','',7,'admin','2025-01-07 12:16:37','','2025-01-07 19:39:06'),(544,28,'remark','备注','varchar(225)','String','remark','0','0','0','1','1','1',NULL,'EQ','input','',8,'admin','2025-01-07 12:16:37','','2025-01-07 19:39:06'),(545,28,'province','省','int','Long','province','0','0','0','1','1','1','1','EQ','input','',9,'admin','2025-01-07 12:16:37','','2025-01-07 19:39:06'),(546,28,'city','市','int','Long','city','0','0','0','1','1','1','1','EQ','input','',10,'admin','2025-01-07 12:16:37','','2025-01-07 19:39:06'),(547,28,'county','区县','int','Long','county','0','0','0','1','1','1','1','EQ','input','',11,'admin','2025-01-07 12:16:37','','2025-01-07 19:39:06'),(548,28,'create_time','创建时间','datetime','Date','createTime','0','0','1','1','1','1',NULL,'EQ','datetime','',12,'admin','2025-01-07 12:16:37','','2025-01-07 19:39:06'),(549,28,'last_updated_time','修改时间','datetime','Date','lastUpdatedTime','0','0','1','1','1','1','1','EQ','datetime','',13,'admin','2025-01-07 12:16:37','','2025-01-07 19:39:06'),(550,28,'department_id','部门id','bigint','Long','departmentId','0','0','0','1','1','1','1','EQ','input','',14,'admin','2025-01-07 12:16:37','','2025-01-07 19:39:06'),(551,28,'create_user','创建人','varchar(20)','String','createUser','0','0','0','1','1','1','1','EQ','input','',15,'admin','2025-01-07 12:16:37','','2025-01-07 19:39:07'),(552,28,'system_user_id','操作员id','bigint','Long','systemUserId','0','0','0','1','1','1','1','EQ','checkbox','tell_user',16,'admin','2025-01-07 12:16:37','','2025-01-07 19:39:07'),(553,28,'status','状态1正常2删除','int','Long','status','0','0','0','1','1','1','1','EQ','select','log_status',17,'admin','2025-01-07 12:16:37','','2025-01-07 19:39:07'),(554,28,'station_id','站点编号','bigint','Long','stationId','0','0','1','1','1','1','1','EQ','input','',18,'admin','2025-01-07 12:16:37','','2025-01-07 19:39:07'),(555,28,'polluteGoods','诱发事故物质','varchar(250)','String','polluteGoods','0','0','1','1','1','1','1','EQ','input','',19,'admin','2025-01-07 12:16:37','','2025-01-07 19:39:07'),(556,28,'heatSource','热源','varchar(250)','String','heatSource','0','0','1','1','1','1','1','EQ','input','',20,'admin','2025-01-07 12:16:37','','2025-01-07 19:39:07'),(557,28,'polluteWater','水污染','varchar(250)','String','polluteWater','0','0','1','1','1','1','1','EQ','input','',21,'admin','2025-01-07 12:16:37','','2025-01-07 19:39:07'),(558,28,'polluteAir','空气污染','varchar(250)','String','polluteAir','0','0','1','1','1','1','1','EQ','input','',22,'admin','2025-01-07 12:16:37','','2025-01-07 19:39:07'),(559,28,'polluteSolid','固废','varchar(250)','String','polluteSolid','0','0','1','1','1','1','1','EQ','input','',23,'admin','2025-01-07 12:16:37','','2025-01-07 19:39:07'),(560,29,'id','','bigint','Long','id','1','1','0','1',NULL,NULL,NULL,'EQ','input','',1,'admin','2025-01-07 12:32:38','','2025-01-07 19:28:30'),(561,29,'name','设备名称(测站名称)','varchar(200)','String','name','0','0','1','1','1','1','1','LIKE','input','',2,'admin','2025-01-07 12:32:38','','2025-01-07 19:28:30'),(562,29,'sn','设备号','varchar(50)','String','sn','0','0','1','1','1','1','1','EQ','input','',3,'admin','2025-01-07 12:32:38','','2025-01-07 19:28:30'),(563,29,'longitude','经度','double','Long','longitude','0','0','1','1','1','1','1','EQ','input','',4,'admin','2025-01-07 12:32:38','','2025-01-07 19:28:30'),(564,29,'latitude','纬度','double','Long','latitude','0','0','1','1','1','1','1','EQ','input','',5,'admin','2025-01-07 12:32:38','','2025-01-07 19:28:30'),(565,29,'created_time','创建时间','datetime','Date','createdTime','0','0','1','1','1','1','1','EQ','datetime','',6,'admin','2025-01-07 12:32:38','','2025-01-07 19:28:30'),(566,29,'last_updated_time','最后修改时间','timestamp','Date','lastUpdatedTime','0','0','0','1','1','1','1','EQ','datetime','',7,'admin','2025-01-07 12:32:38','','2025-01-07 19:28:30'),(567,29,'status','状态(1：正常，2：中断，3：竣工)','int','Long','status','0','0','1','1','1','1','1','EQ','select','device_status',8,'admin','2025-01-07 12:32:38','','2025-01-07 19:28:30'),(568,29,'org_id','机构ID','bigint','Long','orgId','0','0','0','1','1','1','1','EQ','input','',9,'admin','2025-01-07 12:32:38','','2025-01-07 19:28:31'),(569,29,'build_status','工地状态(1：施工，2：停工，3：竣工)','int','Long','buildStatus','0','0','0','1','1','1','1','EQ','select','build_status',10,'admin','2025-01-07 12:32:38','','2025-01-07 19:28:31'),(570,29,'province','省','int','Long','province','0','0','0','1','1','1','1','EQ','input','',11,'admin','2025-01-07 12:32:38','','2025-01-07 19:28:31'),(571,29,'province_cn','省昵称','varchar(50)','String','provinceCn','0','0','0','1','1','1','1','EQ','input','',12,'admin','2025-01-07 12:32:38','','2025-01-07 19:28:31'),(572,29,'city','市','int','Long','city','0','0','0','1','1','1','1','EQ','input','',13,'admin','2025-01-07 12:32:38','','2025-01-07 19:28:31'),(573,29,'city_cn','市昵称','varchar(50)','String','cityCn','0','0','0','1','1','1','1','EQ','input','',14,'admin','2025-01-07 12:32:38','','2025-01-07 19:28:31'),(574,29,'county','区/县','int','Long','county','0','0','0','1','1','1','1','EQ','input','',15,'admin','2025-01-07 12:32:38','','2025-01-07 19:28:31'),(575,29,'county_cn','区/县昵称','varchar(50)','String','countyCn','0','0','0','1','1','1','1','EQ','input','',16,'admin','2025-01-07 12:32:38','','2025-01-07 19:28:31'),(576,29,'town','乡/镇','int','Long','town','0','0','0','1','1','1','1','EQ','input','',17,'admin','2025-01-07 12:32:38','','2025-01-07 19:28:31'),(577,29,'town_cn','乡/镇昵称','varchar(50)','String','townCn','0','0','0','1','1','1','1','EQ','input','',18,'admin','2025-01-07 12:32:38','','2025-01-07 19:28:31'),(578,29,'remark','备注','text','String','remark','0','0','0','1','1','1',NULL,'EQ','textarea','',19,'admin','2025-01-07 12:32:38','','2025-01-07 19:28:31'),(579,29,'phone_number','SIM卡号','varchar(45)','String','phoneNumber','0','0','1','1','1','1','1','EQ','input','',20,'admin','2025-01-07 12:32:38','','2025-01-07 19:28:31'),(580,29,'manufacturer','制造商','varchar(255)','String','manufacturer','0','0','1','1','1','1','1','EQ','input','',21,'admin','2025-01-07 12:32:38','','2025-01-07 19:28:31'),(581,29,'department_id','','bigint','Long','departmentId','0','0','0','1','1','1','1','EQ','input','',22,'admin','2025-01-07 12:32:38','','2025-01-07 19:28:31'),(582,29,'system_user_id','操作员','bigint','Long','systemUserId','0','0','0','1','1','1','1','EQ','checkbox','tell_user',23,'admin','2025-01-07 12:32:38','','2025-01-07 19:28:31'),(583,29,'fromResource','','tinyint','Long','fromResource','0','0','0','1','1','1','1','EQ','select','from_resource',24,'admin','2025-01-07 12:32:38','','2025-01-07 19:28:31'),(584,29,'type','设备类型(1：空气检测设备，2：水质检测设备)','int','Long','type','0','0','0','1','1','1','1','EQ','select','device_type',25,'admin','2025-01-07 12:32:38','','2025-01-07 19:28:31'),(585,29,'ip','','varchar(60)','String','ip','0','0','0','1','1','1','1','EQ','input','',26,'admin','2025-01-07 12:32:38','','2025-01-07 19:28:31'),(586,29,'port','','varchar(10)','String','port','0','0','0','1','1','1','1','EQ','input','',27,'admin','2025-01-07 12:32:38','','2025-01-07 19:28:31'),(587,29,'user_name','','varchar(60)','String','userName','0','0','0','1','1','1','1','LIKE','input','',28,'admin','2025-01-07 12:32:38','','2025-01-07 19:28:31'),(588,29,'password','','varchar(60)','String','password','0','0','0','1','1','1','1','EQ','input','',29,'admin','2025-01-07 12:32:38','','2025-01-07 19:28:31'),(589,29,'is_standard','是否是标准站0.不是、1.是、','int','Long','isStandard','0','0','1','1','1','1','1','EQ','select','is_standard',30,'admin','2025-01-07 12:32:38','','2025-01-07 19:28:31'),(590,29,'guid','国控战站点code','varchar(100)','String','guid','0','0','0','1','1','1','1','EQ','input','',31,'admin','2025-01-07 12:32:38','','2025-01-07 19:28:31'),(591,29,'station_id','站点id','bigint','Long','stationId','0','0','1','1','1','1','1','EQ','input','',32,'admin','2025-01-07 12:32:38','','2025-01-07 19:28:31'),(592,29,'addr','','varchar(255)','String','addr','0','0','0','1','1','1','1','EQ','input','',33,'admin','2025-01-07 12:32:38','','2025-01-07 19:28:31'),(593,29,'user_id','县级id','bigint','Long','userId','0','0','0','1','1','1','1','EQ','input','',34,'admin','2025-01-07 12:32:38','','2025-01-07 19:28:31'),(594,30,'id','','bigint','Long','id','1','0','0','1',NULL,NULL,NULL,'EQ','input','',1,'admin','2025-01-07 13:35:44','','2025-01-07 19:28:32'),(595,30,'station_code','站点代码','varchar(50)','String','stationCode','0','0','0','1','1','1','1','EQ','input','',2,'admin','2025-01-07 13:35:44','','2025-01-07 19:28:32'),(596,30,'station_name','站点名称','varchar(150)','String','stationName','0','0','1','1','1','1','1','LIKE','input','',3,'admin','2025-01-07 13:35:45','','2025-01-07 19:28:32'),(597,30,'river_name','河流名称','varchar(100)','String','riverName','0','0','0','1','1','1','1','LIKE','input','',4,'admin','2025-01-07 13:35:45','','2025-01-07 19:28:32'),(598,30,'river_code','河流代码','varchar(50)','String','riverCode','0','0','0','1','1','1','1','EQ','input','',5,'admin','2025-01-07 13:35:45','','2025-01-07 19:28:32'),(599,30,'section_name','断面名称（水质监测）','varchar(100)','String','sectionName','0','0','0','1','1','1','1','LIKE','input','',6,'admin','2025-01-07 13:35:45','','2025-01-07 19:28:32'),(600,30,'section_code','断面代码','varchar(100)','String','sectionCode','0','0','0','1','1','1','1','EQ','input','',7,'admin','2025-01-07 13:35:45','','2025-01-07 19:28:32'),(601,30,'river_level','断面所在河流级别：1：干流；2：平原区；3：一级支流','int','Long','riverLevel','0','0','0','1','1','1','1','EQ','radio','',8,'admin','2025-01-07 13:35:45','','2025-01-07 19:28:32'),(602,30,'inward_water','汇入水体（河、湖、库、渠）','varchar(100)','String','inwardWater','0','0','0','1','1','1','1','EQ','input','',9,'admin','2025-01-07 13:35:45','','2025-01-07 19:28:32'),(603,30,'section_properties','河流断面属性','varchar(100)','String','sectionProperties','0','0','0','1','1','1','1','EQ','input','',10,'admin','2025-01-07 13:35:45','','2025-01-07 19:28:32'),(604,30,'monitoring_way','监测方式（1：自动站；2：手工站）','int','Long','monitoringWay','0','0','0','1','1','1','1','EQ','select','monitoring_way',11,'admin','2025-01-07 13:35:45','','2025-01-07 19:28:32'),(605,30,'section_control_level','断面控制级别（1：国控；2：省控；3：市控；4：县控）','int','Long','sectionControlLevel','0','0','0','1','1','1','1','EQ','input','',12,'admin','2025-01-07 13:35:45','','2025-01-07 19:28:32'),(606,30,'province','省','int','Long','province','0','0','0','1','1','1','1','EQ','input','',13,'admin','2025-01-07 13:35:45','','2025-01-07 19:28:32'),(607,30,'province_cn','省简称','varchar(50)','String','provinceCn','0','0','0','1','1','1','1','EQ','input','',14,'admin','2025-01-07 13:35:45','','2025-01-07 19:28:32'),(608,30,'city','市','int','Long','city','0','0','0','1','1','1','1','EQ','input','',15,'admin','2025-01-07 13:35:45','','2025-01-07 19:28:32'),(609,30,'city_cn','市简称','varchar(50)','String','cityCn','0','0','0','1','1','1','1','EQ','input','',16,'admin','2025-01-07 13:35:45','','2025-01-07 19:28:32'),(610,30,'county','区/县','int','Long','county','0','0','0','1','1','1','1','EQ','input','',17,'admin','2025-01-07 13:35:45','','2025-01-07 19:28:32'),(611,30,'county_cn','区/县简称','varchar(50)','String','countyCn','0','0','0','1','1','1','1','EQ','input','',18,'admin','2025-01-07 13:35:45','','2025-01-07 19:28:32'),(612,30,'town','乡/镇','int','Long','town','0','0','0','1','1','1','1','EQ','input','',19,'admin','2025-01-07 13:35:45','','2025-01-07 19:28:32'),(613,30,'town_cn','乡/镇简称','varchar(50)','String','townCn','0','0','0','1','1','1','1','EQ','input','',20,'admin','2025-01-07 13:35:45','','2025-01-07 19:28:32'),(614,30,'department_id','部门ID','bigint','Long','departmentId','0','0','0','1','1','1','1','EQ','input','',21,'admin','2025-01-07 13:35:45','','2025-01-07 19:28:32'),(615,30,'system_user_id','操作员','bigint','Long','systemUserId','0','0','0','1','1','1','1','EQ','checkbox','tell_user',22,'admin','2025-01-07 13:35:45','','2025-01-07 19:28:32'),(616,30,'created_time','创建时间','datetime','Date','createdTime','0','0','1','1','1','1','1','EQ','datetime','',23,'admin','2025-01-07 13:35:45','','2025-01-07 19:28:32'),(617,30,'last_updated_time','最后修改时间','datetime','Date','lastUpdatedTime','0','0','0','1','1','1','1','EQ','datetime','',24,'admin','2025-01-07 13:35:45','','2025-01-07 19:28:32'),(618,30,'longitude','经度','double','Long','longitude','0','0','1','1','1','1','1','EQ','input','',25,'admin','2025-01-07 13:35:45','','2025-01-07 19:28:32'),(619,30,'latitude','纬度','double','Long','latitude','0','0','1','1','1','1','1','EQ','input','',26,'admin','2025-01-07 13:35:45','','2025-01-07 19:28:32'),(620,30,'type','站点类型（1：空气监测；2：水质监测；3：土壤监测）','int','Long','type','0','0','1','1','1','1','1','EQ','select','stations_type',27,'admin','2025-01-07 13:35:45','','2025-01-07 19:28:32'),(621,30,'remark','备注','text','String','remark','0','0','0','1','1','1',NULL,'EQ','textarea','',28,'admin','2025-01-07 13:35:45','','2025-01-07 19:28:32'),(622,30,'station_status','状态（1：正常；2：停用；3：删除）','int','Long','stationStatus','0','0','1','1','1','1','1','EQ','select','station_status',29,'admin','2025-01-07 13:35:45','','2025-01-07 19:28:32'),(623,30,'phone','电话','varchar(50)','String','phone','0','0','1','1','1','1','1','EQ','input','',30,'admin','2025-01-07 13:35:45','','2025-01-07 19:28:32'),(624,30,'link_man','联系人','varchar(50)','String','linkMan','0','0','0','1','1','1','1','EQ','input','',31,'admin','2025-01-07 13:35:45','','2025-01-07 19:28:32'),(625,30,'country_name','国控站名称','varchar(100)','String','countryName','0','0','0','1','1','1','1','LIKE','input','',32,'admin','2025-01-07 13:35:45','','2025-01-07 19:28:32'),(626,30,'country_id','国控站ID','bigint','Long','countryId','0','0','0','1','1','1','1','EQ','input','',33,'admin','2025-01-07 13:35:45','','2025-01-07 19:28:32'),(627,30,'floor_space','占地面积','int','Long','floorSpace','0','0','1','1','1','1','1','EQ','input','',34,'admin','2025-01-07 13:35:45','','2025-01-07 19:28:32'),(628,30,'licens_number','施工许可证编号','varchar(32)','String','licensNumber','0','0','1','1','1','1','1','EQ','input','',35,'admin','2025-01-07 13:35:45','','2025-01-07 19:28:32'),(629,30,'from_resource','数据来源（0:本平台；1:第三方）','int','Long','fromResource','0','0','0','1','1','1','1','EQ','select','from_resource',36,'admin','2025-01-07 13:35:45','','2025-01-07 19:28:32'),(630,30,'jsdwmc','建设单位名称','varchar(150)','String','jsdwmc','0','0','1','1','1','1','1','EQ','input','',37,'admin','2025-01-07 13:35:45','','2025-01-07 19:28:32'),(631,30,'jstsyhydm','','varchar(18)','String','jstsyhydm','0','0','1','1','1','1','1','EQ','input','',38,'admin','2025-01-07 13:35:45','','2025-01-07 19:28:32'),(632,30,'sgdwmc','施工单位名称','varchar(150)','String','sgdwmc','0','0','1','1','1','1','1','EQ','input','',39,'admin','2025-01-07 13:35:45','','2025-01-07 19:28:32'),(633,30,'sgtshyhdym','','varchar(18)','String','sgtshyhdym','0','0','1','1','1','1','1','EQ','input','',40,'admin','2025-01-07 13:35:45','','2025-01-07 19:28:32'),(634,30,'jgbm','监管编码','varchar(20)','String','jgbm','0','0','1','1','1','1','1','EQ','input','',41,'admin','2025-01-07 13:35:45','','2025-01-07 19:28:32'),(635,30,'jgzr','监管责任','varchar(20)','String','jgzr','0','0','1','1','1','1','1','EQ','input','',42,'admin','2025-01-07 13:35:45','','2025-01-07 19:28:32'),(636,30,'jgzrdh','监管责任电话','varchar(11)','String','jgzrdh','0','0','1','1','1','1','1','EQ','input','',43,'admin','2025-01-07 13:35:45','','2025-01-07 19:28:32'),(637,30,'sjjd','','char(1)','String','sjjd','0','0','1','1','1','1','1','EQ','select','sgjd',44,'admin','2025-01-07 13:35:45','','2025-01-07 19:28:32'),(638,30,'sfazjcsb','','char(1)','String','sfazjcsb','0','0','1','1','1','1','1','EQ','checkbox','pm10_status',45,'admin','2025-01-07 13:35:45','','2025-01-07 19:28:32'),(639,30,'jgrq','统计时间','datetime','Date','jgrq','0','0','0','1','1','1','1','EQ','datetime','',46,'admin','2025-01-07 13:35:45','','2025-01-07 19:28:32'),(640,30,'device_id','设备id','bigint','Long','deviceId','0','0','0','1','1','1','1','EQ','input','',47,'admin','2025-01-07 13:35:45','','2025-01-07 19:28:32'),(715,33,'id','主键id','bigint','Long','id','1','1','0','1',NULL,NULL,NULL,'EQ','input','',1,'admin','2025-01-07 14:15:44','','2025-01-07 19:28:37'),(716,33,'device_id','设备id','bigint','Long','deviceId','0','0','1','1','1','1','1','EQ','input','',2,'admin','2025-01-07 14:15:44','','2025-01-07 19:28:37'),(717,33,'device_name','设备名称','varchar(100)','String','deviceName','0','0','1','1','1','1','1','LIKE','input','',3,'admin','2025-01-07 14:15:44','','2025-01-07 19:28:37'),(718,33,'date','日期','datetime','Date','date','0','0','1','1','1','1','1','EQ','datetime','',4,'admin','2025-01-07 14:15:44','','2025-01-07 19:28:37'),(719,33,'aqi','空气质量指数','double','Long','aqi','0','0','1','1','1','1','1','EQ','input','',5,'admin','2025-01-07 14:15:44','','2025-01-07 19:28:37'),(720,33,'temperature','温度','double','Long','temperature','0','0','0','1','1','1','1','EQ','input','',6,'admin','2025-01-07 14:15:44','','2025-01-07 19:28:37'),(721,33,'wind_speed','风速','double','Long','windSpeed','0','0','0','1','1','1','1','EQ','input','',7,'admin','2025-01-07 14:15:44','','2025-01-07 19:28:37'),(722,33,'wind_direction','风向','double','Long','windDirection','0','0','0','1','1','1','1','EQ','input','',8,'admin','2025-01-07 14:15:44','','2025-01-07 19:28:37'),(723,33,'humidity','湿度','double','Long','humidity','0','0','0','1','1','1','1','EQ','input','',9,'admin','2025-01-07 14:15:44','','2025-01-07 19:28:37'),(724,33,'pressure','压力','double','Long','pressure','0','0','0','1','1','1','1','EQ','input','',10,'admin','2025-01-07 14:15:44','','2025-01-07 19:28:37'),(725,33,'noise','噪音','double','Long','noise','0','0','0','1','1','1','1','EQ','input','',11,'admin','2025-01-07 14:15:44','','2025-01-07 19:28:37'),(726,33,'pm','pm2.5浓度','int','Long','pm','0','0','1','1','1','1','1','EQ','input','',12,'admin','2025-01-07 14:15:44','','2025-01-07 19:28:37'),(727,33,'pm10','pm10浓度','int','Long','pm10','0','0','1','1','1','1','1','EQ','input','',13,'admin','2025-01-07 14:15:44','','2025-01-07 19:28:37'),(728,33,'so2_thickness','so2浓度','double','Long','so2Thickness','0','0','1','1','1','1','1','EQ','input','',14,'admin','2025-01-07 14:15:44','','2025-01-07 19:28:37'),(729,33,'no2_thickness','no2浓度','double','Long','no2Thickness','0','0','1','1','1','1','1','EQ','input','',15,'admin','2025-01-07 14:15:44','','2025-01-07 19:28:37'),(730,33,'co_thickness','co浓度','double','Long','coThickness','0','0','1','1','1','1','1','EQ','input','',16,'admin','2025-01-07 14:15:44','','2025-01-07 19:28:37'),(731,33,'co3_thickness','o3 浓度','double','Long','co3Thickness','0','0','1','1','1','1','1','EQ','input','',17,'admin','2025-01-07 14:15:44','','2025-01-07 19:28:37'),(732,33,'vosc_thickness','vocs浓度','int','Long','voscThickness','0','0','1','1','1','1','1','EQ','input','',18,'admin','2025-01-07 14:15:44','','2025-01-07 19:28:37'),(733,33,'pm0_3_above','粉尘pm0.3颗粒以上','double','Long','pm03Above','0','0','0','1','1','1','1','EQ','input','',19,'admin','2025-01-07 14:15:44','','2025-01-07 19:28:37'),(734,33,'pm0_5_above','粉尘pm0.5颗粒以上','double','Long','pm05Above','0','0','0','1','1','1','1','EQ','input','',20,'admin','2025-01-07 14:15:44','','2025-01-07 19:28:37'),(735,33,'pm1','粉尘pm1.0颗粒数','double','Long','pm1','0','0','0','1','1','1','1','EQ','input','',21,'admin','2025-01-07 14:15:44','','2025-01-07 19:28:37'),(736,33,'pm_25','粉尘pm2.5颗粒数','double','Long','pm25','0','0','0','1','1','1','1','EQ','input','',22,'admin','2025-01-07 14:15:44','','2025-01-07 19:28:37'),(737,33,'pm_10','粉尘pm10颗粒数','double','Long','pm10','0','0','0','1','1','1','1','EQ','input','',23,'admin','2025-01-07 14:15:44','','2025-01-07 19:28:37'),(738,33,'pm1_above','粉尘pm1.0颗粒以上','double','Long','pm1Above','0','0','0','1','1','1','1','EQ','input','',24,'admin','2025-01-07 14:15:44','','2025-01-07 19:28:37'),(739,33,'pm25_above','粉尘pm2.5颗粒以上','double','Long','pm25Above','0','0','0','1','1','1','1','EQ','input','',25,'admin','2025-01-07 14:15:44','','2025-01-07 19:28:37'),(740,33,'pm5_above','粉尘pm5颗粒以上','double','Long','pm5Above','0','0','0','1','1','1','1','EQ','input','',26,'admin','2025-01-07 14:15:44','','2025-01-07 19:28:37'),(741,33,'pm10_above','粉尘pm10颗粒以上','double','Long','pm10Above','0','0','0','1','1','1','1','EQ','input','',27,'admin','2025-01-07 14:15:44','','2025-01-07 19:28:37'),(742,33,'longitude','经度','double','Long','longitude','0','0','0','1','1','1','1','EQ','input','',30,'admin','2025-01-07 14:15:44','','2025-01-07 19:28:37'),(743,33,'latitude','纬度','double','Long','latitude','0','0','0','1','1','1','1','EQ','input','',31,'admin','2025-01-07 14:15:44','','2025-01-07 19:28:37'),(744,33,'tsp','pm100浓度','double','Long','tsp','0','0','0','1','1','1','1','EQ','input','',32,'admin','2025-01-07 14:15:44','','2025-01-07 19:28:37'),(745,33,'primaryPollutant','首要污染物(多个污染物使用逗号隔开)','varchar(100)','String','primaryPollutant','0','0','0','1','1','1','1','EQ','input','',33,'admin','2025-01-07 14:15:44','','2025-01-07 19:28:37'),(746,33,'station_id','站点_id','bigint','Long','stationId','0','0','0','1','1','1','1','EQ','input','',34,'admin','2025-01-07 14:15:44','','2025-01-07 19:28:37'),(747,33,'sn','设备型号','varchar(30)','String','sn','0','0','0','1','1','1','1','EQ','input','',35,'admin','2025-01-07 14:15:44','','2025-01-07 19:28:37'),(748,34,'id','主键id','bigint','Long','id','1','1','0','1',NULL,NULL,NULL,'EQ','input','',1,'admin','2025-01-07 14:21:03','','2025-01-07 19:28:39'),(749,34,'station_id','站点id','bigint','Long','stationId','0','0','1','1','1','1','1','EQ','input','',2,'admin','2025-01-07 14:21:03','','2025-01-07 19:28:39'),(750,34,'station_name','站点名称','varchar(100)','String','stationName','0','0','1','1','1','1','1','LIKE','input','',3,'admin','2025-01-07 14:21:03','','2025-01-07 19:28:39'),(751,34,'date','日期','datetime','Date','date','0','0','1','1','1','1','1','EQ','datetime','',4,'admin','2025-01-07 14:21:03','','2025-01-07 19:28:39'),(752,34,'aqi','空气质量指数','double','Long','aqi','0','0','1','1','1','1','1','EQ','input','',5,'admin','2025-01-07 14:21:03','','2025-01-07 19:28:39'),(753,34,'temperature','温度','double','Long','temperature','0','0','0','1','1','1','1','EQ','input','',6,'admin','2025-01-07 14:21:03','','2025-01-07 19:28:39'),(754,34,'wind_speed','风速','double','Long','windSpeed','0','0','0','1','1','1','1','EQ','input','',7,'admin','2025-01-07 14:21:03','','2025-01-07 19:28:39'),(755,34,'wind_direction','风向','double','Long','windDirection','0','0','0','1','1','1','1','EQ','input','',8,'admin','2025-01-07 14:21:03','','2025-01-07 19:28:39'),(756,34,'humidity','湿度','double','Long','humidity','0','0','0','1','1','1','1','EQ','input','',9,'admin','2025-01-07 14:21:03','','2025-01-07 19:28:39'),(757,34,'pressure','压力','double','Long','pressure','0','0','0','1','1','1','1','EQ','input','',10,'admin','2025-01-07 14:21:03','','2025-01-07 19:28:39'),(758,34,'noise','噪音','double','Long','noise','0','0','0','1','1','1','1','EQ','input','',11,'admin','2025-01-07 14:21:03','','2025-01-07 19:28:39'),(759,34,'pm','pm2.5浓度','int','Long','pm','0','0','1','1','1','1','1','EQ','input','',12,'admin','2025-01-07 14:21:03','','2025-01-07 19:28:39'),(760,34,'pm10','pm10浓度','int','Long','pm10','0','0','1','1','1','1','1','EQ','input','',13,'admin','2025-01-07 14:21:03','','2025-01-07 19:28:39'),(761,34,'so2_thickness','so2浓度','double','Long','so2Thickness','0','0','1','1','1','1','1','EQ','input','',14,'admin','2025-01-07 14:21:03','','2025-01-07 19:28:39'),(762,34,'no2_thickness','no2浓度','double','Long','no2Thickness','0','0','1','1','1','1','1','EQ','input','',15,'admin','2025-01-07 14:21:03','','2025-01-07 19:28:39'),(763,34,'co_thickness','co浓度','double','Long','coThickness','0','0','1','1','1','1','1','EQ','input','',16,'admin','2025-01-07 14:21:03','','2025-01-07 19:28:39'),(764,34,'co3_thickness','o3 浓度','double','Long','co3Thickness','0','0','1','1','1','1','1','EQ','input','',17,'admin','2025-01-07 14:21:03','','2025-01-07 19:28:39'),(765,34,'vosc_thickness','vocs浓度','int','Long','voscThickness','0','0','1','1','1','1','1','EQ','input','',18,'admin','2025-01-07 14:21:03','','2025-01-07 19:28:39'),(766,34,'pm0_3_above','粉尘pm0.3颗粒以上','double','Long','pm03Above','0','0','0','1','1','1','1','EQ','input','',19,'admin','2025-01-07 14:21:03','','2025-01-07 19:28:39'),(767,34,'pm0_5_above','粉尘pm0.5颗粒以上','double','Long','pm05Above','0','0','0','1','1','1','1','EQ','input','',20,'admin','2025-01-07 14:21:03','','2025-01-07 19:28:39'),(768,34,'pm1','粉尘pm1.0颗粒数','double','Long','pm1','0','0','0','1','1','1','1','EQ','input','',21,'admin','2025-01-07 14:21:03','','2025-01-07 19:28:39'),(769,34,'pm_25','粉尘pm2.5颗粒数','double','Long','pm25','0','0','0','1','1','1','1','EQ','input','',22,'admin','2025-01-07 14:21:03','','2025-01-07 19:28:39'),(770,34,'pm_10','粉尘pm10颗粒数','double','Long','pm10','0','0','0','1','1','1','1','EQ','input','',23,'admin','2025-01-07 14:21:03','','2025-01-07 19:28:39'),(771,34,'pm1_above','粉尘pm1.0颗粒以上','double','Long','pm1Above','0','0','0','1','1','1','1','EQ','input','',24,'admin','2025-01-07 14:21:03','','2025-01-07 19:28:39'),(772,34,'pm25_above','粉尘pm2.5颗粒以上','double','Long','pm25Above','0','0','0','1','1','1','1','EQ','input','',25,'admin','2025-01-07 14:21:03','','2025-01-07 19:28:39'),(773,34,'pm5_above','粉尘pm5颗粒以上','double','Long','pm5Above','0','0','0','1','1','1','1','EQ','input','',26,'admin','2025-01-07 14:21:03','','2025-01-07 19:28:39'),(774,34,'pm10_above','粉尘pm10颗粒以上','double','Long','pm10Above','0','0','0','1','1','1','1','EQ','input','',27,'admin','2025-01-07 14:21:03','','2025-01-07 19:28:39'),(775,34,'longitude','经度','double','Long','longitude','0','0','0','1','1','1','1','EQ','input','',28,'admin','2025-01-07 14:21:03','','2025-01-07 19:28:39'),(776,34,'latitude','纬度','double','Long','latitude','0','0','0','1','1','1','1','EQ','input','',29,'admin','2025-01-07 14:21:03','','2025-01-07 19:28:39'),(777,34,'tsp','pm100浓度','double','Long','tsp','0','0','0','1','1','1','1','EQ','input','',30,'admin','2025-01-07 14:21:03','','2025-01-07 19:28:39'),(778,34,'primaryPollutant','首要污染物','varchar(100)','String','primaryPollutant','0','0','0','1','1','1','1','EQ','input','',31,'admin','2025-01-07 14:21:03','','2025-01-07 19:28:39'),(779,34,'device_id','设备_id','bigint','Long','deviceId','0','0','0','1','1','1','1','EQ','input','',32,'admin','2025-01-07 14:21:03','','2025-01-07 19:28:39'),(780,34,'sn','设备型号','varchar(30)','String','sn','0','0','0','1','1','1','1','EQ','input','',33,'admin','2025-01-07 14:21:03','','2025-01-07 19:28:39'),(816,36,'id','主键id','bigint','Long','id','1','1','0','0',NULL,NULL,NULL,'EQ','input','',1,'admin','2025-01-07 14:31:34','','2025-01-07 20:04:14'),(817,36,'device_id','设备id','bigint','Long','deviceId','0','0','1','1','1','1','1','EQ','input','',2,'admin','2025-01-07 14:31:34','','2025-01-07 20:04:14'),(819,36,'date','日期','datetime','Date','date','0','0','0','0','0','0','0','EQ','datetime','',3,'admin','2025-01-07 14:31:34','','2025-01-07 20:04:14'),(820,36,'aqi','空气质量指数','double','Long','aqi','0','0','1','1','1','1','0','EQ','input','',4,'admin','2025-01-07 14:31:34','','2025-01-07 20:04:14'),(821,36,'temperature','温度','double','Long','temperature','0','0','1','1','1','1','0','EQ','input','',5,'admin','2025-01-07 14:31:34','','2025-01-07 20:04:14'),(822,36,'wind_speed','风速','double','Long','windSpeed','0','0','1','1','1','1','0','EQ','input','',6,'admin','2025-01-07 14:31:34','','2025-01-07 20:04:14'),(823,36,'wind_direction','风向','double','String','windDirection','0','0','1','1','1','1','0','EQ','input','',7,'admin','2025-01-07 14:31:34','','2025-01-07 20:04:14'),(824,36,'humidity','湿度','double','Long','humidity','0','0','1','1','1','1','0','EQ','input','',8,'admin','2025-01-07 14:31:34','','2025-01-07 20:04:14'),(825,36,'pressure','压力','double','Long','pressure','0','0','1','1','1','1','0','EQ','input','',9,'admin','2025-01-07 14:31:34','','2025-01-07 20:04:14'),(826,36,'noise','噪音','double','Long','noise','0','0','1','1','1','1','0','EQ','input','',10,'admin','2025-01-07 14:31:34','','2025-01-07 20:04:14'),(827,36,'pm','pm2.5浓度','int','Long','pm','0','0','1','1','1','1','0','EQ','input','',11,'admin','2025-01-07 14:31:34','','2025-01-07 20:04:14'),(828,36,'pm10','pm10浓度','int','Long','pm10','0','0','1','1','1','1','0','EQ','input','',12,'admin','2025-01-07 14:31:34','','2025-01-07 20:04:14'),(829,36,'so2_thickness','so2浓度','double','Long','so2Thickness','0','0','1','1','1','1','0','EQ','input','',13,'admin','2025-01-07 14:31:34','','2025-01-07 20:04:14'),(830,36,'no2_thickness','no2浓度','double','Long','no2Thickness','0','0','1','1','1','1','0','EQ','input','',14,'admin','2025-01-07 14:31:34','','2025-01-07 20:04:14'),(831,36,'co_thickness','co浓度','double','Long','coThickness','0','0','1','1','1','1','0','EQ','input','',15,'admin','2025-01-07 14:31:34','','2025-01-07 20:04:14'),(832,36,'co3_thickness','o3 浓度','double','Long','co3Thickness','0','0','1','1','1','1','0','EQ','input','',16,'admin','2025-01-07 14:31:34','','2025-01-07 20:04:14'),(833,36,'vosc_thickness','vocs浓度','int','Long','voscThickness','0','0','1','1','1','1','0','EQ','input','',17,'admin','2025-01-07 14:31:34','','2025-01-07 20:04:14'),(834,36,'pm0_3_above','粉尘pm0.3颗粒以上','double','Long','pm03Above','0','0','0','0','0','0','0','EQ','input','',18,'admin','2025-01-07 14:31:34','','2025-01-07 20:04:14'),(835,36,'pm0_5_above','粉尘pm0.5颗粒以上','double','Long','pm05Above','0','0','0','0','0','0','0','EQ','input','',19,'admin','2025-01-07 14:31:34','','2025-01-07 20:04:14'),(836,36,'pm1','粉尘pm1.0颗粒数','double','Long','pm1','0','0','0','0','0','0','0','EQ','input','',20,'admin','2025-01-07 14:31:34','','2025-01-07 20:04:14'),(837,36,'pm_25','粉尘pm2.5颗粒数','double','Long','pm25','0','0','0','0','0','0','0','EQ','input','',21,'admin','2025-01-07 14:31:34','','2025-01-07 20:04:14'),(838,36,'pm_10','粉尘pm10颗粒数','double','Long','pm10','0','0','0','0','0','0','0','EQ','input','',22,'admin','2025-01-07 14:31:34','','2025-01-07 20:04:14'),(839,36,'pm1_above','粉尘pm1.0颗粒以上','double','Long','pm1Above','0','0','0','0','0','0','0','EQ','input','',23,'admin','2025-01-07 14:31:34','','2025-01-07 20:04:14'),(840,36,'pm25_above','粉尘pm2.5颗粒以上','double','Long','pm25Above','0','0','0','0','0','0','0','EQ','input','',24,'admin','2025-01-07 14:31:34','','2025-01-07 20:04:14'),(841,36,'pm5_above','粉尘pm5颗粒以上','double','Long','pm5Above','0','0','0','0','0','0','0','EQ','input','',25,'admin','2025-01-07 14:31:34','','2025-01-07 20:04:14'),(842,36,'pm10_above','粉尘pm10颗粒以上','double','Long','pm10Above','0','0','0','0','0','0','0','EQ','input','',26,'admin','2025-01-07 14:31:34','','2025-01-07 20:04:14'),(843,36,'begin_time','开始时间','int','Date','beginTime','0','0','0','1','1','0','1','EQ','datetime','',27,'admin','2025-01-07 14:31:34','','2025-01-07 20:04:14'),(844,36,'end_time','结束时间','int','Date','endTime','0','0','0','1','1','0','1','EQ','datetime','',28,'admin','2025-01-07 14:31:34','','2025-01-07 20:04:14'),(845,36,'longitude','经度','double','Long','longitude','0','0','0','0','0','0','0','EQ','input','',29,'admin','2025-01-07 14:31:34','','2025-01-07 20:04:14'),(846,36,'latitude','纬度','double','Long','latitude','0','0','0','0','0','0','0','EQ','input','',30,'admin','2025-01-07 14:31:34','','2025-01-07 20:04:14'),(847,36,'tsp','pm100浓度','double','Long','tsp','0','0','0','0','0','0','0','EQ','input','',31,'admin','2025-01-07 14:31:34','','2025-01-07 20:04:14'),(848,36,'primaryPollutant','首要污染物','varchar(100)','String','primaryPollutant','0','0','0','1','1','0','0','EQ','input','',32,'admin','2025-01-07 14:31:34','','2025-01-07 20:04:14'),(849,36,'station_id','站点_id','bigint','Long','stationId','0','0','0','1','1','0','0','EQ','input','',33,'admin','2025-01-07 14:31:34','','2025-01-07 20:04:14'),(850,36,'sn','设备型号','varchar(30)','String','sn','0','0','0','0','0','0','0','EQ','input','',34,'admin','2025-01-07 14:31:34','','2025-01-07 20:04:14'),(851,33,'begin_time','开始时间','int','Long','beginTime','0','0','0','1','1','1','1','EQ','input','',28,'','2025-01-07 19:28:37','',NULL),(852,33,'end_time','结束时间','int','Long','endTime','0','0','0','1','1','1','1','EQ','input','',29,'','2025-01-07 19:28:37','',NULL);
/*!40000 ALTER TABLE `gen_table_column` ENABLE KEYS */;
UNLOCK TABLES;

--
-- Table structure for table `interface_log`
--

DROP TABLE IF EXISTS `interface_log`;
/*!40101 SET @saved_cs_client     = @@character_set_client */;
/*!50503 SET character_set_client = utf8mb4 */;
CREATE TABLE `interface_log` (
  `id` bigint NOT NULL AUTO_INCREMENT COMMENT '主键',
  `data_count` int DEFAULT NULL COMMENT '数据条数',
  `device_addcount` int DEFAULT NULL COMMENT '设备添加数',
  `msg` varchar(300) CHARACTER SET utf8mb4 COLLATE utf8mb4_general_ci DEFAULT NULL COMMENT '日志信息',
  `status` int DEFAULT NULL COMMENT '状态',
  `create_time` datetime DEFAULT NULL COMMENT '创建时间',
  `modify_date` datetime DEFAULT NULL COMMENT '修改时间',
  `device_updatecount` int DEFAULT NULL COMMENT '设备修改数',
  `type` int DEFAULT NULL COMMENT '类型',
  `dept_name` varchar(100) CHARACTER SET utf8mb4 COLLATE utf8mb4_general_ci DEFAULT NULL COMMENT '部门名称',
  `user_id` bigint DEFAULT NULL COMMENT '用户ID（关联部门）',
  PRIMARY KEY (`id`) USING BTREE,
  KEY `idx_user_id` (`user_id`),
  CONSTRAINT `log_ibfk_1` FOREIGN KEY (`user_id`) REFERENCES `sys_user` (`user_id`) ON DELETE RESTRICT ON UPDATE CASCADE
) ENGINE=InnoDB AUTO_INCREMENT=2 DEFAULT CHARSET=utf8mb4 COLLATE=utf8mb4_general_ci ROW_FORMAT=DYNAMIC COMMENT='接口日志';
/*!40101 SET character_set_client = @saved_cs_client */;

--
-- Dumping data for table `interface_log`
--

LOCK TABLES `interface_log` WRITE;
/*!40000 ALTER TABLE `interface_log` DISABLE KEYS */;
INSERT INTO `interface_log` VALUES (1,12,122,'接口访问没有设备信息返回',0,'2025-01-07 19:35:50','2025-01-08 00:00:00',22,2,NULL,2);
/*!40000 ALTER TABLE `interface_log` ENABLE KEYS */;
UNLOCK TABLES;

--
-- Table structure for table `project`
--

DROP TABLE IF EXISTS `project`;
/*!40101 SET @saved_cs_client     = @@character_set_client */;
/*!50503 SET character_set_client = utf8mb4 */;
CREATE TABLE `project` (
  `id` bigint NOT NULL AUTO_INCREMENT COMMENT '主键',
  `url` varchar(1000) CHARACTER SET utf8mb4 COLLATE utf8mb4_general_ci DEFAULT NULL COMMENT '二维码',
  `name` varchar(50) CHARACTER SET utf8mb4 COLLATE utf8mb4_general_ci DEFAULT NULL COMMENT '项目名称（中文）',
  `code` varchar(50) CHARACTER SET utf8mb4 COLLATE utf8mb4_general_ci DEFAULT NULL COMMENT 'App代码（用于手机端软件识别使用，每个应用都有唯一编号）',
  `remark` varchar(1000) CHARACTER SET utf8mb4 COLLATE utf8mb4_general_ci DEFAULT NULL COMMENT '备注',
  `type` varchar(10) CHARACTER SET utf8mb4 COLLATE utf8mb4_general_ci DEFAULT NULL COMMENT '类别（android, ios, web）',
  `created_time` datetime NOT NULL DEFAULT CURRENT_TIMESTAMP COMMENT '创建时间',
  `last_updated_time` timestamp NOT NULL DEFAULT CURRENT_TIMESTAMP ON UPDATE CURRENT_TIMESTAMP COMMENT '最后修改时间',
  PRIMARY KEY (`id`) USING BTREE,
  KEY `idx_project_id` (`id`) USING BTREE
) ENGINE=InnoDB AUTO_INCREMENT=2 DEFAULT CHARSET=utf8mb4 COLLATE=utf8mb4_general_ci ROW_FORMAT=DYNAMIC COMMENT='项目管理';
/*!40101 SET character_set_client = @saved_cs_client */;

--
-- Dumping data for table `project`
--

LOCK TABLES `project` WRITE;
/*!40000 ALTER TABLE `project` DISABLE KEYS */;
INSERT INTO `project` VALUES (1,'/profile/upload/2025/01/07/js执行机制_20250107193601A001.png','建筑扬尘','1570875593000',NULL,'1','2025-01-21 00:00:00','2025-01-07 11:36:15');
/*!40000 ALTER TABLE `project` ENABLE KEYS */;
UNLOCK TABLES;

--
-- Table structure for table `qrtz_blob_triggers`
--

DROP TABLE IF EXISTS `qrtz_blob_triggers`;
/*!40101 SET @saved_cs_client     = @@character_set_client */;
/*!50503 SET character_set_client = utf8mb4 */;
CREATE TABLE `qrtz_blob_triggers` (
  `sched_name` varchar(120) CHARACTER SET utf8mb4 COLLATE utf8mb4_0900_ai_ci NOT NULL COMMENT '调度名称',
  `trigger_name` varchar(200) CHARACTER SET utf8mb4 COLLATE utf8mb4_0900_ai_ci NOT NULL COMMENT 'qrtz_triggers表trigger_name的外键',
  `trigger_group` varchar(200) CHARACTER SET utf8mb4 COLLATE utf8mb4_0900_ai_ci NOT NULL COMMENT 'qrtz_triggers表trigger_group的外键',
  `blob_data` blob COMMENT '存放持久化Trigger对象',
  PRIMARY KEY (`sched_name`,`trigger_name`,`trigger_group`) USING BTREE,
  CONSTRAINT `qrtz_blob_triggers_ibfk_1` FOREIGN KEY (`sched_name`, `trigger_name`, `trigger_group`) REFERENCES `qrtz_triggers` (`sched_name`, `trigger_name`, `trigger_group`) ON DELETE RESTRICT ON UPDATE RESTRICT
) ENGINE=InnoDB DEFAULT CHARSET=utf8mb4 COLLATE=utf8mb4_0900_ai_ci ROW_FORMAT=DYNAMIC COMMENT='Blob类型的触发器表';
/*!40101 SET character_set_client = @saved_cs_client */;

--
-- Dumping data for table `qrtz_blob_triggers`
--

LOCK TABLES `qrtz_blob_triggers` WRITE;
/*!40000 ALTER TABLE `qrtz_blob_triggers` DISABLE KEYS */;
/*!40000 ALTER TABLE `qrtz_blob_triggers` ENABLE KEYS */;
UNLOCK TABLES;

--
-- Table structure for table `qrtz_calendars`
--

DROP TABLE IF EXISTS `qrtz_calendars`;
/*!40101 SET @saved_cs_client     = @@character_set_client */;
/*!50503 SET character_set_client = utf8mb4 */;
CREATE TABLE `qrtz_calendars` (
  `sched_name` varchar(120) CHARACTER SET utf8mb4 COLLATE utf8mb4_0900_ai_ci NOT NULL COMMENT '调度名称',
  `calendar_name` varchar(200) CHARACTER SET utf8mb4 COLLATE utf8mb4_0900_ai_ci NOT NULL COMMENT '日历名称',
  `calendar` blob NOT NULL COMMENT '存放持久化calendar对象',
  PRIMARY KEY (`sched_name`,`calendar_name`) USING BTREE
) ENGINE=InnoDB DEFAULT CHARSET=utf8mb4 COLLATE=utf8mb4_0900_ai_ci ROW_FORMAT=DYNAMIC COMMENT='日历信息表';
/*!40101 SET character_set_client = @saved_cs_client */;

--
-- Dumping data for table `qrtz_calendars`
--

LOCK TABLES `qrtz_calendars` WRITE;
/*!40000 ALTER TABLE `qrtz_calendars` DISABLE KEYS */;
/*!40000 ALTER TABLE `qrtz_calendars` ENABLE KEYS */;
UNLOCK TABLES;

--
-- Table structure for table `qrtz_cron_triggers`
--

DROP TABLE IF EXISTS `qrtz_cron_triggers`;
/*!40101 SET @saved_cs_client     = @@character_set_client */;
/*!50503 SET character_set_client = utf8mb4 */;
CREATE TABLE `qrtz_cron_triggers` (
  `sched_name` varchar(120) CHARACTER SET utf8mb4 COLLATE utf8mb4_0900_ai_ci NOT NULL COMMENT '调度名称',
  `trigger_name` varchar(200) CHARACTER SET utf8mb4 COLLATE utf8mb4_0900_ai_ci NOT NULL COMMENT 'qrtz_triggers表trigger_name的外键',
  `trigger_group` varchar(200) CHARACTER SET utf8mb4 COLLATE utf8mb4_0900_ai_ci NOT NULL COMMENT 'qrtz_triggers表trigger_group的外键',
  `cron_expression` varchar(200) CHARACTER SET utf8mb4 COLLATE utf8mb4_0900_ai_ci NOT NULL COMMENT 'cron表达式',
  `time_zone_id` varchar(80) CHARACTER SET utf8mb4 COLLATE utf8mb4_0900_ai_ci DEFAULT NULL COMMENT '时区',
  PRIMARY KEY (`sched_name`,`trigger_name`,`trigger_group`) USING BTREE,
  CONSTRAINT `qrtz_cron_triggers_ibfk_1` FOREIGN KEY (`sched_name`, `trigger_name`, `trigger_group`) REFERENCES `qrtz_triggers` (`sched_name`, `trigger_name`, `trigger_group`) ON DELETE RESTRICT ON UPDATE RESTRICT
) ENGINE=InnoDB DEFAULT CHARSET=utf8mb4 COLLATE=utf8mb4_0900_ai_ci ROW_FORMAT=DYNAMIC COMMENT='Cron类型的触发器表';
/*!40101 SET character_set_client = @saved_cs_client */;

--
-- Dumping data for table `qrtz_cron_triggers`
--

LOCK TABLES `qrtz_cron_triggers` WRITE;
/*!40000 ALTER TABLE `qrtz_cron_triggers` DISABLE KEYS */;
/*!40000 ALTER TABLE `qrtz_cron_triggers` ENABLE KEYS */;
UNLOCK TABLES;

--
-- Table structure for table `qrtz_fired_triggers`
--

DROP TABLE IF EXISTS `qrtz_fired_triggers`;
/*!40101 SET @saved_cs_client     = @@character_set_client */;
/*!50503 SET character_set_client = utf8mb4 */;
CREATE TABLE `qrtz_fired_triggers` (
  `sched_name` varchar(120) CHARACTER SET utf8mb4 COLLATE utf8mb4_0900_ai_ci NOT NULL COMMENT '调度名称',
  `entry_id` varchar(95) CHARACTER SET utf8mb4 COLLATE utf8mb4_0900_ai_ci NOT NULL COMMENT '调度器实例id',
  `trigger_name` varchar(200) CHARACTER SET utf8mb4 COLLATE utf8mb4_0900_ai_ci NOT NULL COMMENT 'qrtz_triggers表trigger_name的外键',
  `trigger_group` varchar(200) CHARACTER SET utf8mb4 COLLATE utf8mb4_0900_ai_ci NOT NULL COMMENT 'qrtz_triggers表trigger_group的外键',
  `instance_name` varchar(200) CHARACTER SET utf8mb4 COLLATE utf8mb4_0900_ai_ci NOT NULL COMMENT '调度器实例名',
  `fired_time` bigint NOT NULL COMMENT '触发的时间',
  `sched_time` bigint NOT NULL COMMENT '定时器制定的时间',
  `priority` int NOT NULL COMMENT '优先级',
  `state` varchar(16) CHARACTER SET utf8mb4 COLLATE utf8mb4_0900_ai_ci NOT NULL COMMENT '状态',
  `job_name` varchar(200) CHARACTER SET utf8mb4 COLLATE utf8mb4_0900_ai_ci DEFAULT NULL COMMENT '任务名称',
  `job_group` varchar(200) CHARACTER SET utf8mb4 COLLATE utf8mb4_0900_ai_ci DEFAULT NULL COMMENT '任务组名',
  `is_nonconcurrent` varchar(1) CHARACTER SET utf8mb4 COLLATE utf8mb4_0900_ai_ci DEFAULT NULL COMMENT '是否并发',
  `requests_recovery` varchar(1) CHARACTER SET utf8mb4 COLLATE utf8mb4_0900_ai_ci DEFAULT NULL COMMENT '是否接受恢复执行',
  PRIMARY KEY (`sched_name`,`entry_id`) USING BTREE
) ENGINE=InnoDB DEFAULT CHARSET=utf8mb4 COLLATE=utf8mb4_0900_ai_ci ROW_FORMAT=DYNAMIC COMMENT='已触发的触发器表';
/*!40101 SET character_set_client = @saved_cs_client */;

--
-- Dumping data for table `qrtz_fired_triggers`
--

LOCK TABLES `qrtz_fired_triggers` WRITE;
/*!40000 ALTER TABLE `qrtz_fired_triggers` DISABLE KEYS */;
/*!40000 ALTER TABLE `qrtz_fired_triggers` ENABLE KEYS */;
UNLOCK TABLES;

--
-- Table structure for table `qrtz_job_details`
--

DROP TABLE IF EXISTS `qrtz_job_details`;
/*!40101 SET @saved_cs_client     = @@character_set_client */;
/*!50503 SET character_set_client = utf8mb4 */;
CREATE TABLE `qrtz_job_details` (
  `sched_name` varchar(120) CHARACTER SET utf8mb4 COLLATE utf8mb4_0900_ai_ci NOT NULL COMMENT '调度名称',
  `job_name` varchar(200) CHARACTER SET utf8mb4 COLLATE utf8mb4_0900_ai_ci NOT NULL COMMENT '任务名称',
  `job_group` varchar(200) CHARACTER SET utf8mb4 COLLATE utf8mb4_0900_ai_ci NOT NULL COMMENT '任务组名',
  `description` varchar(250) CHARACTER SET utf8mb4 COLLATE utf8mb4_0900_ai_ci DEFAULT NULL COMMENT '相关介绍',
  `job_class_name` varchar(250) CHARACTER SET utf8mb4 COLLATE utf8mb4_0900_ai_ci NOT NULL COMMENT '执行任务类名称',
  `is_durable` varchar(1) CHARACTER SET utf8mb4 COLLATE utf8mb4_0900_ai_ci NOT NULL COMMENT '是否持久化',
  `is_nonconcurrent` varchar(1) CHARACTER SET utf8mb4 COLLATE utf8mb4_0900_ai_ci NOT NULL COMMENT '是否并发',
  `is_update_data` varchar(1) CHARACTER SET utf8mb4 COLLATE utf8mb4_0900_ai_ci NOT NULL COMMENT '是否更新数据',
  `requests_recovery` varchar(1) CHARACTER SET utf8mb4 COLLATE utf8mb4_0900_ai_ci NOT NULL COMMENT '是否接受恢复执行',
  `job_data` blob COMMENT '存放持久化job对象',
  PRIMARY KEY (`sched_name`,`job_name`,`job_group`) USING BTREE
) ENGINE=InnoDB DEFAULT CHARSET=utf8mb4 COLLATE=utf8mb4_0900_ai_ci ROW_FORMAT=DYNAMIC COMMENT='任务详细信息表';
/*!40101 SET character_set_client = @saved_cs_client */;

--
-- Dumping data for table `qrtz_job_details`
--

LOCK TABLES `qrtz_job_details` WRITE;
/*!40000 ALTER TABLE `qrtz_job_details` DISABLE KEYS */;
/*!40000 ALTER TABLE `qrtz_job_details` ENABLE KEYS */;
UNLOCK TABLES;

--
-- Table structure for table `qrtz_locks`
--

DROP TABLE IF EXISTS `qrtz_locks`;
/*!40101 SET @saved_cs_client     = @@character_set_client */;
/*!50503 SET character_set_client = utf8mb4 */;
CREATE TABLE `qrtz_locks` (
  `sched_name` varchar(120) CHARACTER SET utf8mb4 COLLATE utf8mb4_0900_ai_ci NOT NULL COMMENT '调度名称',
  `lock_name` varchar(40) CHARACTER SET utf8mb4 COLLATE utf8mb4_0900_ai_ci NOT NULL COMMENT '悲观锁名称',
  PRIMARY KEY (`sched_name`,`lock_name`) USING BTREE
) ENGINE=InnoDB DEFAULT CHARSET=utf8mb4 COLLATE=utf8mb4_0900_ai_ci ROW_FORMAT=DYNAMIC COMMENT='存储的悲观锁信息表';
/*!40101 SET character_set_client = @saved_cs_client */;

--
-- Dumping data for table `qrtz_locks`
--

LOCK TABLES `qrtz_locks` WRITE;
/*!40000 ALTER TABLE `qrtz_locks` DISABLE KEYS */;
/*!40000 ALTER TABLE `qrtz_locks` ENABLE KEYS */;
UNLOCK TABLES;

--
-- Table structure for table `qrtz_paused_trigger_grps`
--

DROP TABLE IF EXISTS `qrtz_paused_trigger_grps`;
/*!40101 SET @saved_cs_client     = @@character_set_client */;
/*!50503 SET character_set_client = utf8mb4 */;
CREATE TABLE `qrtz_paused_trigger_grps` (
  `sched_name` varchar(120) CHARACTER SET utf8mb4 COLLATE utf8mb4_0900_ai_ci NOT NULL COMMENT '调度名称',
  `trigger_group` varchar(200) CHARACTER SET utf8mb4 COLLATE utf8mb4_0900_ai_ci NOT NULL COMMENT 'qrtz_triggers表trigger_group的外键',
  PRIMARY KEY (`sched_name`,`trigger_group`) USING BTREE
) ENGINE=InnoDB DEFAULT CHARSET=utf8mb4 COLLATE=utf8mb4_0900_ai_ci ROW_FORMAT=DYNAMIC COMMENT='暂停的触发器表';
/*!40101 SET character_set_client = @saved_cs_client */;

--
-- Dumping data for table `qrtz_paused_trigger_grps`
--

LOCK TABLES `qrtz_paused_trigger_grps` WRITE;
/*!40000 ALTER TABLE `qrtz_paused_trigger_grps` DISABLE KEYS */;
/*!40000 ALTER TABLE `qrtz_paused_trigger_grps` ENABLE KEYS */;
UNLOCK TABLES;

--
-- Table structure for table `qrtz_scheduler_state`
--

DROP TABLE IF EXISTS `qrtz_scheduler_state`;
/*!40101 SET @saved_cs_client     = @@character_set_client */;
/*!50503 SET character_set_client = utf8mb4 */;
CREATE TABLE `qrtz_scheduler_state` (
  `sched_name` varchar(120) CHARACTER SET utf8mb4 COLLATE utf8mb4_0900_ai_ci NOT NULL COMMENT '调度名称',
  `instance_name` varchar(200) CHARACTER SET utf8mb4 COLLATE utf8mb4_0900_ai_ci NOT NULL COMMENT '实例名称',
  `last_checkin_time` bigint NOT NULL COMMENT '上次检查时间',
  `checkin_interval` bigint NOT NULL COMMENT '检查间隔时间',
  PRIMARY KEY (`sched_name`,`instance_name`) USING BTREE
) ENGINE=InnoDB DEFAULT CHARSET=utf8mb4 COLLATE=utf8mb4_0900_ai_ci ROW_FORMAT=DYNAMIC COMMENT='调度器状态表';
/*!40101 SET character_set_client = @saved_cs_client */;

--
-- Dumping data for table `qrtz_scheduler_state`
--

LOCK TABLES `qrtz_scheduler_state` WRITE;
/*!40000 ALTER TABLE `qrtz_scheduler_state` DISABLE KEYS */;
/*!40000 ALTER TABLE `qrtz_scheduler_state` ENABLE KEYS */;
UNLOCK TABLES;

--
-- Table structure for table `qrtz_simple_triggers`
--

DROP TABLE IF EXISTS `qrtz_simple_triggers`;
/*!40101 SET @saved_cs_client     = @@character_set_client */;
/*!50503 SET character_set_client = utf8mb4 */;
CREATE TABLE `qrtz_simple_triggers` (
  `sched_name` varchar(120) CHARACTER SET utf8mb4 COLLATE utf8mb4_0900_ai_ci NOT NULL COMMENT '调度名称',
  `trigger_name` varchar(200) CHARACTER SET utf8mb4 COLLATE utf8mb4_0900_ai_ci NOT NULL COMMENT 'qrtz_triggers表trigger_name的外键',
  `trigger_group` varchar(200) CHARACTER SET utf8mb4 COLLATE utf8mb4_0900_ai_ci NOT NULL COMMENT 'qrtz_triggers表trigger_group的外键',
  `repeat_count` bigint NOT NULL COMMENT '重复的次数统计',
  `repeat_interval` bigint NOT NULL COMMENT '重复的间隔时间',
  `times_triggered` bigint NOT NULL COMMENT '已经触发的次数',
  PRIMARY KEY (`sched_name`,`trigger_name`,`trigger_group`) USING BTREE,
  CONSTRAINT `qrtz_simple_triggers_ibfk_1` FOREIGN KEY (`sched_name`, `trigger_name`, `trigger_group`) REFERENCES `qrtz_triggers` (`sched_name`, `trigger_name`, `trigger_group`) ON DELETE RESTRICT ON UPDATE RESTRICT
) ENGINE=InnoDB DEFAULT CHARSET=utf8mb4 COLLATE=utf8mb4_0900_ai_ci ROW_FORMAT=DYNAMIC COMMENT='简单触发器的信息表';
/*!40101 SET character_set_client = @saved_cs_client */;

--
-- Dumping data for table `qrtz_simple_triggers`
--

LOCK TABLES `qrtz_simple_triggers` WRITE;
/*!40000 ALTER TABLE `qrtz_simple_triggers` DISABLE KEYS */;
/*!40000 ALTER TABLE `qrtz_simple_triggers` ENABLE KEYS */;
UNLOCK TABLES;

--
-- Table structure for table `qrtz_simprop_triggers`
--

DROP TABLE IF EXISTS `qrtz_simprop_triggers`;
/*!40101 SET @saved_cs_client     = @@character_set_client */;
/*!50503 SET character_set_client = utf8mb4 */;
CREATE TABLE `qrtz_simprop_triggers` (
  `sched_name` varchar(120) CHARACTER SET utf8mb4 COLLATE utf8mb4_0900_ai_ci NOT NULL COMMENT '调度名称',
  `trigger_name` varchar(200) CHARACTER SET utf8mb4 COLLATE utf8mb4_0900_ai_ci NOT NULL COMMENT 'qrtz_triggers表trigger_name的外键',
  `trigger_group` varchar(200) CHARACTER SET utf8mb4 COLLATE utf8mb4_0900_ai_ci NOT NULL COMMENT 'qrtz_triggers表trigger_group的外键',
  `str_prop_1` varchar(512) CHARACTER SET utf8mb4 COLLATE utf8mb4_0900_ai_ci DEFAULT NULL COMMENT 'String类型的trigger的第一个参数',
  `str_prop_2` varchar(512) CHARACTER SET utf8mb4 COLLATE utf8mb4_0900_ai_ci DEFAULT NULL COMMENT 'String类型的trigger的第二个参数',
  `str_prop_3` varchar(512) CHARACTER SET utf8mb4 COLLATE utf8mb4_0900_ai_ci DEFAULT NULL COMMENT 'String类型的trigger的第三个参数',
  `int_prop_1` int DEFAULT NULL COMMENT 'int类型的trigger的第一个参数',
  `int_prop_2` int DEFAULT NULL COMMENT 'int类型的trigger的第二个参数',
  `long_prop_1` bigint DEFAULT NULL COMMENT 'long类型的trigger的第一个参数',
  `long_prop_2` bigint DEFAULT NULL COMMENT 'long类型的trigger的第二个参数',
  `dec_prop_1` decimal(13,4) DEFAULT NULL COMMENT 'decimal类型的trigger的第一个参数',
  `dec_prop_2` decimal(13,4) DEFAULT NULL COMMENT 'decimal类型的trigger的第二个参数',
  `bool_prop_1` varchar(1) CHARACTER SET utf8mb4 COLLATE utf8mb4_0900_ai_ci DEFAULT NULL COMMENT 'Boolean类型的trigger的第一个参数',
  `bool_prop_2` varchar(1) CHARACTER SET utf8mb4 COLLATE utf8mb4_0900_ai_ci DEFAULT NULL COMMENT 'Boolean类型的trigger的第二个参数',
  PRIMARY KEY (`sched_name`,`trigger_name`,`trigger_group`) USING BTREE,
  CONSTRAINT `qrtz_simprop_triggers_ibfk_1` FOREIGN KEY (`sched_name`, `trigger_name`, `trigger_group`) REFERENCES `qrtz_triggers` (`sched_name`, `trigger_name`, `trigger_group`) ON DELETE RESTRICT ON UPDATE RESTRICT
) ENGINE=InnoDB DEFAULT CHARSET=utf8mb4 COLLATE=utf8mb4_0900_ai_ci ROW_FORMAT=DYNAMIC COMMENT='同步机制的行锁表';
/*!40101 SET character_set_client = @saved_cs_client */;

--
-- Dumping data for table `qrtz_simprop_triggers`
--

LOCK TABLES `qrtz_simprop_triggers` WRITE;
/*!40000 ALTER TABLE `qrtz_simprop_triggers` DISABLE KEYS */;
/*!40000 ALTER TABLE `qrtz_simprop_triggers` ENABLE KEYS */;
UNLOCK TABLES;

--
-- Table structure for table `qrtz_triggers`
--

DROP TABLE IF EXISTS `qrtz_triggers`;
/*!40101 SET @saved_cs_client     = @@character_set_client */;
/*!50503 SET character_set_client = utf8mb4 */;
CREATE TABLE `qrtz_triggers` (
  `sched_name` varchar(120) CHARACTER SET utf8mb4 COLLATE utf8mb4_0900_ai_ci NOT NULL COMMENT '调度名称',
  `trigger_name` varchar(200) CHARACTER SET utf8mb4 COLLATE utf8mb4_0900_ai_ci NOT NULL COMMENT '触发器的名字',
  `trigger_group` varchar(200) CHARACTER SET utf8mb4 COLLATE utf8mb4_0900_ai_ci NOT NULL COMMENT '触发器所属组的名字',
  `job_name` varchar(200) CHARACTER SET utf8mb4 COLLATE utf8mb4_0900_ai_ci NOT NULL COMMENT 'qrtz_job_details表job_name的外键',
  `job_group` varchar(200) CHARACTER SET utf8mb4 COLLATE utf8mb4_0900_ai_ci NOT NULL COMMENT 'qrtz_job_details表job_group的外键',
  `description` varchar(250) CHARACTER SET utf8mb4 COLLATE utf8mb4_0900_ai_ci DEFAULT NULL COMMENT '相关介绍',
  `next_fire_time` bigint DEFAULT NULL COMMENT '上一次触发时间（毫秒）',
  `prev_fire_time` bigint DEFAULT NULL COMMENT '下一次触发时间（默认为-1表示不触发）',
  `priority` int DEFAULT NULL COMMENT '优先级',
  `trigger_state` varchar(16) CHARACTER SET utf8mb4 COLLATE utf8mb4_0900_ai_ci NOT NULL COMMENT '触发器状态',
  `trigger_type` varchar(8) CHARACTER SET utf8mb4 COLLATE utf8mb4_0900_ai_ci NOT NULL COMMENT '触发器的类型',
  `start_time` bigint NOT NULL COMMENT '开始时间',
  `end_time` bigint DEFAULT NULL COMMENT '结束时间',
  `calendar_name` varchar(200) CHARACTER SET utf8mb4 COLLATE utf8mb4_0900_ai_ci DEFAULT NULL COMMENT '日程表名称',
  `misfire_instr` smallint DEFAULT NULL COMMENT '补偿执行的策略',
  `job_data` blob COMMENT '存放持久化job对象',
  PRIMARY KEY (`sched_name`,`trigger_name`,`trigger_group`) USING BTREE,
  KEY `sched_name` (`sched_name`,`job_name`,`job_group`) USING BTREE,
  CONSTRAINT `qrtz_triggers_ibfk_1` FOREIGN KEY (`sched_name`, `job_name`, `job_group`) REFERENCES `qrtz_job_details` (`sched_name`, `job_name`, `job_group`) ON DELETE RESTRICT ON UPDATE RESTRICT
) ENGINE=InnoDB DEFAULT CHARSET=utf8mb4 COLLATE=utf8mb4_0900_ai_ci ROW_FORMAT=DYNAMIC COMMENT='触发器详细信息表';
/*!40101 SET character_set_client = @saved_cs_client */;

--
-- Dumping data for table `qrtz_triggers`
--

LOCK TABLES `qrtz_triggers` WRITE;
/*!40000 ALTER TABLE `qrtz_triggers` DISABLE KEYS */;
/*!40000 ALTER TABLE `qrtz_triggers` ENABLE KEYS */;
UNLOCK TABLES;

--
-- Table structure for table `station`
--

DROP TABLE IF EXISTS `station`;
/*!40101 SET @saved_cs_client     = @@character_set_client */;
/*!50503 SET character_set_client = utf8mb4 */;
CREATE TABLE `station` (
  `id` bigint NOT NULL AUTO_INCREMENT,
  `station_code` varchar(50) CHARACTER SET utf8mb4 COLLATE utf8mb4_unicode_ci DEFAULT NULL COMMENT '站点代码',
  `station_name` varchar(150) CHARACTER SET utf8mb4 COLLATE utf8mb4_unicode_ci DEFAULT NULL COMMENT '站点名称',
  `river_name` varchar(100) CHARACTER SET utf8mb4 COLLATE utf8mb4_unicode_ci DEFAULT NULL COMMENT '河流名称',
  `river_code` varchar(50) CHARACTER SET utf8mb4 COLLATE utf8mb4_unicode_ci DEFAULT NULL COMMENT '河流代码',
  `section_name` varchar(100) CHARACTER SET utf8mb4 COLLATE utf8mb4_unicode_ci DEFAULT NULL COMMENT '断面名称（水质监测）',
  `section_code` varchar(100) CHARACTER SET utf8mb4 COLLATE utf8mb4_unicode_ci DEFAULT NULL COMMENT '断面代码',
  `river_level` int DEFAULT NULL COMMENT '断面所在河流级别：1：干流；2：平原区；3：一级支流',
  `inward_water` varchar(100) CHARACTER SET utf8mb4 COLLATE utf8mb4_unicode_ci DEFAULT NULL COMMENT '汇入水体（河、湖、库、渠）',
  `section_properties` varchar(100) CHARACTER SET utf8mb4 COLLATE utf8mb4_unicode_ci DEFAULT NULL COMMENT '河流断面属性',
  `monitoring_way` int DEFAULT NULL COMMENT '监测方式（1：自动站；2：手工站）',
  `section_control_level` int DEFAULT NULL COMMENT '断面控制级别（1：国控；2：省控；3：市控；4：县控）',
  `province` int DEFAULT NULL COMMENT '省',
  `province_cn` varchar(50) CHARACTER SET utf8mb4 COLLATE utf8mb4_unicode_ci DEFAULT NULL COMMENT '省简称',
  `city` int DEFAULT NULL COMMENT '市',
  `city_cn` varchar(50) CHARACTER SET utf8mb4 COLLATE utf8mb4_unicode_ci DEFAULT NULL COMMENT '市简称',
  `county` int DEFAULT NULL COMMENT '区/县',
  `county_cn` varchar(50) CHARACTER SET utf8mb4 COLLATE utf8mb4_unicode_ci DEFAULT NULL COMMENT '区/县简称',
  `town` int DEFAULT NULL COMMENT '乡/镇',
  `town_cn` varchar(50) CHARACTER SET utf8mb4 COLLATE utf8mb4_unicode_ci DEFAULT NULL COMMENT '乡/镇简称',
  `department_id` bigint DEFAULT NULL COMMENT '部门ID',
  `system_user_id` bigint DEFAULT NULL COMMENT '操作员',
  `created_time` datetime DEFAULT NULL COMMENT '创建时间',
  `last_updated_time` datetime DEFAULT NULL COMMENT '最后修改时间',
  `longitude` double DEFAULT NULL COMMENT '经度',
  `latitude` double DEFAULT NULL COMMENT '纬度',
  `type` int DEFAULT NULL COMMENT '站点类型（1：空气监测；2：水质监测；3：土壤监测）',
  `remark` text CHARACTER SET utf8mb4 COLLATE utf8mb4_unicode_ci COMMENT '备注',
  `station_status` int DEFAULT NULL COMMENT '状态（1：正常；2：停用；3：删除）',
  `phone` varchar(50) CHARACTER SET utf8mb4 COLLATE utf8mb4_unicode_ci DEFAULT NULL COMMENT '电话',
  `link_man` varchar(50) CHARACTER SET utf8mb4 COLLATE utf8mb4_unicode_ci DEFAULT NULL COMMENT '联系人',
  `country_name` varchar(100) CHARACTER SET utf8mb4 COLLATE utf8mb4_unicode_ci DEFAULT NULL COMMENT '国控站名称',
  `country_id` bigint DEFAULT NULL COMMENT '国控站ID',
  `floor_space` int DEFAULT NULL COMMENT '占地面积',
  `licens_number` varchar(32) CHARACTER SET utf8mb4 COLLATE utf8mb4_unicode_ci DEFAULT NULL COMMENT '施工许可证编号',
  `from_resource` int DEFAULT NULL COMMENT '数据来源（0:本平台；1:第三方）',
  `jsdwmc` varchar(150) CHARACTER SET utf8mb4 COLLATE utf8mb4_unicode_ci DEFAULT NULL COMMENT '建设单位名称',
  `jstsyhydm` varchar(18) CHARACTER SET utf8mb4 COLLATE utf8mb4_unicode_ci DEFAULT NULL,
  `sgdwmc` varchar(150) CHARACTER SET utf8mb4 COLLATE utf8mb4_unicode_ci DEFAULT NULL COMMENT '施工单位名称',
  `sgtshyhdym` varchar(18) CHARACTER SET utf8mb4 COLLATE utf8mb4_unicode_ci DEFAULT NULL,
  `jgbm` varchar(20) CHARACTER SET utf8mb4 COLLATE utf8mb4_unicode_ci DEFAULT NULL COMMENT '监管编码',
  `jgzr` varchar(20) CHARACTER SET utf8mb4 COLLATE utf8mb4_unicode_ci DEFAULT NULL COMMENT '监管责任',
  `jgzrdh` varchar(11) CHARACTER SET utf8mb4 COLLATE utf8mb4_unicode_ci DEFAULT NULL COMMENT '监管责任电话',
  `sjjd` char(1) CHARACTER SET utf8mb4 COLLATE utf8mb4_unicode_ci DEFAULT NULL,
  `sfazjcsb` char(1) CHARACTER SET utf8mb4 COLLATE utf8mb4_unicode_ci DEFAULT NULL,
  `jgrq` datetime DEFAULT NULL COMMENT '统计时间',
  `device_id` bigint DEFAULT NULL COMMENT '设备id',
  PRIMARY KEY (`id`) USING BTREE,
  KEY `device_id` (`device_id`) USING BTREE,
  CONSTRAINT `station_ibfk_2` FOREIGN KEY (`device_id`) REFERENCES `device` (`id`) ON DELETE RESTRICT ON UPDATE CASCADE
) ENGINE=InnoDB AUTO_INCREMENT=3 DEFAULT CHARSET=utf8mb4 COLLATE=utf8mb4_unicode_ci ROW_FORMAT=DYNAMIC COMMENT='监测站点信息表';
/*!40101 SET character_set_client = @saved_cs_client */;

--
-- Dumping data for table `station`
--

LOCK TABLES `station` WRITE;
/*!40000 ALTER TABLE `station` DISABLE KEYS */;
INSERT INTO `station` VALUES (1,NULL,'合盈数据(怀来)科技产业园项目（四期第一阶段项目）',NULL,NULL,NULL,NULL,NULL,NULL,NULL,1,NULL,NULL,'河北省',NULL,'张家口市',NULL,'怀来县',NULL,NULL,NULL,2,'2025-01-15 00:00:00',NULL,112,22,1,NULL,1,'13234474104','蒋信息',NULL,NULL,2480,'WSGXKZ130720241224001',0,'怀来合盈云璟诚数据科技有限公司','91130730MA7AWXRC3F','中建八局第二建设有限公司','91370000163054089N','张家口市生态环境局怀来分局','唐晨','6860979','3','1',NULL,NULL),(2,NULL,'河北沙城经济开发区京北怀来智能制造产业园基础设施项目(B区地块)工程',NULL,NULL,NULL,NULL,NULL,NULL,NULL,1,NULL,NULL,'河北省',NULL,'张家口市',NULL,'怀来县',NULL,'土木镇',NULL,2,'2025-01-14 00:00:00',NULL,115,40,1,NULL,1,'15631399827','赵慧峰',NULL,NULL,4120,'130730202410300101',0,'怀来合盈云璟诚数据科技有限公司','91130730MA7AWXRC3F','中建八局第二建设有限公司','91370000163054089N','张家口市生态环境局怀来分局','唐晨','6860979','3','1',NULL,NULL);
/*!40000 ALTER TABLE `station` ENABLE KEYS */;
UNLOCK TABLES;

--
-- Table structure for table `sys_config`
--

DROP TABLE IF EXISTS `sys_config`;
/*!40101 SET @saved_cs_client     = @@character_set_client */;
/*!50503 SET character_set_client = utf8mb4 */;
CREATE TABLE `sys_config` (
  `config_id` int NOT NULL AUTO_INCREMENT COMMENT '参数主键',
  `config_name` varchar(100) CHARACTER SET utf8mb4 COLLATE utf8mb4_0900_ai_ci DEFAULT '' COMMENT '参数名称',
  `config_key` varchar(100) CHARACTER SET utf8mb4 COLLATE utf8mb4_0900_ai_ci DEFAULT '' COMMENT '参数键名',
  `config_value` varchar(500) CHARACTER SET utf8mb4 COLLATE utf8mb4_0900_ai_ci DEFAULT '' COMMENT '参数键值',
  `config_type` char(1) CHARACTER SET utf8mb4 COLLATE utf8mb4_0900_ai_ci DEFAULT 'N' COMMENT '系统内置（Y是 N否）',
  `create_by` varchar(64) CHARACTER SET utf8mb4 COLLATE utf8mb4_0900_ai_ci DEFAULT '' COMMENT '创建者',
  `create_time` datetime DEFAULT NULL COMMENT '创建时间',
  `update_by` varchar(64) CHARACTER SET utf8mb4 COLLATE utf8mb4_0900_ai_ci DEFAULT '' COMMENT '更新者',
  `update_time` datetime DEFAULT NULL COMMENT '更新时间',
  `remark` varchar(500) CHARACTER SET utf8mb4 COLLATE utf8mb4_0900_ai_ci DEFAULT NULL COMMENT '备注',
  PRIMARY KEY (`config_id`) USING BTREE
) ENGINE=InnoDB AUTO_INCREMENT=100 DEFAULT CHARSET=utf8mb4 COLLATE=utf8mb4_0900_ai_ci ROW_FORMAT=DYNAMIC COMMENT='参数配置表';
/*!40101 SET character_set_client = @saved_cs_client */;

--
-- Dumping data for table `sys_config`
--

LOCK TABLES `sys_config` WRITE;
/*!40000 ALTER TABLE `sys_config` DISABLE KEYS */;
INSERT INTO `sys_config` VALUES (1,'主框架页-默认皮肤样式名称','sys.index.skinName','skin-blue','Y','admin','2024-12-27 18:51:52','',NULL,'蓝色 skin-blue、绿色 skin-green、紫色 skin-purple、红色 skin-red、黄色 skin-yellow'),(2,'用户管理-账号初始密码','sys.user.initPassword','123456','Y','admin','2024-12-27 18:51:52','',NULL,'初始化密码 123456'),(3,'主框架页-侧边栏主题','sys.index.sideTheme','theme-dark','Y','admin','2024-12-27 18:51:52','',NULL,'深色主题theme-dark，浅色主题theme-light'),(4,'账号自助-验证码开关','sys.account.captchaEnabled','true','Y','admin','2024-12-27 18:51:52','',NULL,'是否开启验证码功能（true开启，false关闭）'),(5,'账号自助-是否开启用户注册功能','sys.account.registerUser','false','Y','admin','2024-12-27 18:51:52','',NULL,'是否开启注册用户功能（true开启，false关闭）'),(6,'用户登录-黑名单列表','sys.login.blackIPList','','Y','admin','2024-12-27 18:51:52','',NULL,'设置登录IP黑名单限制，多个匹配项以;分隔，支持匹配（*通配、网段）');
/*!40000 ALTER TABLE `sys_config` ENABLE KEYS */;
UNLOCK TABLES;

--
-- Table structure for table `sys_dept`
--

DROP TABLE IF EXISTS `sys_dept`;
/*!40101 SET @saved_cs_client     = @@character_set_client */;
/*!50503 SET character_set_client = utf8mb4 */;
CREATE TABLE `sys_dept` (
  `dept_id` bigint NOT NULL AUTO_INCREMENT COMMENT '部门id',
  `parent_id` bigint DEFAULT '0' COMMENT '父部门id',
  `ancestors` varchar(50) CHARACTER SET utf8mb4 COLLATE utf8mb4_0900_ai_ci DEFAULT '' COMMENT '祖级列表',
  `dept_name` varchar(30) CHARACTER SET utf8mb4 COLLATE utf8mb4_0900_ai_ci DEFAULT '' COMMENT '部门名称',
  `order_num` int DEFAULT '0' COMMENT '显示顺序',
  `leader` varchar(20) CHARACTER SET utf8mb4 COLLATE utf8mb4_0900_ai_ci DEFAULT NULL COMMENT '负责人',
  `phone` varchar(11) CHARACTER SET utf8mb4 COLLATE utf8mb4_0900_ai_ci DEFAULT NULL COMMENT '联系电话',
  `email` varchar(50) CHARACTER SET utf8mb4 COLLATE utf8mb4_0900_ai_ci DEFAULT NULL COMMENT '邮箱',
  `status` char(1) CHARACTER SET utf8mb4 COLLATE utf8mb4_0900_ai_ci DEFAULT '0' COMMENT '部门状态（0正常 1停用）',
  `del_flag` char(1) CHARACTER SET utf8mb4 COLLATE utf8mb4_0900_ai_ci DEFAULT '0' COMMENT '删除标志（0代表存在 2代表删除）',
  `create_by` varchar(64) CHARACTER SET utf8mb4 COLLATE utf8mb4_0900_ai_ci DEFAULT '' COMMENT '创建者',
  `create_time` datetime DEFAULT NULL COMMENT '创建时间',
  `update_by` varchar(64) CHARACTER SET utf8mb4 COLLATE utf8mb4_0900_ai_ci DEFAULT '' COMMENT '更新者',
  `update_time` datetime DEFAULT NULL COMMENT '更新时间',
  PRIMARY KEY (`dept_id`) USING BTREE
) ENGINE=InnoDB AUTO_INCREMENT=200 DEFAULT CHARSET=utf8mb4 COLLATE=utf8mb4_0900_ai_ci ROW_FORMAT=DYNAMIC COMMENT='部门表';
/*!40101 SET character_set_client = @saved_cs_client */;

--
-- Dumping data for table `sys_dept`
--

LOCK TABLES `sys_dept` WRITE;
/*!40000 ALTER TABLE `sys_dept` DISABLE KEYS */;
INSERT INTO `sys_dept` VALUES (100,0,'0','若依科技',0,'若依','15888888888','ry@qq.com','0','0','admin','2024-12-27 18:51:52','',NULL),(101,100,'0,100','深圳总公司',1,'若依','15888888888','ry@qq.com','0','0','admin','2024-12-27 18:51:52','',NULL),(102,100,'0,100','长沙分公司',2,'若依','15888888888','ry@qq.com','0','0','admin','2024-12-27 18:51:52','',NULL),(103,101,'0,100,101','研发部门',1,'若依','15888888888','ry@qq.com','0','0','admin','2024-12-27 18:51:52','',NULL),(104,101,'0,100,101','市场部门',2,'若依','15888888888','ry@qq.com','0','0','admin','2024-12-27 18:51:52','',NULL),(105,101,'0,100,101','测试部门',3,'若依','15888888888','ry@qq.com','0','0','admin','2024-12-27 18:51:52','',NULL),(106,101,'0,100,101','财务部门',4,'若依','15888888888','ry@qq.com','0','0','admin','2024-12-27 18:51:52','',NULL),(107,101,'0,100,101','运维部门',5,'若依','15888888888','ry@qq.com','0','0','admin','2024-12-27 18:51:52','',NULL),(108,102,'0,100,102','市场部门',1,'若依','15888888888','ry@qq.com','0','0','admin','2024-12-27 18:51:52','',NULL),(109,102,'0,100,102','财务部门',2,'若依','15888888888','ry@qq.com','0','0','admin','2024-12-27 18:51:52','',NULL);
/*!40000 ALTER TABLE `sys_dept` ENABLE KEYS */;
UNLOCK TABLES;

--
-- Table structure for table `sys_dict_data`
--

DROP TABLE IF EXISTS `sys_dict_data`;
/*!40101 SET @saved_cs_client     = @@character_set_client */;
/*!50503 SET character_set_client = utf8mb4 */;
CREATE TABLE `sys_dict_data` (
  `dict_code` bigint NOT NULL AUTO_INCREMENT COMMENT '字典编码',
  `dict_sort` int DEFAULT '0' COMMENT '字典排序',
  `dict_label` varchar(100) CHARACTER SET utf8mb4 COLLATE utf8mb4_0900_ai_ci DEFAULT '' COMMENT '字典标签',
  `dict_value` varchar(100) CHARACTER SET utf8mb4 COLLATE utf8mb4_0900_ai_ci DEFAULT '' COMMENT '字典键值',
  `dict_type` varchar(100) CHARACTER SET utf8mb4 COLLATE utf8mb4_0900_ai_ci DEFAULT '' COMMENT '字典类型',
  `css_class` varchar(100) CHARACTER SET utf8mb4 COLLATE utf8mb4_0900_ai_ci DEFAULT NULL COMMENT '样式属性（其他样式扩展）',
  `list_class` varchar(100) CHARACTER SET utf8mb4 COLLATE utf8mb4_0900_ai_ci DEFAULT NULL COMMENT '表格回显样式',
  `is_default` char(1) CHARACTER SET utf8mb4 COLLATE utf8mb4_0900_ai_ci DEFAULT 'N' COMMENT '是否默认（Y是 N否）',
  `status` char(1) CHARACTER SET utf8mb4 COLLATE utf8mb4_0900_ai_ci DEFAULT '0' COMMENT '状态（0正常 1停用）',
  `create_by` varchar(64) CHARACTER SET utf8mb4 COLLATE utf8mb4_0900_ai_ci DEFAULT '' COMMENT '创建者',
  `create_time` datetime DEFAULT NULL COMMENT '创建时间',
  `update_by` varchar(64) CHARACTER SET utf8mb4 COLLATE utf8mb4_0900_ai_ci DEFAULT '' COMMENT '更新者',
  `update_time` datetime DEFAULT NULL COMMENT '更新时间',
  `remark` varchar(500) CHARACTER SET utf8mb4 COLLATE utf8mb4_0900_ai_ci DEFAULT NULL COMMENT '备注',
  PRIMARY KEY (`dict_code`) USING BTREE
) ENGINE=InnoDB AUTO_INCREMENT=166 DEFAULT CHARSET=utf8mb4 COLLATE=utf8mb4_0900_ai_ci ROW_FORMAT=DYNAMIC COMMENT='字典数据表';
/*!40101 SET character_set_client = @saved_cs_client */;

--
-- Dumping data for table `sys_dict_data`
--

LOCK TABLES `sys_dict_data` WRITE;
/*!40000 ALTER TABLE `sys_dict_data` DISABLE KEYS */;
INSERT INTO `sys_dict_data` VALUES (1,1,'男','0','sys_user_sex','','','Y','0','admin','2024-12-27 18:51:52','',NULL,'性别男'),(2,2,'女','1','sys_user_sex','','','N','0','admin','2024-12-27 18:51:52','',NULL,'性别女'),(3,3,'未知','2','sys_user_sex','','','N','0','admin','2024-12-27 18:51:52','',NULL,'性别未知'),(4,1,'显示','0','sys_show_hide','','primary','Y','0','admin','2024-12-27 18:51:52','',NULL,'显示菜单'),(5,2,'隐藏','1','sys_show_hide','','danger','N','0','admin','2024-12-27 18:51:52','',NULL,'隐藏菜单'),(6,1,'正常','0','sys_normal_disable','','primary','Y','0','admin','2024-12-27 18:51:52','',NULL,'正常状态'),(7,2,'停用','1','sys_normal_disable','','danger','N','0','admin','2024-12-27 18:51:52','',NULL,'停用状态'),(8,1,'正常','0','sys_job_status','','primary','Y','0','admin','2024-12-27 18:51:52','',NULL,'正常状态'),(9,2,'暂停','1','sys_job_status','','danger','N','0','admin','2024-12-27 18:51:52','',NULL,'停用状态'),(10,1,'默认','DEFAULT','sys_job_group','','','Y','0','admin','2024-12-27 18:51:52','',NULL,'默认分组'),(11,2,'系统','SYSTEM','sys_job_group','','','N','0','admin','2024-12-27 18:51:52','',NULL,'系统分组'),(12,1,'是','Y','sys_yes_no','','primary','Y','0','admin','2024-12-27 18:51:52','',NULL,'系统默认是'),(13,2,'否','N','sys_yes_no','','danger','N','0','admin','2024-12-27 18:51:52','',NULL,'系统默认否'),(14,1,'通知','1','sys_notice_type','','warning','Y','0','admin','2024-12-27 18:51:52','',NULL,'通知'),(15,2,'公告','2','sys_notice_type','','success','N','0','admin','2024-12-27 18:51:52','',NULL,'公告'),(16,1,'正常','0','sys_notice_status','','primary','Y','0','admin','2024-12-27 18:51:52','',NULL,'正常状态'),(17,2,'关闭','1','sys_notice_status','','danger','N','0','admin','2024-12-27 18:51:52','',NULL,'关闭状态'),(18,99,'其他','0','sys_oper_type','','info','N','0','admin','2024-12-27 18:51:52','',NULL,'其他操作'),(19,1,'新增','1','sys_oper_type','','info','N','0','admin','2024-12-27 18:51:52','',NULL,'新增操作'),(20,2,'修改','2','sys_oper_type','','info','N','0','admin','2024-12-27 18:51:52','',NULL,'修改操作'),(21,3,'删除','3','sys_oper_type','','danger','N','0','admin','2024-12-27 18:51:52','',NULL,'删除操作'),(22,4,'授权','4','sys_oper_type','','primary','N','0','admin','2024-12-27 18:51:52','',NULL,'授权操作'),(23,5,'导出','5','sys_oper_type','','warning','N','0','admin','2024-12-27 18:51:52','',NULL,'导出操作'),(24,6,'导入','6','sys_oper_type','','warning','N','0','admin','2024-12-27 18:51:52','',NULL,'导入操作'),(25,7,'强退','7','sys_oper_type','','danger','N','0','admin','2024-12-27 18:51:52','',NULL,'强退操作'),(26,8,'生成代码','8','sys_oper_type','','warning','N','0','admin','2024-12-27 18:51:52','',NULL,'生成操作'),(27,9,'清空数据','9','sys_oper_type','','danger','N','0','admin','2024-12-27 18:51:52','',NULL,'清空操作'),(28,1,'成功','0','sys_common_status','','primary','N','0','admin','2024-12-27 18:51:52','',NULL,'正常状态'),(29,2,'失败','1','sys_common_status','','danger','N','0','admin','2024-12-27 18:51:52','',NULL,'停用状态'),(100,1,'正常','1','device_status',NULL,'default','N','0','admin','2025-01-07 09:36:14','',NULL,NULL),(101,2,'中断','2','device_status',NULL,'default','N','0','admin','2025-01-07 09:36:22','',NULL,NULL),(102,3,'竣工','3','device_status',NULL,'default','N','0','admin','2025-01-07 09:36:29','',NULL,NULL),(103,1,'施工','1','build_status',NULL,'default','N','0','admin','2025-01-07 09:36:56','',NULL,NULL),(104,2,'停工','2','build_status',NULL,'default','N','0','admin','2025-01-07 09:37:06','',NULL,NULL),(105,3,'竣工','3','build_status',NULL,'default','N','0','admin','2025-01-07 09:37:13','',NULL,NULL),(106,1,'空气检测设备','1','device_type',NULL,'default','N','0','admin','2025-01-07 09:37:42','',NULL,NULL),(107,2,'水质检测设备','2','device_type',NULL,'default','N','0','admin','2025-01-07 09:37:53','',NULL,NULL),(108,1,'是','1','is_standard',NULL,'default','N','0','admin','2025-01-07 09:38:22','',NULL,NULL),(109,2,'否','2','is_standard',NULL,'default','N','0','admin','2025-01-07 09:38:27','',NULL,NULL),(110,1,'干流','1','river_level',NULL,'default','N','0','admin','2025-01-07 09:39:15','',NULL,NULL),(111,2,'平原区','2','river_level',NULL,'default','N','0','admin','2025-01-07 09:39:23','',NULL,NULL),(112,3,'一级支流','3','river_level',NULL,'default','N','0','admin','2025-01-07 09:39:32','',NULL,NULL),(113,1,'自动站','1','monitoring_way',NULL,'default','N','0','admin','2025-01-07 09:40:02','',NULL,NULL),(114,2,'手动站','2','monitoring_way',NULL,'default','N','0','admin','2025-01-07 09:40:08','',NULL,NULL),(115,1,'国控','1','section_control_level',NULL,'default','N','0','admin','2025-01-07 09:40:39','',NULL,NULL),(116,2,'省控','2','section_control_level',NULL,'default','N','0','admin','2025-01-07 09:40:45','',NULL,NULL),(117,3,'市控','3','section_control_level',NULL,'default','N','0','admin','2025-01-07 09:40:54','',NULL,NULL),(118,4,'县控','4','section_control_level',NULL,'default','N','0','admin','2025-01-07 09:41:05','',NULL,NULL),(119,1,'空气监测','1','station_type',NULL,'default','N','0','admin','2025-01-07 09:41:56','',NULL,NULL),(120,2,'水质监测','2','station_type',NULL,'default','N','0','admin','2025-01-07 09:42:04','',NULL,NULL),(121,3,'土壤监测','3','station_type',NULL,'default','N','0','admin','2025-01-07 09:42:11','',NULL,NULL),(122,1,'正常','1','station_status',NULL,'default','N','0','admin','2025-01-07 09:42:42','',NULL,NULL),(123,2,'停用','2','station_status',NULL,'default','N','0','admin','2025-01-07 09:42:49','',NULL,NULL),(124,3,'删除','3','station_status',NULL,'default','N','0','admin','2025-01-07 09:42:54','',NULL,NULL),(125,1,'本平台','0','from_resource',NULL,'default','N','0','admin','2025-01-07 09:43:36','',NULL,NULL),(126,2,'第三方','1','from_resource',NULL,'default','N','0','admin','2025-01-07 09:43:50','',NULL,NULL),(127,1,'普通','1','alarm_type',NULL,'default','N','0','admin','2025-01-07 09:45:10','',NULL,NULL),(128,2,'扬尘','2','alarm_type',NULL,'default','N','0','admin','2025-01-07 09:45:16','',NULL,NULL),(129,1,'PM2.5','1','alarm_param_type',NULL,'default','N','0','admin','2025-01-07 09:45:40','',NULL,NULL),(130,2,'PM10','2','alarm_param_type',NULL,'default','N','0','admin','2025-01-07 09:45:51','',NULL,NULL),(131,3,'So2','3','alarm_param_type',NULL,'default','N','0','admin','2025-01-07 09:46:02','',NULL,NULL),(132,4,'No2','4','alarm_param_type',NULL,'default','N','0','admin','2025-01-07 09:46:09','',NULL,NULL),(133,5,'Co','5','alarm_param_type',NULL,'default','N','0','admin','2025-01-07 09:46:17','',NULL,NULL),(134,6,'O3','6','alarm_param_type',NULL,'default','N','0','admin','2025-01-07 09:46:29','',NULL,NULL),(135,7,'暂无','7','alarm_param_type',NULL,'default','N','0','admin','2025-01-07 09:48:05','admin','2025-01-07 10:36:10',NULL),(136,1,'设备高值','1','alarm_status',NULL,'default','N','0','admin','2025-01-07 09:48:43','',NULL,NULL),(137,2,'设备低值','2','alarm_status',NULL,'default','N','0','admin','2025-01-07 09:48:51','',NULL,NULL),(138,3,'设备中断','3','alarm_status',NULL,'default','N','0','admin','2025-01-07 09:49:02','',NULL,NULL),(139,1,'删除','0','alarm_remind_status',NULL,'default','N','0','admin','2025-01-07 09:50:01','',NULL,NULL),(140,2,'正常','1','alarm_remind_status',NULL,'default','N','0','admin','2025-01-07 09:50:06','',NULL,NULL),(141,1,'发送成功','0','info_status',NULL,'default','N','0','admin','2025-01-07 09:58:46','',NULL,NULL),(142,2,'发送失败','1','info_status',NULL,'default','N','0','admin','2025-01-07 09:58:53','',NULL,NULL),(143,1,'不通知','1','tell_type',NULL,'default','N','0','admin','2025-01-07 10:25:13','',NULL,NULL),(144,2,'全部','2','tell_type',NULL,'default','N','0','admin','2025-01-07 10:25:19','',NULL,NULL),(145,3,'短信','3','tell_type',NULL,'default','N','0','admin','2025-01-07 10:25:26','',NULL,NULL),(146,4,'app推送','4','tell_type',NULL,'default','N','0','admin','2025-01-07 10:25:35','',NULL,NULL),(147,1,'系统管理员','1','tell_user',NULL,'default','N','0','admin','2025-01-07 10:26:05','',NULL,NULL),(148,2,'平台维护员','2','tell_user',NULL,'default','N','0','admin','2025-01-07 10:26:16','',NULL,NULL),(149,3,'站点联系人','3','tell_user',NULL,'default','N','0','admin','2025-01-07 10:26:29','',NULL,NULL),(150,3,'设备故障','3','alarm_type',NULL,'default','N','0','admin','2025-01-07 11:16:47','',NULL,NULL),(151,1,'成功','0','log_status',NULL,'default','N','0','admin','2025-01-07 11:52:39','',NULL,NULL),(152,2,'失败','1','log_status',NULL,'default','N','0','admin','2025-01-07 11:52:43','',NULL,NULL),(153,1,'数据导入','1','log_type',NULL,'default','N','0','admin','2025-01-07 11:53:19','',NULL,NULL),(154,2,'设备导入','2','log_type',NULL,'default','N','0','admin','2025-01-07 11:53:25','',NULL,NULL),(155,1,'android','1','project_type',NULL,'default','N','0','admin','2025-01-07 12:00:38','',NULL,NULL),(156,2,'ios','2','project_type',NULL,'default','N','0','admin','2025-01-07 12:00:43','',NULL,NULL),(157,3,'web','3','project_type',NULL,'default','N','0','admin','2025-01-07 12:00:52','',NULL,NULL),(158,1,'工地','1','stations_type',NULL,'default','N','0','admin','2025-01-07 13:29:04','',NULL,NULL),(159,2,'料场','2','stations_type',NULL,'default','N','0','admin','2025-01-07 13:29:12','',NULL,NULL),(160,1,'是','1','pm10_status',NULL,'default','N','0','admin','2025-01-07 13:31:13','',NULL,NULL),(161,2,'否','2','pm10_status',NULL,'default','N','0','admin','2025-01-07 13:31:18','',NULL,NULL),(162,1,'土石方','1','sgjd',NULL,'default','N','0','admin','2025-01-07 13:47:50','',NULL,NULL),(163,2,'打桩','2','sgjd',NULL,'default','N','0','admin','2025-01-07 13:47:58','',NULL,NULL),(164,3,'结构','3','sgjd',NULL,'default','N','0','admin','2025-01-07 13:48:08','',NULL,NULL),(165,4,'装修','4','sgjd',NULL,'default','N','0','admin','2025-01-07 13:48:14','',NULL,NULL);
/*!40000 ALTER TABLE `sys_dict_data` ENABLE KEYS */;
UNLOCK TABLES;

--
-- Table structure for table `sys_dict_type`
--

DROP TABLE IF EXISTS `sys_dict_type`;
/*!40101 SET @saved_cs_client     = @@character_set_client */;
/*!50503 SET character_set_client = utf8mb4 */;
CREATE TABLE `sys_dict_type` (
  `dict_id` bigint NOT NULL AUTO_INCREMENT COMMENT '字典主键',
  `dict_name` varchar(100) CHARACTER SET utf8mb4 COLLATE utf8mb4_0900_ai_ci DEFAULT '' COMMENT '字典名称',
  `dict_type` varchar(100) CHARACTER SET utf8mb4 COLLATE utf8mb4_0900_ai_ci DEFAULT '' COMMENT '字典类型',
  `status` char(1) CHARACTER SET utf8mb4 COLLATE utf8mb4_0900_ai_ci DEFAULT '0' COMMENT '状态（0正常 1停用）',
  `create_by` varchar(64) CHARACTER SET utf8mb4 COLLATE utf8mb4_0900_ai_ci DEFAULT '' COMMENT '创建者',
  `create_time` datetime DEFAULT NULL COMMENT '创建时间',
  `update_by` varchar(64) CHARACTER SET utf8mb4 COLLATE utf8mb4_0900_ai_ci DEFAULT '' COMMENT '更新者',
  `update_time` datetime DEFAULT NULL COMMENT '更新时间',
  `remark` varchar(500) CHARACTER SET utf8mb4 COLLATE utf8mb4_0900_ai_ci DEFAULT NULL COMMENT '备注',
  PRIMARY KEY (`dict_id`) USING BTREE,
  UNIQUE KEY `dict_type` (`dict_type`) USING BTREE
) ENGINE=InnoDB AUTO_INCREMENT=123 DEFAULT CHARSET=utf8mb4 COLLATE=utf8mb4_0900_ai_ci ROW_FORMAT=DYNAMIC COMMENT='字典类型表';
/*!40101 SET character_set_client = @saved_cs_client */;

--
-- Dumping data for table `sys_dict_type`
--

LOCK TABLES `sys_dict_type` WRITE;
/*!40000 ALTER TABLE `sys_dict_type` DISABLE KEYS */;
INSERT INTO `sys_dict_type` VALUES (1,'用户性别','sys_user_sex','0','admin','2024-12-27 18:51:52','',NULL,'用户性别列表'),(2,'菜单状态','sys_show_hide','0','admin','2024-12-27 18:51:52','',NULL,'菜单状态列表'),(3,'系统开关','sys_normal_disable','0','admin','2024-12-27 18:51:52','',NULL,'系统开关列表'),(4,'任务状态','sys_job_status','0','admin','2024-12-27 18:51:52','',NULL,'任务状态列表'),(5,'任务分组','sys_job_group','0','admin','2024-12-27 18:51:52','',NULL,'任务分组列表'),(6,'系统是否','sys_yes_no','0','admin','2024-12-27 18:51:52','',NULL,'系统是否列表'),(7,'通知类型','sys_notice_type','0','admin','2024-12-27 18:51:52','',NULL,'通知类型列表'),(8,'通知状态','sys_notice_status','0','admin','2024-12-27 18:51:52','',NULL,'通知状态列表'),(9,'操作类型','sys_oper_type','0','admin','2024-12-27 18:51:52','',NULL,'操作类型列表'),(10,'系统状态','sys_common_status','0','admin','2024-12-27 18:51:52','',NULL,'登录状态列表'),(100,'监测设备状态','device_status','0','admin','2025-01-07 09:36:01','',NULL,'监测设备状态'),(101,'工地状态','build_status','0','admin','2025-01-07 09:36:47','',NULL,NULL),(102,'监测设备类型','device_type','0','admin','2025-01-07 09:37:33','',NULL,NULL),(103,'是否是标准站','is_standard','0','admin','2025-01-07 09:38:09','',NULL,NULL),(104,'断面所在河流级别','river_level','0','admin','2025-01-07 09:39:05','',NULL,NULL),(105,'站点监测方式','monitoring_way','0','admin','2025-01-07 09:39:51','',NULL,NULL),(106,'断面控制级别','section_control_level','0','admin','2025-01-07 09:40:30','',NULL,NULL),(107,'监测站点类型','station_type','0','admin','2025-01-07 09:41:43','',NULL,NULL),(108,'监测站点状态','station_status','0','admin','2025-01-07 09:42:33','',NULL,NULL),(109,'站点数据来源','from_resource','0','admin','2025-01-07 09:43:21','',NULL,NULL),(110,'报警类型','alarm_type','0','admin','2025-01-07 09:44:58','',NULL,NULL),(111,'报警参数类型','alarm_param_type','0','admin','2025-01-07 09:45:30','',NULL,NULL),(112,'报警信息状态','alarm_status','0','admin','2025-01-07 09:48:30','',NULL,NULL),(113,'报警提醒状态','alarm_remind_status','0','admin','2025-01-07 09:49:46','',NULL,NULL),(114,'告警短信发送状态','info_status','0','admin','2025-01-07 09:58:25','',NULL,NULL),(115,'通知方式','tell_type','0','admin','2025-01-07 10:24:53','',NULL,NULL),(116,'通知方','tell_user','0','admin','2025-01-07 10:25:55','',NULL,NULL),(117,'状态信息','log_status','0','admin','2025-01-07 11:52:27','',NULL,NULL),(118,'数据导入类型','log_type','0','admin','2025-01-07 11:53:05','',NULL,NULL),(119,'项目管理类别','project_type','0','admin','2025-01-07 12:00:25','',NULL,NULL),(120,'监测站类型','stations_type','0','admin','2025-01-07 13:28:46','',NULL,NULL),(121,'是否安装PM10设备','pm10_status','0','admin','2025-01-07 13:31:02','admin','2025-01-07 13:47:38',NULL),(122,'施工阶段','sgjd','0','admin','2025-01-07 13:47:25','',NULL,NULL);
/*!40000 ALTER TABLE `sys_dict_type` ENABLE KEYS */;
UNLOCK TABLES;

--
-- Table structure for table `sys_job`
--

DROP TABLE IF EXISTS `sys_job`;
/*!40101 SET @saved_cs_client     = @@character_set_client */;
/*!50503 SET character_set_client = utf8mb4 */;
CREATE TABLE `sys_job` (
  `job_id` bigint NOT NULL AUTO_INCREMENT COMMENT '任务ID',
  `job_name` varchar(64) CHARACTER SET utf8mb4 COLLATE utf8mb4_0900_ai_ci NOT NULL DEFAULT '' COMMENT '任务名称',
  `job_group` varchar(64) CHARACTER SET utf8mb4 COLLATE utf8mb4_0900_ai_ci NOT NULL DEFAULT 'DEFAULT' COMMENT '任务组名',
  `invoke_target` varchar(500) CHARACTER SET utf8mb4 COLLATE utf8mb4_0900_ai_ci NOT NULL COMMENT '调用目标字符串',
  `cron_expression` varchar(255) CHARACTER SET utf8mb4 COLLATE utf8mb4_0900_ai_ci DEFAULT '' COMMENT 'cron执行表达式',
  `misfire_policy` varchar(20) CHARACTER SET utf8mb4 COLLATE utf8mb4_0900_ai_ci DEFAULT '3' COMMENT '计划执行错误策略（1立即执行 2执行一次 3放弃执行）',
  `concurrent` char(1) CHARACTER SET utf8mb4 COLLATE utf8mb4_0900_ai_ci DEFAULT '1' COMMENT '是否并发执行（0允许 1禁止）',
  `status` char(1) CHARACTER SET utf8mb4 COLLATE utf8mb4_0900_ai_ci DEFAULT '0' COMMENT '状态（0正常 1暂停）',
  `create_by` varchar(64) CHARACTER SET utf8mb4 COLLATE utf8mb4_0900_ai_ci DEFAULT '' COMMENT '创建者',
  `create_time` datetime DEFAULT NULL COMMENT '创建时间',
  `update_by` varchar(64) CHARACTER SET utf8mb4 COLLATE utf8mb4_0900_ai_ci DEFAULT '' COMMENT '更新者',
  `update_time` datetime DEFAULT NULL COMMENT '更新时间',
  `remark` varchar(500) CHARACTER SET utf8mb4 COLLATE utf8mb4_0900_ai_ci DEFAULT '' COMMENT '备注信息',
  PRIMARY KEY (`job_id`,`job_name`,`job_group`) USING BTREE
) ENGINE=InnoDB AUTO_INCREMENT=100 DEFAULT CHARSET=utf8mb4 COLLATE=utf8mb4_0900_ai_ci ROW_FORMAT=DYNAMIC COMMENT='定时任务调度表';
/*!40101 SET character_set_client = @saved_cs_client */;

--
-- Dumping data for table `sys_job`
--

LOCK TABLES `sys_job` WRITE;
/*!40000 ALTER TABLE `sys_job` DISABLE KEYS */;
INSERT INTO `sys_job` VALUES (1,'系统默认（无参）','DEFAULT','ryTask.ryNoParams','0/10 * * * * ?','3','1','1','admin','2024-12-27 18:51:52','',NULL,''),(2,'系统默认（有参）','DEFAULT','ryTask.ryParams(\'ry\')','0/15 * * * * ?','3','1','1','admin','2024-12-27 18:51:52','',NULL,''),(3,'系统默认（多参）','DEFAULT','ryTask.ryMultipleParams(\'ry\', true, 2000L, 316.50D, 100)','0/20 * * * * ?','3','1','1','admin','2024-12-27 18:51:52','',NULL,'');
/*!40000 ALTER TABLE `sys_job` ENABLE KEYS */;
UNLOCK TABLES;

--
-- Table structure for table `sys_job_log`
--

DROP TABLE IF EXISTS `sys_job_log`;
/*!40101 SET @saved_cs_client     = @@character_set_client */;
/*!50503 SET character_set_client = utf8mb4 */;
CREATE TABLE `sys_job_log` (
  `job_log_id` bigint NOT NULL AUTO_INCREMENT COMMENT '任务日志ID',
  `job_name` varchar(64) CHARACTER SET utf8mb4 COLLATE utf8mb4_0900_ai_ci NOT NULL COMMENT '任务名称',
  `job_group` varchar(64) CHARACTER SET utf8mb4 COLLATE utf8mb4_0900_ai_ci NOT NULL COMMENT '任务组名',
  `invoke_target` varchar(500) CHARACTER SET utf8mb4 COLLATE utf8mb4_0900_ai_ci NOT NULL COMMENT '调用目标字符串',
  `job_message` varchar(500) CHARACTER SET utf8mb4 COLLATE utf8mb4_0900_ai_ci DEFAULT NULL COMMENT '日志信息',
  `status` char(1) CHARACTER SET utf8mb4 COLLATE utf8mb4_0900_ai_ci DEFAULT '0' COMMENT '执行状态（0正常 1失败）',
  `exception_info` varchar(2000) CHARACTER SET utf8mb4 COLLATE utf8mb4_0900_ai_ci DEFAULT '' COMMENT '异常信息',
  `create_time` datetime DEFAULT NULL COMMENT '创建时间',
  PRIMARY KEY (`job_log_id`) USING BTREE
) ENGINE=InnoDB DEFAULT CHARSET=utf8mb4 COLLATE=utf8mb4_0900_ai_ci ROW_FORMAT=DYNAMIC COMMENT='定时任务调度日志表';
/*!40101 SET character_set_client = @saved_cs_client */;

--
-- Dumping data for table `sys_job_log`
--

LOCK TABLES `sys_job_log` WRITE;
/*!40000 ALTER TABLE `sys_job_log` DISABLE KEYS */;
/*!40000 ALTER TABLE `sys_job_log` ENABLE KEYS */;
UNLOCK TABLES;

--
-- Table structure for table `sys_logininfor`
--

DROP TABLE IF EXISTS `sys_logininfor`;
/*!40101 SET @saved_cs_client     = @@character_set_client */;
/*!50503 SET character_set_client = utf8mb4 */;
CREATE TABLE `sys_logininfor` (
  `info_id` bigint NOT NULL AUTO_INCREMENT COMMENT '访问ID',
  `user_name` varchar(50) CHARACTER SET utf8mb4 COLLATE utf8mb4_0900_ai_ci DEFAULT '' COMMENT '用户账号',
  `ipaddr` varchar(128) CHARACTER SET utf8mb4 COLLATE utf8mb4_0900_ai_ci DEFAULT '' COMMENT '登录IP地址',
  `login_location` varchar(255) CHARACTER SET utf8mb4 COLLATE utf8mb4_0900_ai_ci DEFAULT '' COMMENT '登录地点',
  `browser` varchar(50) CHARACTER SET utf8mb4 COLLATE utf8mb4_0900_ai_ci DEFAULT '' COMMENT '浏览器类型',
  `os` varchar(50) CHARACTER SET utf8mb4 COLLATE utf8mb4_0900_ai_ci DEFAULT '' COMMENT '操作系统',
  `status` char(1) CHARACTER SET utf8mb4 COLLATE utf8mb4_0900_ai_ci DEFAULT '0' COMMENT '登录状态（0成功 1失败）',
  `msg` varchar(255) CHARACTER SET utf8mb4 COLLATE utf8mb4_0900_ai_ci DEFAULT '' COMMENT '提示消息',
  `login_time` datetime DEFAULT NULL COMMENT '访问时间',
  PRIMARY KEY (`info_id`) USING BTREE,
  KEY `idx_sys_logininfor_s` (`status`) USING BTREE,
  KEY `idx_sys_logininfor_lt` (`login_time`) USING BTREE
) ENGINE=InnoDB AUTO_INCREMENT=126 DEFAULT CHARSET=utf8mb4 COLLATE=utf8mb4_0900_ai_ci ROW_FORMAT=DYNAMIC COMMENT='系统访问记录';
/*!40101 SET character_set_client = @saved_cs_client */;

--
-- Dumping data for table `sys_logininfor`
--

LOCK TABLES `sys_logininfor` WRITE;
/*!40000 ALTER TABLE `sys_logininfor` DISABLE KEYS */;
INSERT INTO `sys_logininfor` VALUES (100,'admin','127.0.0.1','内网IP','Chrome 13','Windows 10','0','登录成功','2024-12-27 18:54:54'),(101,'admin','127.0.0.1','内网IP','Chrome 13','Windows 10','0','登录成功','2024-12-28 19:42:52'),(102,'admin','127.0.0.1','内网IP','Chrome 13','Windows 10','0','退出成功','2024-12-28 20:59:59'),(103,'admin','127.0.0.1','内网IP','Chrome 13','Windows 10','1','验证码错误','2024-12-28 21:00:05'),(104,'admin','127.0.0.1','内网IP','Chrome 13','Windows 10','1','验证码错误','2024-12-28 21:00:08'),(105,'admin','127.0.0.1','内网IP','Chrome 13','Windows 10','0','登录成功','2024-12-28 21:00:11'),(106,'admin','127.0.0.1','内网IP','Chrome 13','Windows 10','0','登录成功','2024-12-29 14:56:22'),(107,'admin','127.0.0.1','内网IP','Chrome 13','Windows 10','0','登录成功','2024-12-29 15:04:23'),(108,'admin','127.0.0.1','内网IP','Chrome 13','Windows 10','1','验证码错误','2024-12-29 15:40:23'),(109,'admin','127.0.0.1','内网IP','Chrome 13','Windows 10','0','登录成功','2024-12-29 15:40:28'),(110,'admin','127.0.0.1','内网IP','Chrome 13','Windows 10','0','登录成功','2024-12-31 15:22:47'),(111,'admin','127.0.0.1','内网IP','Chrome 13','Windows 10','0','登录成功','2025-01-06 21:07:25'),(112,'admin','127.0.0.1','内网IP','Chrome 13','Windows 10','0','退出成功','2025-01-06 21:13:51'),(113,'admin','127.0.0.1','内网IP','Chrome 13','Windows 10','0','登录成功','2025-01-06 21:13:55'),(114,'admin','127.0.0.1','内网IP','Chrome 13','Windows 10','0','登录成功','2025-01-06 21:55:19'),(115,'admin','127.0.0.1','内网IP','Chrome 13','Windows 10','0','登录成功','2025-01-07 09:24:01'),(116,'admin','127.0.0.1','内网IP','Chrome 13','Windows 10','0','登录成功','2025-01-07 13:18:02'),(117,'admin','127.0.0.1','内网IP','Chrome 13','Windows 10','1','验证码错误','2025-01-07 14:44:45'),(118,'admin','127.0.0.1','内网IP','Chrome 13','Windows 10','0','登录成功','2025-01-07 14:44:49'),(119,'admin','127.0.0.1','内网IP','Chrome 13','Windows 10','0','登录成功','2025-01-07 17:16:00'),(120,'admin','127.0.0.1','内网IP','Chrome 13','Windows 10','0','登录成功','2025-01-07 18:53:23'),(121,'admin','127.0.0.1','内网IP','Chrome 13','Windows 10','0','登录成功','2025-01-08 10:21:27'),(122,'admin','127.0.0.1','内网IP','Chrome 13','Windows 10','0','退出成功','2025-01-08 10:30:45'),(123,'admin','127.0.0.1','内网IP','Chrome 13','Windows 10','0','登录成功','2025-01-08 10:30:50'),(124,'admin','127.0.0.1','内网IP','Chrome 13','Windows 10','0','退出成功','2025-01-08 10:53:36'),(125,'admin','127.0.0.1','内网IP','Chrome 13','Windows 10','0','登录成功','2025-01-08 10:53:43');
/*!40000 ALTER TABLE `sys_logininfor` ENABLE KEYS */;
UNLOCK TABLES;

--
-- Table structure for table `sys_menu`
--

DROP TABLE IF EXISTS `sys_menu`;
/*!40101 SET @saved_cs_client     = @@character_set_client */;
/*!50503 SET character_set_client = utf8mb4 */;
CREATE TABLE `sys_menu` (
  `menu_id` bigint NOT NULL AUTO_INCREMENT COMMENT '菜单ID',
  `menu_name` varchar(50) CHARACTER SET utf8mb4 COLLATE utf8mb4_0900_ai_ci NOT NULL COMMENT '菜单名称',
  `parent_id` bigint DEFAULT '0' COMMENT '父菜单ID',
  `order_num` int DEFAULT '0' COMMENT '显示顺序',
  `path` varchar(200) CHARACTER SET utf8mb4 COLLATE utf8mb4_0900_ai_ci DEFAULT '' COMMENT '路由地址',
  `component` varchar(255) CHARACTER SET utf8mb4 COLLATE utf8mb4_0900_ai_ci DEFAULT NULL COMMENT '组件路径',
  `query` varchar(255) CHARACTER SET utf8mb4 COLLATE utf8mb4_0900_ai_ci DEFAULT NULL COMMENT '路由参数',
  `route_name` varchar(50) CHARACTER SET utf8mb4 COLLATE utf8mb4_0900_ai_ci DEFAULT '' COMMENT '路由名称',
  `is_frame` int DEFAULT '1' COMMENT '是否为外链（0是 1否）',
  `is_cache` int DEFAULT '0' COMMENT '是否缓存（0缓存 1不缓存）',
  `menu_type` char(1) CHARACTER SET utf8mb4 COLLATE utf8mb4_0900_ai_ci DEFAULT '' COMMENT '菜单类型（M目录 C菜单 F按钮）',
  `visible` char(1) CHARACTER SET utf8mb4 COLLATE utf8mb4_0900_ai_ci DEFAULT '0' COMMENT '菜单状态（0显示 1隐藏）',
  `status` char(1) CHARACTER SET utf8mb4 COLLATE utf8mb4_0900_ai_ci DEFAULT '0' COMMENT '菜单状态（0正常 1停用）',
  `perms` varchar(100) CHARACTER SET utf8mb4 COLLATE utf8mb4_0900_ai_ci DEFAULT NULL COMMENT '权限标识',
  `icon` varchar(100) CHARACTER SET utf8mb4 COLLATE utf8mb4_0900_ai_ci DEFAULT '#' COMMENT '菜单图标',
  `create_by` varchar(64) CHARACTER SET utf8mb4 COLLATE utf8mb4_0900_ai_ci DEFAULT '' COMMENT '创建者',
  `create_time` datetime DEFAULT NULL COMMENT '创建时间',
  `update_by` varchar(64) CHARACTER SET utf8mb4 COLLATE utf8mb4_0900_ai_ci DEFAULT '' COMMENT '更新者',
  `update_time` datetime DEFAULT NULL COMMENT '更新时间',
  `remark` varchar(500) CHARACTER SET utf8mb4 COLLATE utf8mb4_0900_ai_ci DEFAULT '' COMMENT '备注',
  PRIMARY KEY (`menu_id`) USING BTREE
) ENGINE=InnoDB AUTO_INCREMENT=2211 DEFAULT CHARSET=utf8mb4 COLLATE=utf8mb4_0900_ai_ci ROW_FORMAT=DYNAMIC COMMENT='菜单权限表';
/*!40101 SET character_set_client = @saved_cs_client */;

--
-- Dumping data for table `sys_menu`
--

LOCK TABLES `sys_menu` WRITE;
/*!40000 ALTER TABLE `sys_menu` DISABLE KEYS */;
INSERT INTO `sys_menu` VALUES (1,'系统管理',0,1,'system',NULL,'','',1,0,'M','0','0','','system','admin','2024-12-27 18:51:52','',NULL,'系统管理目录'),(2,'系统监控',0,2,'monitor',NULL,'','',1,0,'M','0','0','','monitor','admin','2024-12-27 18:51:52','',NULL,'系统监控目录'),(3,'系统工具',0,3,'tool',NULL,'','',1,0,'M','0','0','','tool','admin','2024-12-27 18:51:52','',NULL,'系统工具目录'),(4,'若依官网',0,4,'http://ruoyi.vip',NULL,'','',0,0,'M','0','0','','guide','admin','2024-12-27 18:51:52','',NULL,'若依官网地址'),(100,'用户管理',1,1,'user','system/user/index','','',1,0,'C','0','0','system:user:list','user','admin','2024-12-27 18:51:52','',NULL,'用户管理菜单'),(101,'角色管理',1,2,'role','system/role/index','','',1,0,'C','0','0','system:role:list','peoples','admin','2024-12-27 18:51:52','',NULL,'角色管理菜单'),(102,'菜单管理',1,3,'menu','system/menu/index','','',1,0,'C','0','0','system:menu:list','tree-table','admin','2024-12-27 18:51:52','',NULL,'菜单管理菜单'),(103,'部门管理',1,4,'dept','system/dept/index','','',1,0,'C','0','0','system:dept:list','tree','admin','2024-12-27 18:51:52','',NULL,'部门管理菜单'),(104,'岗位管理',1,5,'post','system/post/index','','',1,0,'C','0','0','system:post:list','post','admin','2024-12-27 18:51:52','',NULL,'岗位管理菜单'),(105,'字典管理',1,6,'dict','system/dict/index','','',1,0,'C','0','0','system:dict:list','dict','admin','2024-12-27 18:51:52','',NULL,'字典管理菜单'),(106,'参数设置',1,7,'config','system/config/index','','',1,0,'C','0','0','system:config:list','edit','admin','2024-12-27 18:51:52','',NULL,'参数设置菜单'),(107,'通知公告',1,8,'notice','system/notice/index','','',1,0,'C','0','0','system:notice:list','message','admin','2024-12-27 18:51:52','',NULL,'通知公告菜单'),(108,'日志管理',1,9,'log','','','',1,0,'M','0','0','','log','admin','2024-12-27 18:51:52','',NULL,'日志管理菜单'),(109,'在线用户',2,1,'online','monitor/online/index','','',1,0,'C','0','0','monitor:online:list','online','admin','2024-12-27 18:51:52','',NULL,'在线用户菜单'),(110,'定时任务',2,2,'job','monitor/job/index','','',1,0,'C','0','0','monitor:job:list','job','admin','2024-12-27 18:51:52','',NULL,'定时任务菜单'),(111,'数据监控',2,3,'druid','monitor/druid/index','','',1,0,'C','0','0','monitor:druid:list','druid','admin','2024-12-27 18:51:52','',NULL,'数据监控菜单'),(112,'服务监控',2,4,'server','monitor/server/index','','',1,0,'C','0','0','monitor:server:list','server','admin','2024-12-27 18:51:52','',NULL,'服务监控菜单'),(113,'缓存监控',2,5,'cache','monitor/cache/index','','',1,0,'C','0','0','monitor:cache:list','redis','admin','2024-12-27 18:51:52','',NULL,'缓存监控菜单'),(114,'缓存列表',2,6,'cacheList','monitor/cache/list','','',1,0,'C','0','0','monitor:cache:list','redis-list','admin','2024-12-27 18:51:52','',NULL,'缓存列表菜单'),(115,'表单构建',3,1,'build','tool/build/index','','',1,0,'C','0','0','tool:build:list','build','admin','2024-12-27 18:51:52','',NULL,'表单构建菜单'),(116,'代码生成',3,2,'gen','tool/gen/index','','',1,0,'C','0','0','tool:gen:list','code','admin','2024-12-27 18:51:52','',NULL,'代码生成菜单'),(117,'系统接口',3,3,'swagger','tool/swagger/index','','',1,0,'C','0','0','tool:swagger:list','swagger','admin','2024-12-27 18:51:52','',NULL,'系统接口菜单'),(500,'操作日志',108,1,'operlog','monitor/operlog/index','','',1,0,'C','0','0','monitor:operlog:list','form','admin','2024-12-27 18:51:52','',NULL,'操作日志菜单'),(501,'登录日志',108,2,'logininfor','monitor/logininfor/index','','',1,0,'C','0','0','monitor:logininfor:list','logininfor','admin','2024-12-27 18:51:52','',NULL,'登录日志菜单'),(1000,'用户查询',100,1,'','','','',1,0,'F','0','0','system:user:query','#','admin','2024-12-27 18:51:52','',NULL,''),(1001,'用户新增',100,2,'','','','',1,0,'F','0','0','system:user:add','#','admin','2024-12-27 18:51:52','',NULL,''),(1002,'用户修改',100,3,'','','','',1,0,'F','0','0','system:user:edit','#','admin','2024-12-27 18:51:52','',NULL,''),(1003,'用户删除',100,4,'','','','',1,0,'F','0','0','system:user:remove','#','admin','2024-12-27 18:51:52','',NULL,''),(1004,'用户导出',100,5,'','','','',1,0,'F','0','0','system:user:export','#','admin','2024-12-27 18:51:52','',NULL,''),(1005,'用户导入',100,6,'','','','',1,0,'F','0','0','system:user:import','#','admin','2024-12-27 18:51:52','',NULL,''),(1006,'重置密码',100,7,'','','','',1,0,'F','0','0','system:user:resetPwd','#','admin','2024-12-27 18:51:52','',NULL,''),(1007,'角色查询',101,1,'','','','',1,0,'F','0','0','system:role:query','#','admin','2024-12-27 18:51:52','',NULL,''),(1008,'角色新增',101,2,'','','','',1,0,'F','0','0','system:role:add','#','admin','2024-12-27 18:51:52','',NULL,''),(1009,'角色修改',101,3,'','','','',1,0,'F','0','0','system:role:edit','#','admin','2024-12-27 18:51:52','',NULL,''),(1010,'角色删除',101,4,'','','','',1,0,'F','0','0','system:role:remove','#','admin','2024-12-27 18:51:52','',NULL,''),(1011,'角色导出',101,5,'','','','',1,0,'F','0','0','system:role:export','#','admin','2024-12-27 18:51:52','',NULL,''),(1012,'菜单查询',102,1,'','','','',1,0,'F','0','0','system:menu:query','#','admin','2024-12-27 18:51:52','',NULL,''),(1013,'菜单新增',102,2,'','','','',1,0,'F','0','0','system:menu:add','#','admin','2024-12-27 18:51:52','',NULL,''),(1014,'菜单修改',102,3,'','','','',1,0,'F','0','0','system:menu:edit','#','admin','2024-12-27 18:51:52','',NULL,''),(1015,'菜单删除',102,4,'','','','',1,0,'F','0','0','system:menu:remove','#','admin','2024-12-27 18:51:52','',NULL,''),(1016,'部门查询',103,1,'','','','',1,0,'F','0','0','system:dept:query','#','admin','2024-12-27 18:51:52','',NULL,''),(1017,'部门新增',103,2,'','','','',1,0,'F','0','0','system:dept:add','#','admin','2024-12-27 18:51:52','',NULL,''),(1018,'部门修改',103,3,'','','','',1,0,'F','0','0','system:dept:edit','#','admin','2024-12-27 18:51:52','',NULL,''),(1019,'部门删除',103,4,'','','','',1,0,'F','0','0','system:dept:remove','#','admin','2024-12-27 18:51:52','',NULL,''),(1020,'岗位查询',104,1,'','','','',1,0,'F','0','0','system:post:query','#','admin','2024-12-27 18:51:52','',NULL,''),(1021,'岗位新增',104,2,'','','','',1,0,'F','0','0','system:post:add','#','admin','2024-12-27 18:51:52','',NULL,''),(1022,'岗位修改',104,3,'','','','',1,0,'F','0','0','system:post:edit','#','admin','2024-12-27 18:51:52','',NULL,''),(1023,'岗位删除',104,4,'','','','',1,0,'F','0','0','system:post:remove','#','admin','2024-12-27 18:51:52','',NULL,''),(1024,'岗位导出',104,5,'','','','',1,0,'F','0','0','system:post:export','#','admin','2024-12-27 18:51:52','',NULL,''),(1025,'字典查询',105,1,'#','','','',1,0,'F','0','0','system:dict:query','#','admin','2024-12-27 18:51:52','',NULL,''),(1026,'字典新增',105,2,'#','','','',1,0,'F','0','0','system:dict:add','#','admin','2024-12-27 18:51:52','',NULL,''),(1027,'字典修改',105,3,'#','','','',1,0,'F','0','0','system:dict:edit','#','admin','2024-12-27 18:51:52','',NULL,''),(1028,'字典删除',105,4,'#','','','',1,0,'F','0','0','system:dict:remove','#','admin','2024-12-27 18:51:52','',NULL,''),(1029,'字典导出',105,5,'#','','','',1,0,'F','0','0','system:dict:export','#','admin','2024-12-27 18:51:52','',NULL,''),(1030,'参数查询',106,1,'#','','','',1,0,'F','0','0','system:config:query','#','admin','2024-12-27 18:51:52','',NULL,''),(1031,'参数新增',106,2,'#','','','',1,0,'F','0','0','system:config:add','#','admin','2024-12-27 18:51:52','',NULL,''),(1032,'参数修改',106,3,'#','','','',1,0,'F','0','0','system:config:edit','#','admin','2024-12-27 18:51:52','',NULL,''),(1033,'参数删除',106,4,'#','','','',1,0,'F','0','0','system:config:remove','#','admin','2024-12-27 18:51:52','',NULL,''),(1034,'参数导出',106,5,'#','','','',1,0,'F','0','0','system:config:export','#','admin','2024-12-27 18:51:52','',NULL,''),(1035,'公告查询',107,1,'#','','','',1,0,'F','0','0','system:notice:query','#','admin','2024-12-27 18:51:52','',NULL,''),(1036,'公告新增',107,2,'#','','','',1,0,'F','0','0','system:notice:add','#','admin','2024-12-27 18:51:52','',NULL,''),(1037,'公告修改',107,3,'#','','','',1,0,'F','0','0','system:notice:edit','#','admin','2024-12-27 18:51:52','',NULL,''),(1038,'公告删除',107,4,'#','','','',1,0,'F','0','0','system:notice:remove','#','admin','2024-12-27 18:51:52','',NULL,''),(1039,'操作查询',500,1,'#','','','',1,0,'F','0','0','monitor:operlog:query','#','admin','2024-12-27 18:51:52','',NULL,''),(1040,'操作删除',500,2,'#','','','',1,0,'F','0','0','monitor:operlog:remove','#','admin','2024-12-27 18:51:52','',NULL,''),(1041,'日志导出',500,3,'#','','','',1,0,'F','0','0','monitor:operlog:export','#','admin','2024-12-27 18:51:52','',NULL,''),(1042,'登录查询',501,1,'#','','','',1,0,'F','0','0','monitor:logininfor:query','#','admin','2024-12-27 18:51:52','',NULL,''),(1043,'登录删除',501,2,'#','','','',1,0,'F','0','0','monitor:logininfor:remove','#','admin','2024-12-27 18:51:52','',NULL,''),(1044,'日志导出',501,3,'#','','','',1,0,'F','0','0','monitor:logininfor:export','#','admin','2024-12-27 18:51:52','',NULL,''),(1045,'账户解锁',501,4,'#','','','',1,0,'F','0','0','monitor:logininfor:unlock','#','admin','2024-12-27 18:51:52','',NULL,''),(1046,'在线查询',109,1,'#','','','',1,0,'F','0','0','monitor:online:query','#','admin','2024-12-27 18:51:52','',NULL,''),(1047,'批量强退',109,2,'#','','','',1,0,'F','0','0','monitor:online:batchLogout','#','admin','2024-12-27 18:51:52','',NULL,''),(1048,'单条强退',109,3,'#','','','',1,0,'F','0','0','monitor:online:forceLogout','#','admin','2024-12-27 18:51:52','',NULL,''),(1049,'任务查询',110,1,'#','','','',1,0,'F','0','0','monitor:job:query','#','admin','2024-12-27 18:51:52','',NULL,''),(1050,'任务新增',110,2,'#','','','',1,0,'F','0','0','monitor:job:add','#','admin','2024-12-27 18:51:52','',NULL,''),(1051,'任务修改',110,3,'#','','','',1,0,'F','0','0','monitor:job:edit','#','admin','2024-12-27 18:51:52','',NULL,''),(1052,'任务删除',110,4,'#','','','',1,0,'F','0','0','monitor:job:remove','#','admin','2024-12-27 18:51:52','',NULL,''),(1053,'状态修改',110,5,'#','','','',1,0,'F','0','0','monitor:job:changeStatus','#','admin','2024-12-27 18:51:52','',NULL,''),(1054,'任务导出',110,6,'#','','','',1,0,'F','0','0','monitor:job:export','#','admin','2024-12-27 18:51:52','',NULL,''),(1055,'生成查询',116,1,'#','','','',1,0,'F','0','0','tool:gen:query','#','admin','2024-12-27 18:51:52','',NULL,''),(1056,'生成修改',116,2,'#','','','',1,0,'F','0','0','tool:gen:edit','#','admin','2024-12-27 18:51:52','',NULL,''),(1057,'生成删除',116,3,'#','','','',1,0,'F','0','0','tool:gen:remove','#','admin','2024-12-27 18:51:52','',NULL,''),(1058,'导入代码',116,4,'#','','','',1,0,'F','0','0','tool:gen:import','#','admin','2024-12-27 18:51:52','',NULL,''),(1059,'预览代码',116,5,'#','','','',1,0,'F','0','0','tool:gen:preview','#','admin','2024-12-27 18:51:52','',NULL,''),(1060,'生成代码',116,6,'#','','','',1,0,'F','0','0','tool:gen:code','#','admin','2024-12-27 18:51:52','',NULL,''),(2000,'润达',0,5,'runda',NULL,NULL,'',1,0,'M','0','0','','education','admin','2024-12-28 19:44:35','admin','2024-12-28 19:44:54',''),(2007,'报表',2000,1,'report',NULL,NULL,'',1,0,'M','0','0',NULL,'edit','admin','2025-01-07 09:24:49','',NULL,''),(2008,'基础信息管理',2000,3,'infor',NULL,NULL,'',1,0,'M','0','0','','list','admin','2025-01-07 09:26:03','admin','2025-01-07 09:26:22',''),(2010,'告警管理',2000,4,'alarm',NULL,NULL,'',1,0,'M','0','0','','druid','admin','2025-01-07 09:29:15','admin','2025-01-07 09:29:31',''),(2091,'数据校准管理',2008,1,'calibration','runda/calibration/index',NULL,'',1,0,'C','0','0','runda:calibration:list','#','admin','2025-01-07 15:53:32','',NULL,'数据校准管理菜单'),(2092,'数据校准管理查询',2091,1,'#','',NULL,'',1,0,'F','0','0','runda:calibration:query','#','admin','2025-01-07 15:53:32','',NULL,''),(2093,'数据校准管理新增',2091,2,'#','',NULL,'',1,0,'F','0','0','runda:calibration:add','#','admin','2025-01-07 15:53:32','',NULL,''),(2094,'数据校准管理修改',2091,3,'#','',NULL,'',1,0,'F','0','0','runda:calibration:edit','#','admin','2025-01-07 15:53:32','',NULL,''),(2095,'数据校准管理删除',2091,4,'#','',NULL,'',1,0,'F','0','0','runda:calibration:remove','#','admin','2025-01-07 15:53:32','',NULL,''),(2096,'数据校准管理导出',2091,5,'#','',NULL,'',1,0,'F','0','0','runda:calibration:export','#','admin','2025-01-07 15:53:32','',NULL,''),(2097,'手动矫正',2007,1,'check','runda/check/index',NULL,'',1,0,'C','0','0','runda:check:list','#','admin','2025-01-07 15:53:38','',NULL,'手动矫正菜单'),(2098,'手动矫正查询',2097,1,'#','',NULL,'',1,0,'F','0','0','runda:check:query','#','admin','2025-01-07 15:53:38','',NULL,''),(2099,'手动矫正新增',2097,2,'#','',NULL,'',1,0,'F','0','0','runda:check:add','#','admin','2025-01-07 15:53:38','',NULL,''),(2100,'手动矫正修改',2097,3,'#','',NULL,'',1,0,'F','0','0','runda:check:edit','#','admin','2025-01-07 15:53:38','',NULL,''),(2101,'手动矫正删除',2097,4,'#','',NULL,'',1,0,'F','0','0','runda:check:remove','#','admin','2025-01-07 15:53:38','',NULL,''),(2102,'手动矫正导出',2097,5,'#','',NULL,'',1,0,'F','0','0','runda:check:export','#','admin','2025-01-07 15:53:38','',NULL,''),(2103,'国控数据查询',2007,1,'country','runda/country/index',NULL,'',1,0,'C','0','0','runda:country:list','#','admin','2025-01-07 15:53:44','admin','2025-01-07 15:59:13','国控数据查询菜单'),(2104,'国控数据查询查询',2103,1,'#','',NULL,'',1,0,'F','0','0','runda:country:query','#','admin','2025-01-07 15:53:44','',NULL,''),(2105,'国控数据查询新增',2103,2,'#','',NULL,'',1,0,'F','0','0','runda:country:add','#','admin','2025-01-07 15:53:44','',NULL,''),(2106,'国控数据查询修改',2103,3,'#','',NULL,'',1,0,'F','0','0','runda:country:edit','#','admin','2025-01-07 15:53:44','',NULL,''),(2107,'国控数据查询删除',2103,4,'#','',NULL,'',1,0,'F','0','0','runda:country:remove','#','admin','2025-01-07 15:53:44','',NULL,''),(2108,'国控数据查询导出',2103,5,'#','',NULL,'',1,0,'F','0','0','runda:country:export','#','admin','2025-01-07 15:53:44','',NULL,''),(2109,'告警日志',2010,1,'data','runda/data/index',NULL,'',1,0,'C','0','0','runda:data:list','#','admin','2025-01-07 15:53:51','',NULL,'告警日志菜单'),(2110,'告警日志查询',2109,1,'#','',NULL,'',1,0,'F','0','0','runda:data:query','#','admin','2025-01-07 15:53:51','',NULL,''),(2111,'告警日志新增',2109,2,'#','',NULL,'',1,0,'F','0','0','runda:data:add','#','admin','2025-01-07 15:53:51','',NULL,''),(2112,'告警日志修改',2109,3,'#','',NULL,'',1,0,'F','0','0','runda:data:edit','#','admin','2025-01-07 15:53:51','',NULL,''),(2113,'告警日志删除',2109,4,'#','',NULL,'',1,0,'F','0','0','runda:data:remove','#','admin','2025-01-07 15:53:51','',NULL,''),(2114,'告警日志导出',2109,5,'#','',NULL,'',1,0,'F','0','0','runda:data:export','#','admin','2025-01-07 15:53:51','',NULL,''),(2127,'单位名录',2008,1,'list','runda/list/index',NULL,'',1,0,'C','0','0','runda:list:list','#','admin','2025-01-07 15:54:13','admin','2025-01-07 16:02:35','单位名录菜单'),(2128,'单位名录查询',2127,1,'#','',NULL,'',1,0,'F','0','0','runda:list:query','#','admin','2025-01-07 15:54:13','',NULL,''),(2129,'单位名录新增',2127,2,'#','',NULL,'',1,0,'F','0','0','runda:list:add','#','admin','2025-01-07 15:54:13','',NULL,''),(2130,'单位名录修改',2127,3,'#','',NULL,'',1,0,'F','0','0','runda:list:edit','#','admin','2025-01-07 15:54:13','',NULL,''),(2131,'单位名录删除',2127,4,'#','',NULL,'',1,0,'F','0','0','runda:list:remove','#','admin','2025-01-07 15:54:13','',NULL,''),(2132,'单位名录导出',2127,5,'#','',NULL,'',1,0,'F','0','0','runda:list:export','#','admin','2025-01-07 15:54:13','',NULL,''),(2133,'接口日志',2008,1,'log','runda/log/index',NULL,'',1,0,'C','0','0','runda:log:list','#','admin','2025-01-07 15:54:20','',NULL,'接口日志菜单'),(2134,'接口日志查询',2133,1,'#','',NULL,'',1,0,'F','0','0','runda:log:query','#','admin','2025-01-07 15:54:20','',NULL,''),(2135,'接口日志新增',2133,2,'#','',NULL,'',1,0,'F','0','0','runda:log:add','#','admin','2025-01-07 15:54:20','',NULL,''),(2136,'接口日志修改',2133,3,'#','',NULL,'',1,0,'F','0','0','runda:log:edit','#','admin','2025-01-07 15:54:20','',NULL,''),(2137,'接口日志删除',2133,4,'#','',NULL,'',1,0,'F','0','0','runda:log:remove','#','admin','2025-01-07 15:54:20','',NULL,''),(2138,'接口日志导出',2133,5,'#','',NULL,'',1,0,'F','0','0','runda:log:export','#','admin','2025-01-07 15:54:20','',NULL,''),(2139,'项目管理',2008,1,'project','runda/project/index',NULL,'',1,0,'C','0','0','runda:project:list','#','admin','2025-01-07 15:54:27','',NULL,'项目管理菜单'),(2140,'项目管理查询',2139,1,'#','',NULL,'',1,0,'F','0','0','runda:project:query','#','admin','2025-01-07 15:54:27','',NULL,''),(2141,'项目管理新增',2139,2,'#','',NULL,'',1,0,'F','0','0','runda:project:add','#','admin','2025-01-07 15:54:27','',NULL,''),(2142,'项目管理修改',2139,3,'#','',NULL,'',1,0,'F','0','0','runda:project:edit','#','admin','2025-01-07 15:54:27','',NULL,''),(2143,'项目管理删除',2139,4,'#','',NULL,'',1,0,'F','0','0','runda:project:remove','#','admin','2025-01-07 15:54:27','',NULL,''),(2144,'项目管理导出',2139,5,'#','',NULL,'',1,0,'F','0','0','runda:project:export','#','admin','2025-01-07 15:54:27','',NULL,''),(2163,'监测设备管理设备',2000,1,'device','runda/device/index',NULL,'',1,0,'C','0','0','runda:device:list','#','admin','2025-01-07 16:29:06','',NULL,'监测设备管理设备菜单'),(2164,'监测设备管理设备查询',2163,1,'#','',NULL,'',1,0,'F','0','0','runda:device:query','#','admin','2025-01-07 16:29:06','',NULL,''),(2165,'监测设备管理设备新增',2163,2,'#','',NULL,'',1,0,'F','0','0','runda:device:add','#','admin','2025-01-07 16:29:06','',NULL,''),(2166,'监测设备管理设备修改',2163,3,'#','',NULL,'',1,0,'F','0','0','runda:device:edit','#','admin','2025-01-07 16:29:06','',NULL,''),(2167,'监测设备管理设备删除',2163,4,'#','',NULL,'',1,0,'F','0','0','runda:device:remove','#','admin','2025-01-07 16:29:06','',NULL,''),(2168,'监测设备管理设备导出',2163,5,'#','',NULL,'',1,0,'F','0','0','runda:device:export','#','admin','2025-01-07 16:29:06','',NULL,''),(2169,'短信记录',2010,1,'info','runda/info/index',NULL,'',1,0,'C','0','0','runda:info:list','#','admin','2025-01-07 16:29:12','',NULL,'短信记录菜单'),(2170,'短信记录查询',2169,1,'#','',NULL,'',1,0,'F','0','0','runda:info:query','#','admin','2025-01-07 16:29:12','',NULL,''),(2171,'短信记录新增',2169,2,'#','',NULL,'',1,0,'F','0','0','runda:info:add','#','admin','2025-01-07 16:29:12','',NULL,''),(2172,'短信记录修改',2169,3,'#','',NULL,'',1,0,'F','0','0','runda:info:edit','#','admin','2025-01-07 16:29:12','',NULL,''),(2173,'短信记录删除',2169,4,'#','',NULL,'',1,0,'F','0','0','runda:info:remove','#','admin','2025-01-07 16:29:12','',NULL,''),(2174,'短信记录导出',2169,5,'#','',NULL,'',1,0,'F','0','0','runda:info:export','#','admin','2025-01-07 16:29:12','',NULL,''),(2181,'告警设置',2010,1,'remind','runda/remind/index',NULL,'',1,0,'C','0','0','runda:remind:list','#','admin','2025-01-07 16:29:25','',NULL,'告警设置菜单'),(2182,'告警设置查询',2181,1,'#','',NULL,'',1,0,'F','0','0','runda:remind:query','#','admin','2025-01-07 16:29:25','',NULL,''),(2183,'告警设置新增',2181,2,'#','',NULL,'',1,0,'F','0','0','runda:remind:add','#','admin','2025-01-07 16:29:25','',NULL,''),(2184,'告警设置修改',2181,3,'#','',NULL,'',1,0,'F','0','0','runda:remind:edit','#','admin','2025-01-07 16:29:25','',NULL,''),(2185,'告警设置删除',2181,4,'#','',NULL,'',1,0,'F','0','0','runda:remind:remove','#','admin','2025-01-07 16:29:25','',NULL,''),(2186,'告警设置导出',2181,5,'#','',NULL,'',1,0,'F','0','0','runda:remind:export','#','admin','2025-01-07 16:29:25','',NULL,''),(2187,'监测站点管理',2000,1,'station','runda/station/index',NULL,'',1,0,'C','0','0','runda:station:list','#','admin','2025-01-07 16:29:31','',NULL,'监测站点管理菜单'),(2188,'监测站点管理查询',2187,1,'#','',NULL,'',1,0,'F','0','0','runda:station:query','#','admin','2025-01-07 16:29:31','',NULL,''),(2189,'监测站点管理新增',2187,2,'#','',NULL,'',1,0,'F','0','0','runda:station:add','#','admin','2025-01-07 16:29:31','',NULL,''),(2190,'监测站点管理修改',2187,3,'#','',NULL,'',1,0,'F','0','0','runda:station:edit','#','admin','2025-01-07 16:29:31','',NULL,''),(2191,'监测站点管理删除',2187,4,'#','',NULL,'',1,0,'F','0','0','runda:station:remove','#','admin','2025-01-07 16:29:31','',NULL,''),(2192,'监测站点管理导出',2187,5,'#','',NULL,'',1,0,'F','0','0','runda:station:export','#','admin','2025-01-07 16:29:31','',NULL,''),(2205,'大气数据查询212',2000,1,'query212','runda/query212/index',NULL,'',1,0,'C','0','0','runda:query212:list','#','admin','2025-01-07 20:04:52','',NULL,'大气数据查询212菜单'),(2206,'大气数据查询212查询',2205,1,'#','',NULL,'',1,0,'F','0','0','runda:query212:query','#','admin','2025-01-07 20:04:52','',NULL,''),(2207,'大气数据查询212新增',2205,2,'#','',NULL,'',1,0,'F','0','0','runda:query212:add','#','admin','2025-01-07 20:04:52','',NULL,''),(2208,'大气数据查询212修改',2205,3,'#','',NULL,'',1,0,'F','0','0','runda:query212:edit','#','admin','2025-01-07 20:04:52','',NULL,''),(2209,'大气数据查询212删除',2205,4,'#','',NULL,'',1,0,'F','0','0','runda:query212:remove','#','admin','2025-01-07 20:04:52','',NULL,''),(2210,'大气数据查询212导出',2205,5,'#','',NULL,'',1,0,'F','0','0','runda:query212:export','#','admin','2025-01-07 20:04:52','',NULL,'');
/*!40000 ALTER TABLE `sys_menu` ENABLE KEYS */;
UNLOCK TABLES;

--
-- Table structure for table `sys_notice`
--

DROP TABLE IF EXISTS `sys_notice`;
/*!40101 SET @saved_cs_client     = @@character_set_client */;
/*!50503 SET character_set_client = utf8mb4 */;
CREATE TABLE `sys_notice` (
  `notice_id` int NOT NULL AUTO_INCREMENT COMMENT '公告ID',
  `notice_title` varchar(50) CHARACTER SET utf8mb4 COLLATE utf8mb4_0900_ai_ci NOT NULL COMMENT '公告标题',
  `notice_type` char(1) CHARACTER SET utf8mb4 COLLATE utf8mb4_0900_ai_ci NOT NULL COMMENT '公告类型（1通知 2公告）',
  `notice_content` longblob COMMENT '公告内容',
  `status` char(1) CHARACTER SET utf8mb4 COLLATE utf8mb4_0900_ai_ci DEFAULT '0' COMMENT '公告状态（0正常 1关闭）',
  `create_by` varchar(64) CHARACTER SET utf8mb4 COLLATE utf8mb4_0900_ai_ci DEFAULT '' COMMENT '创建者',
  `create_time` datetime DEFAULT NULL COMMENT '创建时间',
  `update_by` varchar(64) CHARACTER SET utf8mb4 COLLATE utf8mb4_0900_ai_ci DEFAULT '' COMMENT '更新者',
  `update_time` datetime DEFAULT NULL COMMENT '更新时间',
  `remark` varchar(255) CHARACTER SET utf8mb4 COLLATE utf8mb4_0900_ai_ci DEFAULT NULL COMMENT '备注',
  PRIMARY KEY (`notice_id`) USING BTREE
) ENGINE=InnoDB AUTO_INCREMENT=10 DEFAULT CHARSET=utf8mb4 COLLATE=utf8mb4_0900_ai_ci ROW_FORMAT=DYNAMIC COMMENT='通知公告表';
/*!40101 SET character_set_client = @saved_cs_client */;

--
-- Dumping data for table `sys_notice`
--

LOCK TABLES `sys_notice` WRITE;
/*!40000 ALTER TABLE `sys_notice` DISABLE KEYS */;
INSERT INTO `sys_notice` VALUES (1,'温馨提醒：2018-07-01 若依新版本发布啦','2',_binary '新版本内容','0','admin','2024-12-27 18:51:52','',NULL,'管理员'),(2,'维护通知：2018-07-01 若依系统凌晨维护','1',_binary '维护内容','0','admin','2024-12-27 18:51:52','',NULL,'管理员');
/*!40000 ALTER TABLE `sys_notice` ENABLE KEYS */;
UNLOCK TABLES;

--
-- Table structure for table `sys_oper_log`
--

DROP TABLE IF EXISTS `sys_oper_log`;
/*!40101 SET @saved_cs_client     = @@character_set_client */;
/*!50503 SET character_set_client = utf8mb4 */;
CREATE TABLE `sys_oper_log` (
  `oper_id` bigint NOT NULL AUTO_INCREMENT COMMENT '日志主键',
  `title` varchar(50) CHARACTER SET utf8mb4 COLLATE utf8mb4_0900_ai_ci DEFAULT '' COMMENT '模块标题',
  `business_type` int DEFAULT '0' COMMENT '业务类型（0其它 1新增 2修改 3删除）',
  `method` varchar(200) CHARACTER SET utf8mb4 COLLATE utf8mb4_0900_ai_ci DEFAULT '' COMMENT '方法名称',
  `request_method` varchar(10) CHARACTER SET utf8mb4 COLLATE utf8mb4_0900_ai_ci DEFAULT '' COMMENT '请求方式',
  `operator_type` int DEFAULT '0' COMMENT '操作类别（0其它 1后台用户 2手机端用户）',
  `oper_name` varchar(50) CHARACTER SET utf8mb4 COLLATE utf8mb4_0900_ai_ci DEFAULT '' COMMENT '操作人员',
  `dept_name` varchar(50) CHARACTER SET utf8mb4 COLLATE utf8mb4_0900_ai_ci DEFAULT '' COMMENT '部门名称',
  `oper_url` varchar(255) CHARACTER SET utf8mb4 COLLATE utf8mb4_0900_ai_ci DEFAULT '' COMMENT '请求URL',
  `oper_ip` varchar(128) CHARACTER SET utf8mb4 COLLATE utf8mb4_0900_ai_ci DEFAULT '' COMMENT '主机地址',
  `oper_location` varchar(255) CHARACTER SET utf8mb4 COLLATE utf8mb4_0900_ai_ci DEFAULT '' COMMENT '操作地点',
  `oper_param` varchar(2000) CHARACTER SET utf8mb4 COLLATE utf8mb4_0900_ai_ci DEFAULT '' COMMENT '请求参数',
  `json_result` varchar(2000) CHARACTER SET utf8mb4 COLLATE utf8mb4_0900_ai_ci DEFAULT '' COMMENT '返回参数',
  `status` int DEFAULT '0' COMMENT '操作状态（0正常 1异常）',
  `error_msg` varchar(2000) CHARACTER SET utf8mb4 COLLATE utf8mb4_0900_ai_ci DEFAULT '' COMMENT '错误消息',
  `oper_time` datetime DEFAULT NULL COMMENT '操作时间',
  `cost_time` bigint DEFAULT '0' COMMENT '消耗时间',
  PRIMARY KEY (`oper_id`) USING BTREE,
  KEY `idx_sys_oper_log_bt` (`business_type`) USING BTREE,
  KEY `idx_sys_oper_log_s` (`status`) USING BTREE,
  KEY `idx_sys_oper_log_ot` (`oper_time`) USING BTREE
) ENGINE=InnoDB AUTO_INCREMENT=564 DEFAULT CHARSET=utf8mb4 COLLATE=utf8mb4_0900_ai_ci ROW_FORMAT=DYNAMIC COMMENT='操作日志记录';
/*!40101 SET character_set_client = @saved_cs_client */;

--
-- Dumping data for table `sys_oper_log`
--

LOCK TABLES `sys_oper_log` WRITE;
/*!40000 ALTER TABLE `sys_oper_log` DISABLE KEYS */;
INSERT INTO `sys_oper_log` VALUES (100,'菜单管理',1,'com.ruoyi.web.controller.system.SysMenuController.add()','POST',1,'admin','研发部门','/system/menu','127.0.0.1','内网IP','{\"children\":[],\"createBy\":\"admin\",\"icon\":\"education\",\"isCache\":\"0\",\"isFrame\":\"1\",\"menuName\":\"润达\",\"menuType\":\"M\",\"orderNum\":4,\"params\":{},\"parentId\":0,\"path\":\"runda\",\"status\":\"0\",\"visible\":\"0\"}','{\"msg\":\"操作成功\",\"code\":200}',0,NULL,'2024-12-28 19:44:35',23),(101,'菜单管理',2,'com.ruoyi.web.controller.system.SysMenuController.edit()','PUT',1,'admin','研发部门','/system/menu','127.0.0.1','内网IP','{\"children\":[],\"createTime\":\"2024-12-28 19:44:35\",\"icon\":\"education\",\"isCache\":\"0\",\"isFrame\":\"1\",\"menuId\":2000,\"menuName\":\"润达\",\"menuType\":\"M\",\"orderNum\":5,\"params\":{},\"parentId\":0,\"path\":\"runda\",\"perms\":\"\",\"routeName\":\"\",\"status\":\"0\",\"updateBy\":\"admin\",\"visible\":\"0\"}','{\"msg\":\"操作成功\",\"code\":200}',0,NULL,'2024-12-28 19:44:54',7),(102,'菜单管理',1,'com.ruoyi.web.controller.system.SysMenuController.add()','POST',1,'admin','研发部门','/system/menu','127.0.0.1','内网IP','{\"children\":[],\"createBy\":\"admin\",\"isCache\":\"0\",\"isFrame\":\"1\",\"menuName\":\"监测设备管理\",\"menuType\":\"M\",\"orderNum\":1,\"params\":{},\"parentId\":2000,\"path\":\"runda:Jianceshebei:list\",\"status\":\"0\",\"visible\":\"0\"}','{\"msg\":\"操作成功\",\"code\":200}',0,NULL,'2024-12-28 19:55:36',8),(103,'代码生成',6,'com.ruoyi.generator.controller.GenController.importTableSave()','POST',1,'admin','研发部门','/tool/gen/importTable','127.0.0.1','内网IP','{\"tables\":\"rd_jianceshebei\"}','{\"msg\":\"操作成功\",\"code\":200}',0,NULL,'2024-12-28 20:04:53',122),(104,'代码生成',2,'com.ruoyi.generator.controller.GenController.editSave()','PUT',1,'admin','研发部门','/tool/gen','127.0.0.1','内网IP','{\"businessName\":\"jianceshebei\",\"className\":\"RdJianceshebei\",\"columns\":[{\"capJavaField\":\"Id\",\"columnId\":1,\"columnName\":\"id\",\"columnType\":\"bigint\",\"createBy\":\"admin\",\"createTime\":\"2024-12-28 20:04:53\",\"dictType\":\"\",\"edit\":false,\"htmlType\":\"input\",\"increment\":true,\"insert\":true,\"isIncrement\":\"1\",\"isInsert\":\"1\",\"isPk\":\"1\",\"isRequired\":\"0\",\"javaField\":\"id\",\"javaType\":\"Long\",\"list\":false,\"params\":{},\"pk\":true,\"query\":false,\"queryType\":\"EQ\",\"required\":false,\"sort\":1,\"superColumn\":false,\"tableId\":1,\"updateBy\":\"\",\"usableColumn\":false},{\"capJavaField\":\"Name\",\"columnComment\":\"设备名称(测站名称)\",\"columnId\":2,\"columnName\":\"name\",\"columnType\":\"varchar(200)\",\"createBy\":\"admin\",\"createTime\":\"2024-12-28 20:04:53\",\"dictType\":\"\",\"edit\":true,\"htmlType\":\"input\",\"increment\":false,\"insert\":true,\"isEdit\":\"1\",\"isIncrement\":\"0\",\"isInsert\":\"1\",\"isList\":\"1\",\"isPk\":\"0\",\"isQuery\":\"1\",\"isRequired\":\"0\",\"javaField\":\"name\",\"javaType\":\"String\",\"list\":true,\"params\":{},\"pk\":false,\"query\":true,\"queryType\":\"LIKE\",\"required\":false,\"sort\":2,\"superColumn\":false,\"tableId\":1,\"updateBy\":\"\",\"usableColumn\":false},{\"capJavaField\":\"Sn\",\"columnComment\":\"设备号\",\"columnId\":3,\"columnName\":\"sn\",\"columnType\":\"varchar(50)\",\"createBy\":\"admin\",\"createTime\":\"2024-12-28 20:04:53\",\"dictType\":\"\",\"edit\":true,\"htmlType\":\"input\",\"increment\":false,\"insert\":true,\"isEdit\":\"1\",\"isIncrement\":\"0\",\"isInsert\":\"1\",\"isList\":\"1\",\"isPk\":\"0\",\"isQuery\":\"1\",\"isRequired\":\"0\",\"javaField\":\"sn\",\"javaType\":\"String\",\"list\":true,\"params\":{},\"pk\":false,\"query\":true,\"queryType\":\"EQ\",\"required\":false,\"sort\":3,\"superColumn\":false,\"tableId\":1,\"updateBy\":\"\",\"usableColumn\":false},{\"capJavaField\":\"Longitude\",\"columnComment\":\"经度\",\"columnId\":4,\"columnName\":\"longitude\",\"columnType\":\"double\",\"createBy\":\"admin\",\"createTime\":\"2024-12-28 20:04:53\",\"dictType\":\"\",\"edit\":true,\"htmlType\":\"input\",\"increment\":false,\"insert\":true,\"isEdit\":\"1\",\"isIncrement\":\"0\",\"isInsert\":\"1\",\"isList\":\"1\",\"isPk\":\"0\",\"isQuery\":\"1\",\"isRequired\":\"0\",\"javaField\":\"longitude\",\"javaType\":\"Long\",\"list\":true','{\"msg\":\"操作成功\",\"code\":200}',0,NULL,'2024-12-28 20:05:26',81),(105,'代码生成',8,'com.ruoyi.generator.controller.GenController.batchGenCode()','GET',1,'admin','研发部门','/tool/gen/batchGenCode','127.0.0.1','内网IP','{\"tables\":\"rd_jianceshebei\"}',NULL,0,NULL,'2024-12-28 20:05:30',70),(106,'菜单管理',2,'com.ruoyi.web.controller.system.SysMenuController.edit()','PUT',1,'admin','研发部门','/system/menu','127.0.0.1','内网IP','{\"children\":[],\"createTime\":\"2024-12-28 19:55:36\",\"icon\":\"#\",\"isCache\":\"0\",\"isFrame\":\"1\",\"menuId\":2001,\"menuName\":\"监测设备管理\",\"menuType\":\"M\",\"orderNum\":1,\"params\":{},\"parentId\":2000,\"path\":\"runda:jianceshebei:list\",\"perms\":\"\",\"routeName\":\"\",\"status\":\"0\",\"updateBy\":\"admin\",\"visible\":\"0\"}','{\"msg\":\"操作成功\",\"code\":200}',0,NULL,'2024-12-28 20:16:52',24),(107,'菜单管理',2,'com.ruoyi.web.controller.system.SysMenuController.edit()','PUT',1,'admin','研发部门','/system/menu','127.0.0.1','内网IP','{\"children\":[],\"createTime\":\"2024-12-28 19:55:36\",\"icon\":\"#\",\"isCache\":\"0\",\"isFrame\":\"1\",\"menuId\":2001,\"menuName\":\"监测设备管理\",\"menuType\":\"M\",\"orderNum\":1,\"params\":{},\"parentId\":2000,\"path\":\"system:jianceshebei:list\",\"perms\":\"\",\"routeName\":\"\",\"status\":\"0\",\"updateBy\":\"admin\",\"visible\":\"0\"}','{\"msg\":\"操作成功\",\"code\":200}',0,NULL,'2024-12-28 20:18:34',10),(108,'代码生成',2,'com.ruoyi.generator.controller.GenController.editSave()','PUT',1,'admin','研发部门','/tool/gen','127.0.0.1','内网IP','{\"businessName\":\"jianceshebei\",\"className\":\"RdJianceshebei\",\"columns\":[{\"capJavaField\":\"Id\",\"columnId\":1,\"columnName\":\"id\",\"columnType\":\"bigint\",\"createBy\":\"admin\",\"createTime\":\"2024-12-28 20:04:53\",\"dictType\":\"\",\"edit\":false,\"htmlType\":\"input\",\"increment\":true,\"insert\":true,\"isIncrement\":\"1\",\"isInsert\":\"1\",\"isPk\":\"1\",\"isRequired\":\"0\",\"javaField\":\"id\",\"javaType\":\"Long\",\"list\":false,\"params\":{},\"pk\":true,\"query\":false,\"queryType\":\"EQ\",\"required\":false,\"sort\":1,\"superColumn\":false,\"tableId\":1,\"updateBy\":\"\",\"updateTime\":\"2024-12-28 20:05:26\",\"usableColumn\":false},{\"capJavaField\":\"Name\",\"columnComment\":\"设备名称(测站名称)\",\"columnId\":2,\"columnName\":\"name\",\"columnType\":\"varchar(200)\",\"createBy\":\"admin\",\"createTime\":\"2024-12-28 20:04:53\",\"dictType\":\"\",\"edit\":true,\"htmlType\":\"input\",\"increment\":false,\"insert\":true,\"isEdit\":\"1\",\"isIncrement\":\"0\",\"isInsert\":\"1\",\"isList\":\"1\",\"isPk\":\"0\",\"isQuery\":\"1\",\"isRequired\":\"0\",\"javaField\":\"name\",\"javaType\":\"String\",\"list\":true,\"params\":{},\"pk\":false,\"query\":true,\"queryType\":\"LIKE\",\"required\":false,\"sort\":2,\"superColumn\":false,\"tableId\":1,\"updateBy\":\"\",\"updateTime\":\"2024-12-28 20:05:26\",\"usableColumn\":false},{\"capJavaField\":\"Sn\",\"columnComment\":\"设备号\",\"columnId\":3,\"columnName\":\"sn\",\"columnType\":\"varchar(50)\",\"createBy\":\"admin\",\"createTime\":\"2024-12-28 20:04:53\",\"dictType\":\"\",\"edit\":true,\"htmlType\":\"input\",\"increment\":false,\"insert\":true,\"isEdit\":\"1\",\"isIncrement\":\"0\",\"isInsert\":\"1\",\"isList\":\"1\",\"isPk\":\"0\",\"isQuery\":\"1\",\"isRequired\":\"0\",\"javaField\":\"sn\",\"javaType\":\"String\",\"list\":true,\"params\":{},\"pk\":false,\"query\":true,\"queryType\":\"EQ\",\"required\":false,\"sort\":3,\"superColumn\":false,\"tableId\":1,\"updateBy\":\"\",\"updateTime\":\"2024-12-28 20:05:26\",\"usableColumn\":false},{\"capJavaField\":\"Longitude\",\"columnComment\":\"经度\",\"columnId\":4,\"columnName\":\"longitude\",\"columnType\":\"double\",\"createBy\":\"admin\",\"createTime\":\"2024-12-28 20:04:53\",\"dictType\":\"\",\"edit\":true,\"htmlType\":\"input\",\"increment\":false,\"insert\":true,\"isEdit\":\"1\",\"isIncrement\":\"0\",\"isInsert\":\"1\",\"is','{\"msg\":\"操作成功\",\"code\":200}',0,NULL,'2024-12-28 20:20:15',104),(109,'代码生成',8,'com.ruoyi.generator.controller.GenController.batchGenCode()','GET',1,'admin','研发部门','/tool/gen/batchGenCode','127.0.0.1','内网IP','{\"tables\":\"rd_jianceshebei\"}',NULL,0,NULL,'2024-12-28 20:20:18',241),(110,'菜单管理',2,'com.ruoyi.web.controller.system.SysMenuController.edit()','PUT',1,'admin','研发部门','/system/menu','127.0.0.1','内网IP','{\"children\":[],\"createTime\":\"2024-12-28 19:55:36\",\"icon\":\"#\",\"isCache\":\"0\",\"isFrame\":\"1\",\"menuId\":2001,\"menuName\":\"监测设备管理\",\"menuType\":\"M\",\"orderNum\":1,\"params\":{},\"parentId\":2000,\"path\":\"runda:jianceshebei:list\",\"perms\":\"\",\"routeName\":\"\",\"status\":\"0\",\"updateBy\":\"admin\",\"visible\":\"0\"}','{\"msg\":\"操作成功\",\"code\":200}',0,NULL,'2024-12-28 20:24:53',28),(111,'菜单管理',2,'com.ruoyi.web.controller.system.SysMenuController.edit()','PUT',1,'admin','研发部门','/system/menu','127.0.0.1','内网IP','{\"children\":[],\"component\":\"runda/jianceshebei/index\",\"createTime\":\"2024-12-28 19:55:36\",\"icon\":\"#\",\"isCache\":\"0\",\"isFrame\":\"1\",\"menuId\":2001,\"menuName\":\"监测设备管理\",\"menuType\":\"C\",\"orderNum\":1,\"params\":{},\"parentId\":2000,\"path\":\"jianceshebei\",\"perms\":\"runda:jianceshebei:list\",\"routeName\":\"\",\"status\":\"0\",\"updateBy\":\"admin\",\"visible\":\"0\"}','{\"msg\":\"操作成功\",\"code\":200}',0,NULL,'2024-12-28 20:26:37',7),(112,'菜单管理',1,'com.ruoyi.web.controller.system.SysMenuController.add()','POST',1,'admin','研发部门','/system/menu','127.0.0.1','内网IP','{\"children\":[],\"createBy\":\"admin\",\"isCache\":\"0\",\"isFrame\":\"1\",\"menuName\":\"监测设备查询\",\"menuType\":\"F\",\"orderNum\":1,\"params\":{},\"parentId\":2001,\"perms\":\"runda:jianceshebei:query\",\"status\":\"0\",\"visible\":\"0\"}','{\"msg\":\"操作成功\",\"code\":200}',0,NULL,'2024-12-28 20:29:23',12),(113,'菜单管理',1,'com.ruoyi.web.controller.system.SysMenuController.add()','POST',1,'admin','研发部门','/system/menu','127.0.0.1','内网IP','{\"children\":[],\"createBy\":\"admin\",\"isCache\":\"0\",\"isFrame\":\"1\",\"menuName\":\"检测设备新增\",\"menuType\":\"F\",\"orderNum\":2,\"params\":{},\"parentId\":2001,\"perms\":\"runda:jianceshebei:add\",\"status\":\"0\",\"visible\":\"0\"}','{\"msg\":\"操作成功\",\"code\":200}',0,NULL,'2024-12-28 20:30:14',9),(114,'菜单管理',1,'com.ruoyi.web.controller.system.SysMenuController.add()','POST',1,'admin','研发部门','/system/menu','127.0.0.1','内网IP','{\"children\":[],\"createBy\":\"admin\",\"isCache\":\"0\",\"isFrame\":\"1\",\"menuName\":\"检测设备修改\",\"menuType\":\"F\",\"orderNum\":3,\"params\":{},\"parentId\":2001,\"perms\":\"runda:jianceshebei:edit\",\"status\":\"0\",\"visible\":\"0\"}','{\"msg\":\"操作成功\",\"code\":200}',0,NULL,'2024-12-28 20:31:16',10),(115,'菜单管理',1,'com.ruoyi.web.controller.system.SysMenuController.add()','POST',1,'admin','研发部门','/system/menu','127.0.0.1','内网IP','{\"children\":[],\"createBy\":\"admin\",\"isCache\":\"0\",\"isFrame\":\"1\",\"menuName\":\"监测设备删除\",\"menuType\":\"F\",\"orderNum\":4,\"params\":{},\"parentId\":2001,\"perms\":\"runda:jianceshebei:remove\",\"status\":\"0\",\"visible\":\"0\"}','{\"msg\":\"操作成功\",\"code\":200}',0,NULL,'2024-12-28 20:31:42',17),(116,'菜单管理',2,'com.ruoyi.web.controller.system.SysMenuController.edit()','PUT',1,'admin','研发部门','/system/menu','127.0.0.1','内网IP','{\"children\":[],\"createTime\":\"2024-12-28 20:30:14\",\"icon\":\"#\",\"isCache\":\"0\",\"isFrame\":\"1\",\"menuId\":2003,\"menuName\":\"监测设备新增\",\"menuType\":\"F\",\"orderNum\":2,\"params\":{},\"parentId\":2001,\"path\":\"\",\"perms\":\"runda:jianceshebei:add\",\"routeName\":\"\",\"status\":\"0\",\"updateBy\":\"admin\",\"visible\":\"0\"}','{\"msg\":\"操作成功\",\"code\":200}',0,NULL,'2024-12-28 20:31:55',9),(117,'菜单管理',2,'com.ruoyi.web.controller.system.SysMenuController.edit()','PUT',1,'admin','研发部门','/system/menu','127.0.0.1','内网IP','{\"children\":[],\"createTime\":\"2024-12-28 20:31:16\",\"icon\":\"#\",\"isCache\":\"0\",\"isFrame\":\"1\",\"menuId\":2004,\"menuName\":\"监测设备修改\",\"menuType\":\"F\",\"orderNum\":3,\"params\":{},\"parentId\":2001,\"path\":\"\",\"perms\":\"runda:jianceshebei:edit\",\"routeName\":\"\",\"status\":\"0\",\"updateBy\":\"admin\",\"visible\":\"0\"}','{\"msg\":\"操作成功\",\"code\":200}',0,NULL,'2024-12-28 20:32:02',9),(118,'菜单管理',1,'com.ruoyi.web.controller.system.SysMenuController.add()','POST',1,'admin','研发部门','/system/menu','127.0.0.1','内网IP','{\"children\":[],\"createBy\":\"admin\",\"isCache\":\"0\",\"isFrame\":\"1\",\"menuName\":\"监测设备导入\",\"menuType\":\"F\",\"orderNum\":5,\"params\":{},\"parentId\":2001,\"perms\":\"runda:jianceshebei:import\",\"status\":\"0\",\"visible\":\"0\"}','{\"msg\":\"操作成功\",\"code\":200}',0,NULL,'2024-12-28 20:32:29',7),(119,'菜单管理',2,'com.ruoyi.web.controller.system.SysMenuController.edit()','PUT',1,'admin','研发部门','/system/menu','127.0.0.1','内网IP','{\"children\":[],\"component\":\"runda/jianceshebei/index\",\"createTime\":\"2024-12-28 19:55:36\",\"icon\":\"#\",\"isCache\":\"1\",\"isFrame\":\"1\",\"menuId\":2001,\"menuName\":\"监测设备管理\",\"menuType\":\"C\",\"orderNum\":1,\"params\":{},\"parentId\":2000,\"path\":\"jianceshebei\",\"perms\":\"runda:jianceshebei:list\",\"routeName\":\"\",\"status\":\"0\",\"updateBy\":\"admin\",\"visible\":\"0\"}','{\"msg\":\"操作成功\",\"code\":200}',0,NULL,'2024-12-29 15:15:51',21),(120,'代码生成',6,'com.ruoyi.generator.controller.GenController.importTableSave()','POST',1,'admin','研发部门','/tool/gen/importTable','127.0.0.1','内网IP','{\"tables\":\"sys_config\"}','{\"msg\":\"操作成功\",\"code\":200}',0,NULL,'2024-12-29 16:05:33',85),(121,'代码生成',2,'com.ruoyi.generator.controller.GenController.editSave()','PUT',1,'admin','研发部门','/tool/gen','127.0.0.1','内网IP','{\"businessName\":\"config\",\"className\":\"SysConfig\",\"columns\":[{\"capJavaField\":\"ConfigId\",\"columnComment\":\"参数主键\",\"columnId\":34,\"columnName\":\"config_id\",\"columnType\":\"int\",\"createBy\":\"admin\",\"createTime\":\"2024-12-29 16:05:33\",\"dictType\":\"\",\"edit\":false,\"htmlType\":\"input\",\"increment\":true,\"insert\":true,\"isIncrement\":\"1\",\"isInsert\":\"1\",\"isPk\":\"1\",\"isRequired\":\"0\",\"javaField\":\"configId\",\"javaType\":\"Long\",\"list\":false,\"params\":{},\"pk\":true,\"query\":false,\"queryType\":\"EQ\",\"required\":false,\"sort\":1,\"superColumn\":false,\"tableId\":2,\"updateBy\":\"\",\"usableColumn\":false},{\"capJavaField\":\"ConfigName\",\"columnComment\":\"参数名称\",\"columnId\":35,\"columnName\":\"config_name\",\"columnType\":\"varchar(100)\",\"createBy\":\"admin\",\"createTime\":\"2024-12-29 16:05:33\",\"dictType\":\"\",\"edit\":true,\"htmlType\":\"input\",\"increment\":false,\"insert\":true,\"isEdit\":\"1\",\"isIncrement\":\"0\",\"isInsert\":\"1\",\"isList\":\"1\",\"isPk\":\"0\",\"isQuery\":\"1\",\"isRequired\":\"0\",\"javaField\":\"configName\",\"javaType\":\"String\",\"list\":true,\"params\":{},\"pk\":false,\"query\":true,\"queryType\":\"LIKE\",\"required\":false,\"sort\":2,\"superColumn\":false,\"tableId\":2,\"updateBy\":\"\",\"usableColumn\":false},{\"capJavaField\":\"ConfigKey\",\"columnComment\":\"参数键名\",\"columnId\":36,\"columnName\":\"config_key\",\"columnType\":\"varchar(100)\",\"createBy\":\"admin\",\"createTime\":\"2024-12-29 16:05:33\",\"dictType\":\"\",\"edit\":true,\"htmlType\":\"input\",\"increment\":false,\"insert\":true,\"isEdit\":\"1\",\"isIncrement\":\"0\",\"isInsert\":\"1\",\"isList\":\"1\",\"isPk\":\"0\",\"isQuery\":\"1\",\"isRequired\":\"0\",\"javaField\":\"configKey\",\"javaType\":\"String\",\"list\":true,\"params\":{},\"pk\":false,\"query\":true,\"queryType\":\"EQ\",\"required\":false,\"sort\":3,\"superColumn\":false,\"tableId\":2,\"updateBy\":\"\",\"usableColumn\":false},{\"capJavaField\":\"ConfigValue\",\"columnComment\":\"参数键值\",\"columnId\":37,\"columnName\":\"config_value\",\"columnType\":\"varchar(500)\",\"createBy\":\"admin\",\"createTime\":\"2024-12-29 16:05:33\",\"dictType\":\"\",\"edit\":true,\"htmlType\":\"textarea\",\"increment\":false,\"insert\":true,\"isEdit\":\"1\",\"isIncrement\":\"0\",\"isInsert\":\"1\",\"isList\":\"1\",\"isPk\":\"0\"','{\"msg\":\"操作成功\",\"code\":200}',0,NULL,'2024-12-29 16:05:59',37),(122,'代码生成',8,'com.ruoyi.generator.controller.GenController.batchGenCode()','GET',1,'admin','研发部门','/tool/gen/batchGenCode','127.0.0.1','内网IP','{\"tables\":\"rd_jianceshebei\"}',NULL,0,NULL,'2024-12-29 16:06:02',277),(123,'菜单管理',3,'com.ruoyi.web.controller.system.SysMenuController.remove()','DELETE',1,'admin','研发部门','/system/menu/2002','127.0.0.1','内网IP','2002','{\"msg\":\"操作成功\",\"code\":200}',0,NULL,'2025-01-06 21:10:54',91),(124,'菜单管理',3,'com.ruoyi.web.controller.system.SysMenuController.remove()','DELETE',1,'admin','研发部门','/system/menu/2003','127.0.0.1','内网IP','2003','{\"msg\":\"操作成功\",\"code\":200}',0,NULL,'2025-01-06 21:10:56',23),(125,'菜单管理',3,'com.ruoyi.web.controller.system.SysMenuController.remove()','DELETE',1,'admin','研发部门','/system/menu/2004','127.0.0.1','内网IP','2004','{\"msg\":\"操作成功\",\"code\":200}',0,NULL,'2025-01-06 21:10:58',21),(126,'菜单管理',3,'com.ruoyi.web.controller.system.SysMenuController.remove()','DELETE',1,'admin','研发部门','/system/menu/2005','127.0.0.1','内网IP','2005','{\"msg\":\"操作成功\",\"code\":200}',0,NULL,'2025-01-06 21:10:59',20),(127,'菜单管理',3,'com.ruoyi.web.controller.system.SysMenuController.remove()','DELETE',1,'admin','研发部门','/system/menu/2006','127.0.0.1','内网IP','2006','{\"msg\":\"操作成功\",\"code\":200}',0,NULL,'2025-01-06 21:11:01',19),(128,'菜单管理',3,'com.ruoyi.web.controller.system.SysMenuController.remove()','DELETE',1,'admin','研发部门','/system/menu/2001','127.0.0.1','内网IP','2001','{\"msg\":\"操作成功\",\"code\":200}',0,NULL,'2025-01-06 21:55:46',36),(129,'菜单管理',1,'com.ruoyi.web.controller.system.SysMenuController.add()','POST',1,'admin','研发部门','/system/menu','127.0.0.1','内网IP','{\"children\":[],\"createBy\":\"admin\",\"icon\":\"edit\",\"isCache\":\"0\",\"isFrame\":\"1\",\"menuName\":\"报表\",\"menuType\":\"M\",\"orderNum\":1,\"params\":{},\"parentId\":2000,\"path\":\"report\",\"status\":\"0\",\"visible\":\"0\"}','{\"msg\":\"操作成功\",\"code\":200}',0,NULL,'2025-01-07 09:24:49',52),(130,'菜单管理',1,'com.ruoyi.web.controller.system.SysMenuController.add()','POST',1,'admin','研发部门','/system/menu','127.0.0.1','内网IP','{\"children\":[],\"createBy\":\"admin\",\"isCache\":\"0\",\"isFrame\":\"1\",\"menuName\":\"基础信息管理\",\"menuType\":\"M\",\"orderNum\":3,\"params\":{},\"parentId\":2000,\"path\":\"infor\",\"status\":\"0\",\"visible\":\"0\"}','{\"msg\":\"操作成功\",\"code\":200}',0,NULL,'2025-01-07 09:26:03',18),(131,'菜单管理',2,'com.ruoyi.web.controller.system.SysMenuController.edit()','PUT',1,'admin','研发部门','/system/menu','127.0.0.1','内网IP','{\"children\":[],\"createTime\":\"2025-01-07 09:26:03\",\"icon\":\"list\",\"isCache\":\"0\",\"isFrame\":\"1\",\"menuId\":2008,\"menuName\":\"基础信息管理\",\"menuType\":\"M\",\"orderNum\":3,\"params\":{},\"parentId\":2000,\"path\":\"infor\",\"perms\":\"\",\"routeName\":\"\",\"status\":\"0\",\"updateBy\":\"admin\",\"visible\":\"0\"}','{\"msg\":\"操作成功\",\"code\":200}',0,NULL,'2025-01-07 09:26:22',13),(132,'菜单管理',1,'com.ruoyi.web.controller.system.SysMenuController.add()','POST',1,'admin','研发部门','/system/menu','127.0.0.1','内网IP','{\"children\":[],\"createBy\":\"admin\",\"icon\":\"online\",\"isCache\":\"0\",\"isFrame\":\"1\",\"menuName\":\"大气数据查询(212)\",\"menuType\":\"M\",\"orderNum\":2,\"params\":{},\"parentId\":2000,\"path\":\"query\",\"status\":\"0\",\"visible\":\"0\"}','{\"msg\":\"操作成功\",\"code\":200}',0,NULL,'2025-01-07 09:27:59',13),(133,'菜单管理',1,'com.ruoyi.web.controller.system.SysMenuController.add()','POST',1,'admin','研发部门','/system/menu','127.0.0.1','内网IP','{\"children\":[],\"createBy\":\"admin\",\"icon\":\"druid\",\"isCache\":\"0\",\"isFrame\":\"1\",\"menuName\":\"告警管理\",\"menuType\":\"M\",\"orderNum\":4,\"params\":{},\"parentId\":0,\"path\":\"alarm\",\"status\":\"0\",\"visible\":\"0\"}','{\"msg\":\"操作成功\",\"code\":200}',0,NULL,'2025-01-07 09:29:15',13),(134,'菜单管理',2,'com.ruoyi.web.controller.system.SysMenuController.edit()','PUT',1,'admin','研发部门','/system/menu','127.0.0.1','内网IP','{\"children\":[],\"createTime\":\"2025-01-07 09:29:15\",\"icon\":\"druid\",\"isCache\":\"0\",\"isFrame\":\"1\",\"menuId\":2010,\"menuName\":\"告警管理\",\"menuType\":\"M\",\"orderNum\":4,\"params\":{},\"parentId\":2000,\"path\":\"alarm\",\"perms\":\"\",\"routeName\":\"\",\"status\":\"0\",\"updateBy\":\"admin\",\"visible\":\"0\"}','{\"msg\":\"操作成功\",\"code\":200}',0,NULL,'2025-01-07 09:29:31',17),(135,'菜单管理',1,'com.ruoyi.web.controller.system.SysMenuController.add()','POST',1,'admin','研发部门','/system/menu','127.0.0.1','内网IP','{\"children\":[],\"createBy\":\"admin\",\"isCache\":\"0\",\"isFrame\":\"1\",\"menuName\":\"监测设备管理\",\"menuType\":\"M\",\"orderNum\":3,\"params\":{},\"parentId\":2000,\"path\":\"device\",\"status\":\"0\",\"visible\":\"0\"}','{\"msg\":\"操作成功\",\"code\":200}',0,NULL,'2025-01-07 09:30:17',15),(136,'菜单管理',1,'com.ruoyi.web.controller.system.SysMenuController.add()','POST',1,'admin','研发部门','/system/menu','127.0.0.1','内网IP','{\"children\":[],\"createBy\":\"admin\",\"isCache\":\"0\",\"isFrame\":\"1\",\"menuName\":\"监测站点管理\",\"menuType\":\"M\",\"orderNum\":4,\"params\":{},\"parentId\":2000,\"path\":\"station\",\"status\":\"0\",\"visible\":\"0\"}','{\"msg\":\"操作成功\",\"code\":200}',0,NULL,'2025-01-07 09:30:39',13),(137,'菜单管理',3,'com.ruoyi.web.controller.system.SysMenuController.remove()','DELETE',1,'admin','研发部门','/system/menu/2011','127.0.0.1','内网IP','2011','{\"msg\":\"操作成功\",\"code\":200}',0,NULL,'2025-01-07 09:31:24',23),(138,'菜单管理',3,'com.ruoyi.web.controller.system.SysMenuController.remove()','DELETE',1,'admin','研发部门','/system/menu/2012','127.0.0.1','内网IP','2012','{\"msg\":\"操作成功\",\"code\":200}',0,NULL,'2025-01-07 09:31:26',21),(139,'字典类型',1,'com.ruoyi.web.controller.system.SysDictTypeController.add()','POST',1,'admin','研发部门','/system/dict/type','127.0.0.1','内网IP','{\"createBy\":\"admin\",\"dictName\":\"监测设备状态\",\"dictType\":\"device_status\",\"params\":{},\"remark\":\"监测设备状态\",\"status\":\"0\"}','{\"msg\":\"操作成功\",\"code\":200}',0,NULL,'2025-01-07 09:36:01',24),(140,'字典数据',1,'com.ruoyi.web.controller.system.SysDictDataController.add()','POST',1,'admin','研发部门','/system/dict/data','127.0.0.1','内网IP','{\"createBy\":\"admin\",\"default\":false,\"dictLabel\":\"正常\",\"dictSort\":1,\"dictType\":\"device_status\",\"dictValue\":\"1\",\"listClass\":\"default\",\"params\":{},\"status\":\"0\"}','{\"msg\":\"操作成功\",\"code\":200}',0,NULL,'2025-01-07 09:36:14',18),(141,'字典数据',1,'com.ruoyi.web.controller.system.SysDictDataController.add()','POST',1,'admin','研发部门','/system/dict/data','127.0.0.1','内网IP','{\"createBy\":\"admin\",\"default\":false,\"dictLabel\":\"中断\",\"dictSort\":2,\"dictType\":\"device_status\",\"dictValue\":\"2\",\"listClass\":\"default\",\"params\":{},\"status\":\"0\"}','{\"msg\":\"操作成功\",\"code\":200}',0,NULL,'2025-01-07 09:36:22',13),(142,'字典数据',1,'com.ruoyi.web.controller.system.SysDictDataController.add()','POST',1,'admin','研发部门','/system/dict/data','127.0.0.1','内网IP','{\"createBy\":\"admin\",\"default\":false,\"dictLabel\":\"竣工\",\"dictSort\":3,\"dictType\":\"device_status\",\"dictValue\":\"3\",\"listClass\":\"default\",\"params\":{},\"status\":\"0\"}','{\"msg\":\"操作成功\",\"code\":200}',0,NULL,'2025-01-07 09:36:29',12),(143,'字典类型',1,'com.ruoyi.web.controller.system.SysDictTypeController.add()','POST',1,'admin','研发部门','/system/dict/type','127.0.0.1','内网IP','{\"createBy\":\"admin\",\"dictName\":\"工地状态\",\"dictType\":\"build_status\",\"params\":{},\"status\":\"0\"}','{\"msg\":\"操作成功\",\"code\":200}',0,NULL,'2025-01-07 09:36:47',9),(144,'字典数据',1,'com.ruoyi.web.controller.system.SysDictDataController.add()','POST',1,'admin','研发部门','/system/dict/data','127.0.0.1','内网IP','{\"createBy\":\"admin\",\"default\":false,\"dictLabel\":\"施工\",\"dictSort\":1,\"dictType\":\"build_status\",\"dictValue\":\"1\",\"listClass\":\"default\",\"params\":{},\"status\":\"0\"}','{\"msg\":\"操作成功\",\"code\":200}',0,NULL,'2025-01-07 09:36:56',9),(145,'字典数据',1,'com.ruoyi.web.controller.system.SysDictDataController.add()','POST',1,'admin','研发部门','/system/dict/data','127.0.0.1','内网IP','{\"createBy\":\"admin\",\"default\":false,\"dictLabel\":\"停工\",\"dictSort\":2,\"dictType\":\"build_status\",\"dictValue\":\"2\",\"listClass\":\"default\",\"params\":{},\"status\":\"0\"}','{\"msg\":\"操作成功\",\"code\":200}',0,NULL,'2025-01-07 09:37:06',13),(146,'字典数据',1,'com.ruoyi.web.controller.system.SysDictDataController.add()','POST',1,'admin','研发部门','/system/dict/data','127.0.0.1','内网IP','{\"createBy\":\"admin\",\"default\":false,\"dictLabel\":\"竣工\",\"dictSort\":3,\"dictType\":\"build_status\",\"dictValue\":\"3\",\"listClass\":\"default\",\"params\":{},\"status\":\"0\"}','{\"msg\":\"操作成功\",\"code\":200}',0,NULL,'2025-01-07 09:37:13',12),(147,'字典类型',1,'com.ruoyi.web.controller.system.SysDictTypeController.add()','POST',1,'admin','研发部门','/system/dict/type','127.0.0.1','内网IP','{\"createBy\":\"admin\",\"dictName\":\"监测设备类型\",\"dictType\":\"device_type\",\"params\":{},\"status\":\"0\"}','{\"msg\":\"操作成功\",\"code\":200}',0,NULL,'2025-01-07 09:37:33',12),(148,'字典数据',1,'com.ruoyi.web.controller.system.SysDictDataController.add()','POST',1,'admin','研发部门','/system/dict/data','127.0.0.1','内网IP','{\"createBy\":\"admin\",\"default\":false,\"dictLabel\":\"空气检测设备\",\"dictSort\":1,\"dictType\":\"device_type\",\"dictValue\":\"1\",\"listClass\":\"default\",\"params\":{},\"status\":\"0\"}','{\"msg\":\"操作成功\",\"code\":200}',0,NULL,'2025-01-07 09:37:42',12),(149,'字典数据',1,'com.ruoyi.web.controller.system.SysDictDataController.add()','POST',1,'admin','研发部门','/system/dict/data','127.0.0.1','内网IP','{\"createBy\":\"admin\",\"default\":false,\"dictLabel\":\"水质检测设备\",\"dictSort\":2,\"dictType\":\"device_type\",\"dictValue\":\"2\",\"listClass\":\"default\",\"params\":{},\"status\":\"0\"}','{\"msg\":\"操作成功\",\"code\":200}',0,NULL,'2025-01-07 09:37:53',9),(150,'字典类型',1,'com.ruoyi.web.controller.system.SysDictTypeController.add()','POST',1,'admin','研发部门','/system/dict/type','127.0.0.1','内网IP','{\"createBy\":\"admin\",\"dictName\":\"是否是标准站\",\"dictType\":\"is_standard\",\"params\":{},\"status\":\"0\"}','{\"msg\":\"操作成功\",\"code\":200}',0,NULL,'2025-01-07 09:38:09',9),(151,'字典数据',1,'com.ruoyi.web.controller.system.SysDictDataController.add()','POST',1,'admin','研发部门','/system/dict/data','127.0.0.1','内网IP','{\"createBy\":\"admin\",\"default\":false,\"dictLabel\":\"是\",\"dictSort\":1,\"dictType\":\"is_standard\",\"dictValue\":\"1\",\"listClass\":\"default\",\"params\":{},\"status\":\"0\"}','{\"msg\":\"操作成功\",\"code\":200}',0,NULL,'2025-01-07 09:38:22',10),(152,'字典数据',1,'com.ruoyi.web.controller.system.SysDictDataController.add()','POST',1,'admin','研发部门','/system/dict/data','127.0.0.1','内网IP','{\"createBy\":\"admin\",\"default\":false,\"dictLabel\":\"否\",\"dictSort\":2,\"dictType\":\"is_standard\",\"dictValue\":\"2\",\"listClass\":\"default\",\"params\":{},\"status\":\"0\"}','{\"msg\":\"操作成功\",\"code\":200}',0,NULL,'2025-01-07 09:38:28',12),(153,'字典类型',1,'com.ruoyi.web.controller.system.SysDictTypeController.add()','POST',1,'admin','研发部门','/system/dict/type','127.0.0.1','内网IP','{\"createBy\":\"admin\",\"dictName\":\"断面所在河流级别\",\"dictType\":\"river_level\",\"params\":{},\"status\":\"0\"}','{\"msg\":\"操作成功\",\"code\":200}',0,NULL,'2025-01-07 09:39:05',8),(154,'字典数据',1,'com.ruoyi.web.controller.system.SysDictDataController.add()','POST',1,'admin','研发部门','/system/dict/data','127.0.0.1','内网IP','{\"createBy\":\"admin\",\"default\":false,\"dictLabel\":\"干流\",\"dictSort\":1,\"dictType\":\"river_level\",\"dictValue\":\"1\",\"listClass\":\"default\",\"params\":{},\"status\":\"0\"}','{\"msg\":\"操作成功\",\"code\":200}',0,NULL,'2025-01-07 09:39:15',11),(155,'字典数据',1,'com.ruoyi.web.controller.system.SysDictDataController.add()','POST',1,'admin','研发部门','/system/dict/data','127.0.0.1','内网IP','{\"createBy\":\"admin\",\"default\":false,\"dictLabel\":\"平原区\",\"dictSort\":2,\"dictType\":\"river_level\",\"dictValue\":\"2\",\"listClass\":\"default\",\"params\":{},\"status\":\"0\"}','{\"msg\":\"操作成功\",\"code\":200}',0,NULL,'2025-01-07 09:39:23',11),(156,'字典数据',1,'com.ruoyi.web.controller.system.SysDictDataController.add()','POST',1,'admin','研发部门','/system/dict/data','127.0.0.1','内网IP','{\"createBy\":\"admin\",\"default\":false,\"dictLabel\":\"一级支流\",\"dictSort\":3,\"dictType\":\"river_level\",\"dictValue\":\"3\",\"listClass\":\"default\",\"params\":{},\"status\":\"0\"}','{\"msg\":\"操作成功\",\"code\":200}',0,NULL,'2025-01-07 09:39:32',8),(157,'字典类型',1,'com.ruoyi.web.controller.system.SysDictTypeController.add()','POST',1,'admin','研发部门','/system/dict/type','127.0.0.1','内网IP','{\"createBy\":\"admin\",\"dictName\":\"站点监测方式\",\"dictType\":\"monitoring_way\",\"params\":{},\"status\":\"0\"}','{\"msg\":\"操作成功\",\"code\":200}',0,NULL,'2025-01-07 09:39:51',8),(158,'字典数据',1,'com.ruoyi.web.controller.system.SysDictDataController.add()','POST',1,'admin','研发部门','/system/dict/data','127.0.0.1','内网IP','{\"createBy\":\"admin\",\"default\":false,\"dictLabel\":\"自动站\",\"dictSort\":1,\"dictType\":\"monitoring_way\",\"dictValue\":\"1\",\"listClass\":\"default\",\"params\":{},\"status\":\"0\"}','{\"msg\":\"操作成功\",\"code\":200}',0,NULL,'2025-01-07 09:40:02',13),(159,'字典数据',1,'com.ruoyi.web.controller.system.SysDictDataController.add()','POST',1,'admin','研发部门','/system/dict/data','127.0.0.1','内网IP','{\"createBy\":\"admin\",\"default\":false,\"dictLabel\":\"手动站\",\"dictSort\":2,\"dictType\":\"monitoring_way\",\"dictValue\":\"2\",\"listClass\":\"default\",\"params\":{},\"status\":\"0\"}','{\"msg\":\"操作成功\",\"code\":200}',0,NULL,'2025-01-07 09:40:08',10),(160,'字典类型',1,'com.ruoyi.web.controller.system.SysDictTypeController.add()','POST',1,'admin','研发部门','/system/dict/type','127.0.0.1','内网IP','{\"createBy\":\"admin\",\"dictName\":\"断面控制级别\",\"dictType\":\"section_control_level\",\"params\":{},\"status\":\"0\"}','{\"msg\":\"操作成功\",\"code\":200}',0,NULL,'2025-01-07 09:40:30',7),(161,'字典数据',1,'com.ruoyi.web.controller.system.SysDictDataController.add()','POST',1,'admin','研发部门','/system/dict/data','127.0.0.1','内网IP','{\"createBy\":\"admin\",\"default\":false,\"dictLabel\":\"国控\",\"dictSort\":1,\"dictType\":\"section_control_level\",\"dictValue\":\"1\",\"listClass\":\"default\",\"params\":{},\"status\":\"0\"}','{\"msg\":\"操作成功\",\"code\":200}',0,NULL,'2025-01-07 09:40:39',12),(162,'字典数据',1,'com.ruoyi.web.controller.system.SysDictDataController.add()','POST',1,'admin','研发部门','/system/dict/data','127.0.0.1','内网IP','{\"createBy\":\"admin\",\"default\":false,\"dictLabel\":\"省控\",\"dictSort\":2,\"dictType\":\"section_control_level\",\"dictValue\":\"2\",\"listClass\":\"default\",\"params\":{},\"status\":\"0\"}','{\"msg\":\"操作成功\",\"code\":200}',0,NULL,'2025-01-07 09:40:45',8),(163,'字典数据',1,'com.ruoyi.web.controller.system.SysDictDataController.add()','POST',1,'admin','研发部门','/system/dict/data','127.0.0.1','内网IP','{\"createBy\":\"admin\",\"default\":false,\"dictLabel\":\"市控\",\"dictSort\":3,\"dictType\":\"section_control_level\",\"dictValue\":\"3\",\"listClass\":\"default\",\"params\":{},\"status\":\"0\"}','{\"msg\":\"操作成功\",\"code\":200}',0,NULL,'2025-01-07 09:40:54',7),(164,'字典数据',1,'com.ruoyi.web.controller.system.SysDictDataController.add()','POST',1,'admin','研发部门','/system/dict/data','127.0.0.1','内网IP','{\"createBy\":\"admin\",\"default\":false,\"dictLabel\":\"县控\",\"dictSort\":4,\"dictType\":\"section_control_level\",\"dictValue\":\"4\",\"listClass\":\"default\",\"params\":{},\"status\":\"0\"}','{\"msg\":\"操作成功\",\"code\":200}',0,NULL,'2025-01-07 09:41:05',9),(165,'字典类型',1,'com.ruoyi.web.controller.system.SysDictTypeController.add()','POST',1,'admin','研发部门','/system/dict/type','127.0.0.1','内网IP','{\"createBy\":\"admin\",\"dictName\":\"监测站点类型\",\"dictType\":\"station_type\",\"params\":{},\"status\":\"0\"}','{\"msg\":\"操作成功\",\"code\":200}',0,NULL,'2025-01-07 09:41:43',18),(166,'字典数据',1,'com.ruoyi.web.controller.system.SysDictDataController.add()','POST',1,'admin','研发部门','/system/dict/data','127.0.0.1','内网IP','{\"createBy\":\"admin\",\"default\":false,\"dictLabel\":\"空气监测\",\"dictSort\":1,\"dictType\":\"station_type\",\"dictValue\":\"1\",\"listClass\":\"default\",\"params\":{},\"status\":\"0\"}','{\"msg\":\"操作成功\",\"code\":200}',0,NULL,'2025-01-07 09:41:56',10),(167,'字典数据',1,'com.ruoyi.web.controller.system.SysDictDataController.add()','POST',1,'admin','研发部门','/system/dict/data','127.0.0.1','内网IP','{\"createBy\":\"admin\",\"default\":false,\"dictLabel\":\"水质监测\",\"dictSort\":2,\"dictType\":\"station_type\",\"dictValue\":\"2\",\"listClass\":\"default\",\"params\":{},\"status\":\"0\"}','{\"msg\":\"操作成功\",\"code\":200}',0,NULL,'2025-01-07 09:42:04',11),(168,'字典数据',1,'com.ruoyi.web.controller.system.SysDictDataController.add()','POST',1,'admin','研发部门','/system/dict/data','127.0.0.1','内网IP','{\"createBy\":\"admin\",\"default\":false,\"dictLabel\":\"土壤监测\",\"dictSort\":3,\"dictType\":\"station_type\",\"dictValue\":\"3\",\"listClass\":\"default\",\"params\":{},\"status\":\"0\"}','{\"msg\":\"操作成功\",\"code\":200}',0,NULL,'2025-01-07 09:42:11',10),(169,'字典类型',1,'com.ruoyi.web.controller.system.SysDictTypeController.add()','POST',1,'admin','研发部门','/system/dict/type','127.0.0.1','内网IP','{\"createBy\":\"admin\",\"dictName\":\"监测站点状态\",\"dictType\":\"station_status\",\"params\":{},\"status\":\"0\"}','{\"msg\":\"操作成功\",\"code\":200}',0,NULL,'2025-01-07 09:42:33',9),(170,'字典数据',1,'com.ruoyi.web.controller.system.SysDictDataController.add()','POST',1,'admin','研发部门','/system/dict/data','127.0.0.1','内网IP','{\"createBy\":\"admin\",\"default\":false,\"dictLabel\":\"正常\",\"dictSort\":1,\"dictType\":\"station_status\",\"dictValue\":\"1\",\"listClass\":\"default\",\"params\":{},\"status\":\"0\"}','{\"msg\":\"操作成功\",\"code\":200}',0,NULL,'2025-01-07 09:42:42',10),(171,'字典数据',1,'com.ruoyi.web.controller.system.SysDictDataController.add()','POST',1,'admin','研发部门','/system/dict/data','127.0.0.1','内网IP','{\"createBy\":\"admin\",\"default\":false,\"dictLabel\":\"停用\",\"dictSort\":2,\"dictType\":\"station_status\",\"dictValue\":\"2\",\"listClass\":\"default\",\"params\":{},\"status\":\"0\"}','{\"msg\":\"操作成功\",\"code\":200}',0,NULL,'2025-01-07 09:42:50',8),(172,'字典数据',1,'com.ruoyi.web.controller.system.SysDictDataController.add()','POST',1,'admin','研发部门','/system/dict/data','127.0.0.1','内网IP','{\"createBy\":\"admin\",\"default\":false,\"dictLabel\":\"删除\",\"dictSort\":3,\"dictType\":\"station_status\",\"dictValue\":\"3\",\"listClass\":\"default\",\"params\":{},\"status\":\"0\"}','{\"msg\":\"操作成功\",\"code\":200}',0,NULL,'2025-01-07 09:42:54',12),(173,'字典类型',1,'com.ruoyi.web.controller.system.SysDictTypeController.add()','POST',1,'admin','研发部门','/system/dict/type','127.0.0.1','内网IP','{\"createBy\":\"admin\",\"dictName\":\"站点数据来源\",\"dictType\":\"from_resource\",\"params\":{},\"status\":\"0\"}','{\"msg\":\"操作成功\",\"code\":200}',0,NULL,'2025-01-07 09:43:21',12),(174,'字典数据',1,'com.ruoyi.web.controller.system.SysDictDataController.add()','POST',1,'admin','研发部门','/system/dict/data','127.0.0.1','内网IP','{\"createBy\":\"admin\",\"default\":false,\"dictLabel\":\"本平台\",\"dictSort\":1,\"dictType\":\"from_resource\",\"dictValue\":\"0\",\"listClass\":\"default\",\"params\":{},\"status\":\"0\"}','{\"msg\":\"操作成功\",\"code\":200}',0,NULL,'2025-01-07 09:43:36',11),(175,'字典数据',1,'com.ruoyi.web.controller.system.SysDictDataController.add()','POST',1,'admin','研发部门','/system/dict/data','127.0.0.1','内网IP','{\"createBy\":\"admin\",\"default\":false,\"dictLabel\":\"第三方\",\"dictSort\":2,\"dictType\":\"from_resource\",\"dictValue\":\"1\",\"listClass\":\"default\",\"params\":{},\"status\":\"0\"}','{\"msg\":\"操作成功\",\"code\":200}',0,NULL,'2025-01-07 09:43:50',10),(176,'字典类型',1,'com.ruoyi.web.controller.system.SysDictTypeController.add()','POST',1,'admin','研发部门','/system/dict/type','127.0.0.1','内网IP','{\"createBy\":\"admin\",\"dictName\":\"报警类型\",\"dictType\":\"alarm_type\",\"params\":{},\"status\":\"0\"}','{\"msg\":\"操作成功\",\"code\":200}',0,NULL,'2025-01-07 09:44:58',10),(177,'字典数据',1,'com.ruoyi.web.controller.system.SysDictDataController.add()','POST',1,'admin','研发部门','/system/dict/data','127.0.0.1','内网IP','{\"createBy\":\"admin\",\"default\":false,\"dictLabel\":\"普通\",\"dictSort\":1,\"dictType\":\"alarm_type\",\"dictValue\":\"1\",\"listClass\":\"default\",\"params\":{},\"status\":\"0\"}','{\"msg\":\"操作成功\",\"code\":200}',0,NULL,'2025-01-07 09:45:10',10),(178,'字典数据',1,'com.ruoyi.web.controller.system.SysDictDataController.add()','POST',1,'admin','研发部门','/system/dict/data','127.0.0.1','内网IP','{\"createBy\":\"admin\",\"default\":false,\"dictLabel\":\"扬尘\",\"dictSort\":2,\"dictType\":\"alarm_type\",\"dictValue\":\"2\",\"listClass\":\"default\",\"params\":{},\"status\":\"0\"}','{\"msg\":\"操作成功\",\"code\":200}',0,NULL,'2025-01-07 09:45:16',10),(179,'字典类型',1,'com.ruoyi.web.controller.system.SysDictTypeController.add()','POST',1,'admin','研发部门','/system/dict/type','127.0.0.1','内网IP','{\"createBy\":\"admin\",\"dictName\":\"报警参数类型\",\"dictType\":\"alarm_param_type\",\"params\":{},\"status\":\"0\"}','{\"msg\":\"操作成功\",\"code\":200}',0,NULL,'2025-01-07 09:45:30',11),(180,'字典数据',1,'com.ruoyi.web.controller.system.SysDictDataController.add()','POST',1,'admin','研发部门','/system/dict/data','127.0.0.1','内网IP','{\"createBy\":\"admin\",\"default\":false,\"dictLabel\":\"PM2.5\",\"dictSort\":1,\"dictType\":\"alarm_param_type\",\"dictValue\":\"1\",\"listClass\":\"default\",\"params\":{},\"status\":\"0\"}','{\"msg\":\"操作成功\",\"code\":200}',0,NULL,'2025-01-07 09:45:40',10),(181,'字典数据',1,'com.ruoyi.web.controller.system.SysDictDataController.add()','POST',1,'admin','研发部门','/system/dict/data','127.0.0.1','内网IP','{\"createBy\":\"admin\",\"default\":false,\"dictLabel\":\"PM10\",\"dictSort\":2,\"dictType\":\"alarm_param_type\",\"dictValue\":\"2\",\"listClass\":\"default\",\"params\":{},\"status\":\"0\"}','{\"msg\":\"操作成功\",\"code\":200}',0,NULL,'2025-01-07 09:45:51',10),(182,'字典数据',1,'com.ruoyi.web.controller.system.SysDictDataController.add()','POST',1,'admin','研发部门','/system/dict/data','127.0.0.1','内网IP','{\"createBy\":\"admin\",\"default\":false,\"dictLabel\":\"So2\",\"dictSort\":3,\"dictType\":\"alarm_param_type\",\"dictValue\":\"3\",\"listClass\":\"default\",\"params\":{},\"status\":\"0\"}','{\"msg\":\"操作成功\",\"code\":200}',0,NULL,'2025-01-07 09:46:02',10),(183,'字典数据',1,'com.ruoyi.web.controller.system.SysDictDataController.add()','POST',1,'admin','研发部门','/system/dict/data','127.0.0.1','内网IP','{\"createBy\":\"admin\",\"default\":false,\"dictLabel\":\"No2\",\"dictSort\":4,\"dictType\":\"alarm_param_type\",\"dictValue\":\"4\",\"listClass\":\"default\",\"params\":{},\"status\":\"0\"}','{\"msg\":\"操作成功\",\"code\":200}',0,NULL,'2025-01-07 09:46:10',10),(184,'字典数据',1,'com.ruoyi.web.controller.system.SysDictDataController.add()','POST',1,'admin','研发部门','/system/dict/data','127.0.0.1','内网IP','{\"createBy\":\"admin\",\"default\":false,\"dictLabel\":\"Co\",\"dictSort\":5,\"dictType\":\"alarm_param_type\",\"dictValue\":\"5\",\"listClass\":\"default\",\"params\":{},\"status\":\"0\"}','{\"msg\":\"操作成功\",\"code\":200}',0,NULL,'2025-01-07 09:46:17',10),(185,'字典数据',1,'com.ruoyi.web.controller.system.SysDictDataController.add()','POST',1,'admin','研发部门','/system/dict/data','127.0.0.1','内网IP','{\"createBy\":\"admin\",\"default\":false,\"dictLabel\":\"O3\",\"dictSort\":6,\"dictType\":\"alarm_param_type\",\"dictValue\":\"6\",\"listClass\":\"default\",\"params\":{},\"status\":\"0\"}','{\"msg\":\"操作成功\",\"code\":200}',0,NULL,'2025-01-07 09:46:29',10),(186,'字典数据',1,'com.ruoyi.web.controller.system.SysDictDataController.add()','POST',1,'admin','研发部门','/system/dict/data','127.0.0.1','内网IP','{\"createBy\":\"admin\",\"default\":false,\"dictLabel\":\"暂无\",\"dictSort\":7,\"dictType\":\"alarm_param_type\",\"dictValue\":\"7\",\"listClass\":\"default\",\"params\":{},\"status\":\"0\"}','{\"msg\":\"操作成功\",\"code\":200}',0,NULL,'2025-01-07 09:48:05',12),(187,'字典类型',1,'com.ruoyi.web.controller.system.SysDictTypeController.add()','POST',1,'admin','研发部门','/system/dict/type','127.0.0.1','内网IP','{\"createBy\":\"admin\",\"dictName\":\"报警信息状态\",\"dictType\":\"alarm_status\",\"params\":{},\"status\":\"0\"}','{\"msg\":\"操作成功\",\"code\":200}',0,NULL,'2025-01-07 09:48:30',11),(188,'字典数据',1,'com.ruoyi.web.controller.system.SysDictDataController.add()','POST',1,'admin','研发部门','/system/dict/data','127.0.0.1','内网IP','{\"createBy\":\"admin\",\"default\":false,\"dictLabel\":\"设备高值\",\"dictSort\":1,\"dictType\":\"alarm_status\",\"dictValue\":\"1\",\"listClass\":\"default\",\"params\":{},\"status\":\"0\"}','{\"msg\":\"操作成功\",\"code\":200}',0,NULL,'2025-01-07 09:48:43',10),(189,'字典数据',1,'com.ruoyi.web.controller.system.SysDictDataController.add()','POST',1,'admin','研发部门','/system/dict/data','127.0.0.1','内网IP','{\"createBy\":\"admin\",\"default\":false,\"dictLabel\":\"设备低值\",\"dictSort\":2,\"dictType\":\"alarm_status\",\"dictValue\":\"2\",\"listClass\":\"default\",\"params\":{},\"status\":\"0\"}','{\"msg\":\"操作成功\",\"code\":200}',0,NULL,'2025-01-07 09:48:51',10),(190,'字典数据',1,'com.ruoyi.web.controller.system.SysDictDataController.add()','POST',1,'admin','研发部门','/system/dict/data','127.0.0.1','内网IP','{\"createBy\":\"admin\",\"default\":false,\"dictLabel\":\"设备中断\",\"dictSort\":3,\"dictType\":\"alarm_status\",\"dictValue\":\"3\",\"listClass\":\"default\",\"params\":{},\"status\":\"0\"}','{\"msg\":\"操作成功\",\"code\":200}',0,NULL,'2025-01-07 09:49:02',9),(191,'字典类型',1,'com.ruoyi.web.controller.system.SysDictTypeController.add()','POST',1,'admin','研发部门','/system/dict/type','127.0.0.1','内网IP','{\"createBy\":\"admin\",\"dictName\":\"报警提醒状态\",\"dictType\":\"alarm_remind_status\",\"params\":{},\"status\":\"0\"}','{\"msg\":\"操作成功\",\"code\":200}',0,NULL,'2025-01-07 09:49:46',9),(192,'字典数据',1,'com.ruoyi.web.controller.system.SysDictDataController.add()','POST',1,'admin','研发部门','/system/dict/data','127.0.0.1','内网IP','{\"createBy\":\"admin\",\"default\":false,\"dictLabel\":\"删除\",\"dictSort\":1,\"dictType\":\"alarm_remind_status\",\"dictValue\":\"0\",\"listClass\":\"default\",\"params\":{},\"status\":\"0\"}','{\"msg\":\"操作成功\",\"code\":200}',0,NULL,'2025-01-07 09:50:01',8),(193,'字典数据',1,'com.ruoyi.web.controller.system.SysDictDataController.add()','POST',1,'admin','研发部门','/system/dict/data','127.0.0.1','内网IP','{\"createBy\":\"admin\",\"default\":false,\"dictLabel\":\"正常\",\"dictSort\":2,\"dictType\":\"alarm_remind_status\",\"dictValue\":\"1\",\"listClass\":\"default\",\"params\":{},\"status\":\"0\"}','{\"msg\":\"操作成功\",\"code\":200}',0,NULL,'2025-01-07 09:50:06',9),(194,'字典数据',2,'com.ruoyi.web.controller.system.SysDictDataController.edit()','PUT',1,'admin','研发部门','/system/dict/data','127.0.0.1','内网IP','{\"createBy\":\"admin\",\"createTime\":\"2025-01-07 09:48:05\",\"default\":false,\"dictCode\":135,\"dictLabel\":\"设备中断\",\"dictSort\":7,\"dictType\":\"alarm_param_type\",\"dictValue\":\"7\",\"isDefault\":\"N\",\"listClass\":\"default\",\"params\":{},\"status\":\"0\",\"updateBy\":\"admin\"}','{\"msg\":\"操作成功\",\"code\":200}',0,NULL,'2025-01-07 09:52:43',11),(195,'字典类型',1,'com.ruoyi.web.controller.system.SysDictTypeController.add()','POST',1,'admin','研发部门','/system/dict/type','127.0.0.1','内网IP','{\"createBy\":\"admin\",\"dictName\":\"告警短信发送状态\",\"dictType\":\"info_status\",\"params\":{},\"status\":\"0\"}','{\"msg\":\"操作成功\",\"code\":200}',0,NULL,'2025-01-07 09:58:25',15),(196,'字典数据',1,'com.ruoyi.web.controller.system.SysDictDataController.add()','POST',1,'admin','研发部门','/system/dict/data','127.0.0.1','内网IP','{\"createBy\":\"admin\",\"default\":false,\"dictLabel\":\"发送成功\",\"dictSort\":1,\"dictType\":\"info_status\",\"dictValue\":\"0\",\"listClass\":\"default\",\"params\":{},\"status\":\"0\"}','{\"msg\":\"操作成功\",\"code\":200}',0,NULL,'2025-01-07 09:58:46',8),(197,'字典数据',1,'com.ruoyi.web.controller.system.SysDictDataController.add()','POST',1,'admin','研发部门','/system/dict/data','127.0.0.1','内网IP','{\"createBy\":\"admin\",\"default\":false,\"dictLabel\":\"发送失败\",\"dictSort\":2,\"dictType\":\"info_status\",\"dictValue\":\"1\",\"listClass\":\"default\",\"params\":{},\"status\":\"0\"}','{\"msg\":\"操作成功\",\"code\":200}',0,NULL,'2025-01-07 09:58:53',10),(198,'代码生成',6,'com.ruoyi.generator.controller.GenController.importTableSave()','POST',1,'admin','研发部门','/tool/gen/importTable','127.0.0.1','内网IP','{\"tables\":\"monitor_hours,station_hours,alarm_info,project,interface_log,enterprise_list,data_calibration,data_query,alarm_remind,alarm_data,station,device\"}','{\"msg\":\"操作成功\",\"code\":200}',0,NULL,'2025-01-07 10:09:34',965),(199,'代码生成',3,'com.ruoyi.generator.controller.GenController.remove()','DELETE',1,'admin','研发部门','/tool/gen/1','127.0.0.1','内网IP','[1]','{\"msg\":\"操作成功\",\"code\":200}',0,NULL,'2025-01-07 10:09:45',18),(200,'代码生成',3,'com.ruoyi.generator.controller.GenController.remove()','DELETE',1,'admin','研发部门','/tool/gen/11','127.0.0.1','内网IP','[11]','{\"msg\":\"操作成功\",\"code\":200}',0,NULL,'2025-01-07 10:10:13',10),(201,'代码生成',6,'com.ruoyi.generator.controller.GenController.importTableSave()','POST',1,'admin','研发部门','/tool/gen/importTable','127.0.0.1','内网IP','{\"tables\":\"monitor_hours\"}','{\"msg\":\"操作成功\",\"code\":200}',0,NULL,'2025-01-07 10:10:16',85),(202,'代码生成',3,'com.ruoyi.generator.controller.GenController.remove()','DELETE',1,'admin','研发部门','/tool/gen/3','127.0.0.1','内网IP','[3]','{\"msg\":\"操作成功\",\"code\":200}',0,NULL,'2025-01-07 10:15:41',15),(203,'代码生成',6,'com.ruoyi.generator.controller.GenController.importTableSave()','POST',1,'admin','研发部门','/tool/gen/importTable','127.0.0.1','内网IP','{\"tables\":\"alarm_data\"}','{\"msg\":\"操作成功\",\"code\":200}',0,NULL,'2025-01-07 10:15:45',47),(204,'代码生成',2,'com.ruoyi.generator.controller.GenController.editSave()','PUT',1,'admin','研发部门','/tool/gen','127.0.0.1','内网IP','{\"businessName\":\"data\",\"className\":\"AlarmData\",\"columns\":[{\"capJavaField\":\"Id\",\"columnComment\":\"主键\",\"columnId\":368,\"columnName\":\"id\",\"columnType\":\"bigint\",\"createBy\":\"admin\",\"createTime\":\"2025-01-07 10:15:45\",\"dictType\":\"\",\"edit\":false,\"htmlType\":\"input\",\"increment\":true,\"insert\":false,\"isIncrement\":\"1\",\"isInsert\":\"0\",\"isPk\":\"1\",\"isRequired\":\"0\",\"javaField\":\"id\",\"javaType\":\"Long\",\"list\":false,\"params\":{},\"pk\":true,\"query\":false,\"queryType\":\"EQ\",\"required\":false,\"sort\":1,\"superColumn\":false,\"tableId\":16,\"updateBy\":\"\",\"usableColumn\":false},{\"capJavaField\":\"AlarmType\",\"columnComment\":\"报警类型\",\"columnId\":369,\"columnName\":\"alarm_type\",\"columnType\":\"int\",\"createBy\":\"admin\",\"createTime\":\"2025-01-07 10:15:45\",\"dictType\":\"alarm_type\",\"edit\":true,\"htmlType\":\"select\",\"increment\":false,\"insert\":true,\"isEdit\":\"1\",\"isIncrement\":\"0\",\"isInsert\":\"1\",\"isList\":\"1\",\"isPk\":\"0\",\"isQuery\":\"1\",\"isRequired\":\"1\",\"javaField\":\"alarmType\",\"javaType\":\"Long\",\"list\":true,\"params\":{},\"pk\":false,\"query\":true,\"queryType\":\"EQ\",\"required\":true,\"sort\":2,\"superColumn\":false,\"tableId\":16,\"updateBy\":\"\",\"usableColumn\":false},{\"capJavaField\":\"AlarmParamType\",\"columnComment\":\"报警参数类型\",\"columnId\":370,\"columnName\":\"alarm_param_type\",\"columnType\":\"int\",\"createBy\":\"admin\",\"createTime\":\"2025-01-07 10:15:45\",\"dictType\":\"alarm_param_type\",\"edit\":true,\"htmlType\":\"select\",\"increment\":false,\"insert\":true,\"isEdit\":\"1\",\"isIncrement\":\"0\",\"isInsert\":\"1\",\"isList\":\"1\",\"isPk\":\"0\",\"isQuery\":\"1\",\"isRequired\":\"1\",\"javaField\":\"alarmParamType\",\"javaType\":\"Long\",\"list\":true,\"params\":{},\"pk\":false,\"query\":true,\"queryType\":\"EQ\",\"required\":true,\"sort\":3,\"superColumn\":false,\"tableId\":16,\"updateBy\":\"\",\"usableColumn\":false},{\"capJavaField\":\"AlarmValue\",\"columnComment\":\"报警值\",\"columnId\":371,\"columnName\":\"alarm_value\",\"columnType\":\"double\",\"createBy\":\"admin\",\"createTime\":\"2025-01-07 10:15:45\",\"dictType\":\"\",\"edit\":true,\"htmlType\":\"input\",\"increment\":false,\"insert\":true,\"isEdit\":\"1\",\"isIncrement\":\"0\",\"isInsert\":\"1\",\"isList\":\"1\",\"isPk\":\"0\",\"isQue','{\"msg\":\"操作成功\",\"code\":200}',0,NULL,'2025-01-07 10:21:12',65),(205,'字典类型',1,'com.ruoyi.web.controller.system.SysDictTypeController.add()','POST',1,'admin','研发部门','/system/dict/type','127.0.0.1','内网IP','{\"createBy\":\"admin\",\"dictName\":\"通知方式\",\"dictType\":\"tell_type\",\"params\":{},\"status\":\"0\"}','{\"msg\":\"操作成功\",\"code\":200}',0,NULL,'2025-01-07 10:24:53',14),(206,'字典数据',1,'com.ruoyi.web.controller.system.SysDictDataController.add()','POST',1,'admin','研发部门','/system/dict/data','127.0.0.1','内网IP','{\"createBy\":\"admin\",\"default\":false,\"dictLabel\":\"不通知\",\"dictSort\":1,\"dictType\":\"tell_type\",\"dictValue\":\"1\",\"listClass\":\"default\",\"params\":{},\"status\":\"0\"}','{\"msg\":\"操作成功\",\"code\":200}',0,NULL,'2025-01-07 10:25:13',12),(207,'字典数据',1,'com.ruoyi.web.controller.system.SysDictDataController.add()','POST',1,'admin','研发部门','/system/dict/data','127.0.0.1','内网IP','{\"createBy\":\"admin\",\"default\":false,\"dictLabel\":\"全部\",\"dictSort\":2,\"dictType\":\"tell_type\",\"dictValue\":\"2\",\"listClass\":\"default\",\"params\":{},\"status\":\"0\"}','{\"msg\":\"操作成功\",\"code\":200}',0,NULL,'2025-01-07 10:25:19',8),(208,'字典数据',1,'com.ruoyi.web.controller.system.SysDictDataController.add()','POST',1,'admin','研发部门','/system/dict/data','127.0.0.1','内网IP','{\"createBy\":\"admin\",\"default\":false,\"dictLabel\":\"短信\",\"dictSort\":3,\"dictType\":\"tell_type\",\"dictValue\":\"3\",\"listClass\":\"default\",\"params\":{},\"status\":\"0\"}','{\"msg\":\"操作成功\",\"code\":200}',0,NULL,'2025-01-07 10:25:26',10),(209,'字典数据',1,'com.ruoyi.web.controller.system.SysDictDataController.add()','POST',1,'admin','研发部门','/system/dict/data','127.0.0.1','内网IP','{\"createBy\":\"admin\",\"default\":false,\"dictLabel\":\"app推送\",\"dictSort\":4,\"dictType\":\"tell_type\",\"dictValue\":\"4\",\"listClass\":\"default\",\"params\":{},\"status\":\"0\"}','{\"msg\":\"操作成功\",\"code\":200}',0,NULL,'2025-01-07 10:25:35',11),(210,'字典类型',1,'com.ruoyi.web.controller.system.SysDictTypeController.add()','POST',1,'admin','研发部门','/system/dict/type','127.0.0.1','内网IP','{\"createBy\":\"admin\",\"dictName\":\"通知方\",\"dictType\":\"tell_user\",\"params\":{},\"status\":\"0\"}','{\"msg\":\"操作成功\",\"code\":200}',0,NULL,'2025-01-07 10:25:55',8),(211,'字典数据',1,'com.ruoyi.web.controller.system.SysDictDataController.add()','POST',1,'admin','研发部门','/system/dict/data','127.0.0.1','内网IP','{\"createBy\":\"admin\",\"default\":false,\"dictLabel\":\"系统管理员\",\"dictSort\":1,\"dictType\":\"tell_user\",\"dictValue\":\"1\",\"listClass\":\"default\",\"params\":{},\"status\":\"0\"}','{\"msg\":\"操作成功\",\"code\":200}',0,NULL,'2025-01-07 10:26:05',10),(212,'字典数据',1,'com.ruoyi.web.controller.system.SysDictDataController.add()','POST',1,'admin','研发部门','/system/dict/data','127.0.0.1','内网IP','{\"createBy\":\"admin\",\"default\":false,\"dictLabel\":\"平台维护员\",\"dictSort\":2,\"dictType\":\"tell_user\",\"dictValue\":\"2\",\"listClass\":\"default\",\"params\":{},\"status\":\"0\"}','{\"msg\":\"操作成功\",\"code\":200}',0,NULL,'2025-01-07 10:26:16',9),(213,'字典数据',1,'com.ruoyi.web.controller.system.SysDictDataController.add()','POST',1,'admin','研发部门','/system/dict/data','127.0.0.1','内网IP','{\"createBy\":\"admin\",\"default\":false,\"dictLabel\":\"站点联系人\",\"dictSort\":3,\"dictType\":\"tell_user\",\"dictValue\":\"3\",\"listClass\":\"default\",\"params\":{},\"status\":\"0\"}','{\"msg\":\"操作成功\",\"code\":200}',0,NULL,'2025-01-07 10:26:29',12),(214,'代码生成',2,'com.ruoyi.generator.controller.GenController.editSave()','PUT',1,'admin','研发部门','/tool/gen','127.0.0.1','内网IP','{\"businessName\":\"info\",\"className\":\"AlarmInfo\",\"columns\":[{\"capJavaField\":\"Id\",\"columnComment\":\"主键\",\"columnId\":59,\"columnName\":\"id\",\"columnType\":\"bigint\",\"createBy\":\"admin\",\"createTime\":\"2025-01-07 10:09:34\",\"dictType\":\"\",\"edit\":false,\"htmlType\":\"input\",\"increment\":true,\"insert\":false,\"isIncrement\":\"1\",\"isInsert\":\"0\",\"isPk\":\"1\",\"isRequired\":\"0\",\"javaField\":\"id\",\"javaType\":\"Long\",\"list\":false,\"params\":{},\"pk\":true,\"query\":false,\"queryType\":\"EQ\",\"required\":false,\"sort\":1,\"superColumn\":false,\"tableId\":4,\"updateBy\":\"\",\"usableColumn\":false},{\"capJavaField\":\"UserId\",\"columnComment\":\"县级id\",\"columnId\":60,\"columnName\":\"user_id\",\"columnType\":\"bigint\",\"createBy\":\"admin\",\"createTime\":\"2025-01-07 10:09:34\",\"dictType\":\"\",\"edit\":false,\"htmlType\":\"input\",\"increment\":false,\"insert\":false,\"isEdit\":\"0\",\"isIncrement\":\"0\",\"isInsert\":\"0\",\"isList\":\"0\",\"isPk\":\"0\",\"isQuery\":\"0\",\"isRequired\":\"0\",\"javaField\":\"userId\",\"javaType\":\"Long\",\"list\":false,\"params\":{},\"pk\":false,\"query\":false,\"queryType\":\"EQ\",\"required\":false,\"sort\":2,\"superColumn\":false,\"tableId\":4,\"updateBy\":\"\",\"usableColumn\":false},{\"capJavaField\":\"UserName\",\"columnComment\":\"联系人\",\"columnId\":61,\"columnName\":\"user_name\",\"columnType\":\"varchar(255)\",\"createBy\":\"admin\",\"createTime\":\"2025-01-07 10:09:34\",\"dictType\":\"\",\"edit\":true,\"htmlType\":\"input\",\"increment\":false,\"insert\":true,\"isEdit\":\"1\",\"isIncrement\":\"0\",\"isInsert\":\"1\",\"isList\":\"1\",\"isPk\":\"0\",\"isQuery\":\"1\",\"isRequired\":\"1\",\"javaField\":\"userName\",\"javaType\":\"String\",\"list\":true,\"params\":{},\"pk\":false,\"query\":true,\"queryType\":\"LIKE\",\"required\":true,\"sort\":3,\"superColumn\":false,\"tableId\":4,\"updateBy\":\"\",\"usableColumn\":false},{\"capJavaField\":\"EnterpriseId\",\"columnComment\":\"单位id\",\"columnId\":62,\"columnName\":\"enterprise_id\",\"columnType\":\"bigint\",\"createBy\":\"admin\",\"createTime\":\"2025-01-07 10:09:34\",\"dictType\":\"\",\"edit\":false,\"htmlType\":\"input\",\"increment\":false,\"insert\":false,\"isEdit\":\"0\",\"isIncrement\":\"0\",\"isInsert\":\"0\",\"isList\":\"0\",\"isPk\":\"0\",\"isQuery\":\"0\",\"isRequired\":\"0\",\"javaField\":\"','{\"msg\":\"操作成功\",\"code\":200}',0,NULL,'2025-01-07 10:31:56',42),(215,'代码生成',2,'com.ruoyi.generator.controller.GenController.editSave()','PUT',1,'admin','研发部门','/tool/gen','127.0.0.1','内网IP','{\"businessName\":\"remind\",\"className\":\"AlarmRemind\",\"columns\":[{\"capJavaField\":\"Id\",\"columnComment\":\"主键\",\"columnId\":79,\"columnName\":\"id\",\"columnType\":\"bigint\",\"createBy\":\"admin\",\"createTime\":\"2025-01-07 10:09:34\",\"dictType\":\"\",\"edit\":false,\"htmlType\":\"input\",\"increment\":true,\"insert\":false,\"isIncrement\":\"1\",\"isInsert\":\"0\",\"isPk\":\"1\",\"isRequired\":\"0\",\"javaField\":\"id\",\"javaType\":\"Long\",\"list\":false,\"params\":{},\"pk\":true,\"query\":false,\"queryType\":\"EQ\",\"required\":false,\"sort\":1,\"superColumn\":false,\"tableId\":5,\"updateBy\":\"\",\"usableColumn\":false},{\"capJavaField\":\"AlarmType\",\"columnComment\":\"报警类型\",\"columnId\":80,\"columnName\":\"alarm_type\",\"columnType\":\"int\",\"createBy\":\"admin\",\"createTime\":\"2025-01-07 10:09:34\",\"dictType\":\"alarm_type\",\"edit\":true,\"htmlType\":\"select\",\"increment\":false,\"insert\":true,\"isEdit\":\"1\",\"isIncrement\":\"0\",\"isInsert\":\"1\",\"isList\":\"1\",\"isPk\":\"0\",\"isQuery\":\"0\",\"isRequired\":\"1\",\"javaField\":\"alarmType\",\"javaType\":\"Long\",\"list\":true,\"params\":{},\"pk\":false,\"query\":false,\"queryType\":\"EQ\",\"required\":true,\"sort\":2,\"superColumn\":false,\"tableId\":5,\"updateBy\":\"\",\"usableColumn\":false},{\"capJavaField\":\"AlarmParamType\",\"columnComment\":\"报警参数类型\",\"columnId\":81,\"columnName\":\"alarm_param_type\",\"columnType\":\"int\",\"createBy\":\"admin\",\"createTime\":\"2025-01-07 10:09:34\",\"dictType\":\"alarm_param_type\",\"edit\":true,\"htmlType\":\"select\",\"increment\":false,\"insert\":true,\"isEdit\":\"1\",\"isIncrement\":\"0\",\"isInsert\":\"1\",\"isList\":\"1\",\"isPk\":\"0\",\"isQuery\":\"1\",\"isRequired\":\"1\",\"javaField\":\"alarmParamType\",\"javaType\":\"Long\",\"list\":true,\"params\":{},\"pk\":false,\"query\":true,\"queryType\":\"EQ\",\"required\":true,\"sort\":3,\"superColumn\":false,\"tableId\":5,\"updateBy\":\"\",\"usableColumn\":false},{\"capJavaField\":\"Guid\",\"columnComment\":\"国控code\",\"columnId\":82,\"columnName\":\"guid\",\"columnType\":\"varchar(100)\",\"createBy\":\"admin\",\"createTime\":\"2025-01-07 10:09:34\",\"dictType\":\"\",\"edit\":true,\"htmlType\":\"input\",\"increment\":false,\"insert\":true,\"isEdit\":\"1\",\"isIncrement\":\"0\",\"isInsert\":\"1\",\"isList\":\"1\",\"isPk\":\"0\",\"isQuery\":\"0','{\"msg\":\"操作成功\",\"code\":200}',0,NULL,'2025-01-07 10:35:55',38),(216,'字典数据',2,'com.ruoyi.web.controller.system.SysDictDataController.edit()','PUT',1,'admin','研发部门','/system/dict/data','127.0.0.1','内网IP','{\"createBy\":\"admin\",\"createTime\":\"2025-01-07 09:48:05\",\"default\":false,\"dictCode\":135,\"dictLabel\":\"暂无\",\"dictSort\":7,\"dictType\":\"alarm_param_type\",\"dictValue\":\"7\",\"isDefault\":\"N\",\"listClass\":\"default\",\"params\":{},\"status\":\"0\",\"updateBy\":\"admin\"}','{\"msg\":\"操作成功\",\"code\":200}',0,NULL,'2025-01-07 10:36:10',8),(217,'代码生成',2,'com.ruoyi.generator.controller.GenController.editSave()','PUT',1,'admin','研发部门','/tool/gen','127.0.0.1','内网IP','{\"businessName\":\"remind\",\"className\":\"AlarmRemind\",\"columns\":[{\"capJavaField\":\"Id\",\"columnComment\":\"主键\",\"columnId\":79,\"columnName\":\"id\",\"columnType\":\"bigint\",\"createBy\":\"admin\",\"createTime\":\"2025-01-07 10:09:34\",\"dictType\":\"\",\"edit\":false,\"htmlType\":\"input\",\"increment\":true,\"insert\":false,\"isIncrement\":\"1\",\"isInsert\":\"0\",\"isPk\":\"1\",\"isRequired\":\"0\",\"javaField\":\"id\",\"javaType\":\"Long\",\"list\":false,\"params\":{},\"pk\":true,\"query\":false,\"queryType\":\"EQ\",\"required\":false,\"sort\":1,\"superColumn\":false,\"tableId\":5,\"updateBy\":\"\",\"updateTime\":\"2025-01-07 10:35:55\",\"usableColumn\":false},{\"capJavaField\":\"AlarmType\",\"columnComment\":\"报警类型\",\"columnId\":80,\"columnName\":\"alarm_type\",\"columnType\":\"int\",\"createBy\":\"admin\",\"createTime\":\"2025-01-07 10:09:34\",\"dictType\":\"alarm_type\",\"edit\":true,\"htmlType\":\"select\",\"increment\":false,\"insert\":true,\"isEdit\":\"1\",\"isIncrement\":\"0\",\"isInsert\":\"1\",\"isList\":\"1\",\"isPk\":\"0\",\"isQuery\":\"0\",\"isRequired\":\"1\",\"javaField\":\"alarmType\",\"javaType\":\"Long\",\"list\":true,\"params\":{},\"pk\":false,\"query\":false,\"queryType\":\"EQ\",\"required\":true,\"sort\":2,\"superColumn\":false,\"tableId\":5,\"updateBy\":\"\",\"updateTime\":\"2025-01-07 10:35:55\",\"usableColumn\":false},{\"capJavaField\":\"AlarmParamType\",\"columnComment\":\"报警参数类型\",\"columnId\":81,\"columnName\":\"alarm_param_type\",\"columnType\":\"int\",\"createBy\":\"admin\",\"createTime\":\"2025-01-07 10:09:34\",\"dictType\":\"alarm_param_type\",\"edit\":true,\"htmlType\":\"select\",\"increment\":false,\"insert\":true,\"isEdit\":\"1\",\"isIncrement\":\"0\",\"isInsert\":\"1\",\"isList\":\"1\",\"isPk\":\"0\",\"isQuery\":\"1\",\"isRequired\":\"1\",\"javaField\":\"alarmParamType\",\"javaType\":\"Long\",\"list\":true,\"params\":{},\"pk\":false,\"query\":true,\"queryType\":\"EQ\",\"required\":true,\"sort\":3,\"superColumn\":false,\"tableId\":5,\"updateBy\":\"\",\"updateTime\":\"2025-01-07 10:35:55\",\"usableColumn\":false},{\"capJavaField\":\"Guid\",\"columnComment\":\"国控code\",\"columnId\":82,\"columnName\":\"guid\",\"columnType\":\"varchar(100)\",\"createBy\":\"admin\",\"createTime\":\"2025-01-07 10:09:34\",\"dictType\":\"\",\"edit\":true,\"htmlType\":\"input\",\"incremen','{\"msg\":\"操作成功\",\"code\":200}',0,NULL,'2025-01-07 10:36:44',37),(218,'代码生成',2,'com.ruoyi.generator.controller.GenController.editSave()','PUT',1,'admin','研发部门','/tool/gen','127.0.0.1','内网IP','{\"businessName\":\"calibration\",\"className\":\"DataCalibration\",\"columns\":[{\"capJavaField\":\"Id\",\"columnComment\":\"主键\",\"columnId\":95,\"columnName\":\"id\",\"columnType\":\"bigint\",\"createBy\":\"admin\",\"createTime\":\"2025-01-07 10:09:34\",\"dictType\":\"\",\"edit\":false,\"htmlType\":\"input\",\"increment\":false,\"insert\":false,\"isIncrement\":\"0\",\"isInsert\":\"0\",\"isPk\":\"1\",\"isRequired\":\"0\",\"javaField\":\"id\",\"javaType\":\"Long\",\"list\":false,\"params\":{},\"pk\":true,\"query\":false,\"queryType\":\"EQ\",\"required\":false,\"sort\":1,\"superColumn\":false,\"tableId\":6,\"updateBy\":\"\",\"usableColumn\":false},{\"capJavaField\":\"UserId\",\"columnComment\":\"县级id\",\"columnId\":96,\"columnName\":\"user_id\",\"columnType\":\"bigint\",\"createBy\":\"admin\",\"createTime\":\"2025-01-07 10:09:34\",\"dictType\":\"\",\"edit\":true,\"htmlType\":\"input\",\"increment\":false,\"insert\":true,\"isEdit\":\"1\",\"isIncrement\":\"0\",\"isInsert\":\"1\",\"isList\":\"1\",\"isPk\":\"0\",\"isQuery\":\"1\",\"isRequired\":\"0\",\"javaField\":\"userId\",\"javaType\":\"Long\",\"list\":true,\"params\":{},\"pk\":false,\"query\":true,\"queryType\":\"EQ\",\"required\":false,\"sort\":2,\"superColumn\":false,\"tableId\":6,\"updateBy\":\"\",\"usableColumn\":false},{\"capJavaField\":\"DeptName\",\"columnId\":97,\"columnName\":\"dept_name\",\"columnType\":\"varchar(20)\",\"createBy\":\"admin\",\"createTime\":\"2025-01-07 10:09:34\",\"dictType\":\"\",\"edit\":true,\"htmlType\":\"input\",\"increment\":false,\"insert\":true,\"isEdit\":\"1\",\"isIncrement\":\"0\",\"isInsert\":\"1\",\"isList\":\"1\",\"isPk\":\"0\",\"isQuery\":\"1\",\"isRequired\":\"0\",\"javaField\":\"deptName\",\"javaType\":\"String\",\"list\":true,\"params\":{},\"pk\":false,\"query\":true,\"queryType\":\"LIKE\",\"required\":false,\"sort\":3,\"superColumn\":false,\"tableId\":6,\"updateBy\":\"\",\"usableColumn\":false},{\"capJavaField\":\"State\",\"columnId\":98,\"columnName\":\"state\",\"columnType\":\"int\",\"createBy\":\"admin\",\"createTime\":\"2025-01-07 10:09:34\",\"dictType\":\"\",\"edit\":true,\"htmlType\":\"input\",\"increment\":false,\"insert\":true,\"isEdit\":\"1\",\"isIncrement\":\"0\",\"isInsert\":\"1\",\"isList\":\"1\",\"isPk\":\"0\",\"isQuery\":\"1\",\"isRequired\":\"0\",\"javaField\":\"state\",\"javaType\":\"Long\",\"list\":true,\"params\":{},\"pk\":f','{\"msg\":\"操作成功\",\"code\":200}',0,NULL,'2025-01-07 10:37:42',27),(219,'代码生成',3,'com.ruoyi.generator.controller.GenController.remove()','DELETE',1,'admin','研发部门','/tool/gen/6','127.0.0.1','内网IP','[6]','{\"msg\":\"操作成功\",\"code\":200}',0,NULL,'2025-01-07 10:49:14',17),(220,'代码生成',6,'com.ruoyi.generator.controller.GenController.importTableSave()','POST',1,'admin','研发部门','/tool/gen/importTable','127.0.0.1','内网IP','{\"tables\":\"data_calibration\"}','{\"msg\":\"操作成功\",\"code\":200}',0,NULL,'2025-01-07 10:49:21',37),(221,'代码生成',3,'com.ruoyi.generator.controller.GenController.remove()','DELETE',1,'admin','研发部门','/tool/gen/4,5,7,8,9,10,12,13,14,15,16,17','127.0.0.1','内网IP','[4,5,7,8,9,10,12,13,14,15,16,17]','{\"msg\":\"操作成功\",\"code\":200}',0,NULL,'2025-01-07 11:03:12',43),(222,'代码生成',6,'com.ruoyi.generator.controller.GenController.importTableSave()','POST',1,'admin','研发部门','/tool/gen/importTable','127.0.0.1','内网IP','{\"tables\":\"alarm_info,alarm_data,alarm_remind\"}','{\"msg\":\"操作成功\",\"code\":200}',0,NULL,'2025-01-07 11:13:26',154),(223,'代码生成',2,'com.ruoyi.generator.controller.GenController.editSave()','PUT',1,'admin','研发部门','/tool/gen','127.0.0.1','内网IP','{\"businessName\":\"data\",\"className\":\"AlarmData\",\"columns\":[{\"capJavaField\":\"Id\",\"columnComment\":\"主键\",\"columnId\":394,\"columnName\":\"id\",\"columnType\":\"bigint\",\"createBy\":\"admin\",\"createTime\":\"2025-01-07 11:13:25\",\"dictType\":\"\",\"edit\":false,\"htmlType\":\"input\",\"increment\":true,\"insert\":false,\"isIncrement\":\"1\",\"isInsert\":\"0\",\"isPk\":\"1\",\"isRequired\":\"0\",\"javaField\":\"id\",\"javaType\":\"Long\",\"list\":false,\"params\":{},\"pk\":true,\"query\":false,\"queryType\":\"EQ\",\"required\":false,\"sort\":1,\"superColumn\":false,\"tableId\":18,\"updateBy\":\"\",\"usableColumn\":false},{\"capJavaField\":\"AlarmType\",\"columnComment\":\"报警类型\",\"columnId\":395,\"columnName\":\"alarm_type\",\"columnType\":\"int\",\"createBy\":\"admin\",\"createTime\":\"2025-01-07 11:13:25\",\"dictType\":\"alarm_type\",\"edit\":true,\"htmlType\":\"select\",\"increment\":false,\"insert\":true,\"isEdit\":\"1\",\"isIncrement\":\"0\",\"isInsert\":\"1\",\"isList\":\"1\",\"isPk\":\"0\",\"isQuery\":\"0\",\"isRequired\":\"0\",\"javaField\":\"alarmType\",\"javaType\":\"Long\",\"list\":true,\"params\":{},\"pk\":false,\"query\":false,\"queryType\":\"EQ\",\"required\":false,\"sort\":2,\"superColumn\":false,\"tableId\":18,\"updateBy\":\"\",\"usableColumn\":false},{\"capJavaField\":\"AlarmParamType\",\"columnComment\":\"报警参数类型\",\"columnId\":396,\"columnName\":\"alarm_param_type\",\"columnType\":\"int\",\"createBy\":\"admin\",\"createTime\":\"2025-01-07 11:13:25\",\"dictType\":\"alarm_param_type\",\"edit\":true,\"htmlType\":\"select\",\"increment\":false,\"insert\":true,\"isEdit\":\"1\",\"isIncrement\":\"0\",\"isInsert\":\"1\",\"isList\":\"1\",\"isPk\":\"0\",\"isQuery\":\"1\",\"isRequired\":\"1\",\"javaField\":\"alarmParamType\",\"javaType\":\"Long\",\"list\":true,\"params\":{},\"pk\":false,\"query\":true,\"queryType\":\"EQ\",\"required\":true,\"sort\":3,\"superColumn\":false,\"tableId\":18,\"updateBy\":\"\",\"usableColumn\":false},{\"capJavaField\":\"AlarmValue\",\"columnComment\":\"报警值\",\"columnId\":397,\"columnName\":\"alarm_value\",\"columnType\":\"double\",\"createBy\":\"admin\",\"createTime\":\"2025-01-07 11:13:25\",\"dictType\":\"\",\"edit\":true,\"htmlType\":\"input\",\"increment\":false,\"insert\":true,\"isEdit\":\"1\",\"isIncrement\":\"0\",\"isInsert\":\"1\",\"isList\":\"1\",\"isPk\":\"0\",\"isQ','{\"msg\":\"操作成功\",\"code\":200}',0,NULL,'2025-01-07 11:16:22',47),(224,'字典数据',1,'com.ruoyi.web.controller.system.SysDictDataController.add()','POST',1,'admin','研发部门','/system/dict/data','127.0.0.1','内网IP','{\"createBy\":\"admin\",\"default\":false,\"dictLabel\":\"设备故障\",\"dictSort\":3,\"dictType\":\"alarm_type\",\"dictValue\":\"3\",\"listClass\":\"default\",\"params\":{},\"status\":\"0\"}','{\"msg\":\"操作成功\",\"code\":200}',0,NULL,'2025-01-07 11:16:47',10),(225,'代码生成',3,'com.ruoyi.generator.controller.GenController.remove()','DELETE',1,'admin','研发部门','/tool/gen/18,19,20','127.0.0.1','内网IP','[18,19,20]','{\"msg\":\"操作成功\",\"code\":200}',0,NULL,'2025-01-07 11:20:31',17),(226,'代码生成',6,'com.ruoyi.generator.controller.GenController.importTableSave()','POST',1,'admin','研发部门','/tool/gen/importTable','127.0.0.1','内网IP','{\"tables\":\"alarm_data\"}','{\"msg\":\"操作成功\",\"code\":200}',0,NULL,'2025-01-07 11:21:56',55),(227,'代码生成',2,'com.ruoyi.generator.controller.GenController.editSave()','PUT',1,'admin','研发部门','/tool/gen','127.0.0.1','内网IP','{\"businessName\":\"data\",\"className\":\"AlarmData\",\"columns\":[{\"capJavaField\":\"Id\",\"columnComment\":\"主键\",\"columnId\":445,\"columnName\":\"id\",\"columnType\":\"bigint\",\"createBy\":\"admin\",\"createTime\":\"2025-01-07 11:21:56\",\"dictType\":\"\",\"edit\":false,\"htmlType\":\"input\",\"increment\":true,\"insert\":false,\"isIncrement\":\"1\",\"isInsert\":\"0\",\"isPk\":\"1\",\"isRequired\":\"0\",\"javaField\":\"id\",\"javaType\":\"Long\",\"list\":false,\"params\":{},\"pk\":true,\"query\":false,\"queryType\":\"EQ\",\"required\":false,\"sort\":1,\"superColumn\":false,\"tableId\":21,\"updateBy\":\"\",\"usableColumn\":false},{\"capJavaField\":\"AlarmType\",\"columnComment\":\"报警类型\",\"columnId\":446,\"columnName\":\"alarm_type\",\"columnType\":\"int\",\"createBy\":\"admin\",\"createTime\":\"2025-01-07 11:21:56\",\"dictType\":\"alarm_type\",\"edit\":true,\"htmlType\":\"select\",\"increment\":false,\"insert\":true,\"isEdit\":\"1\",\"isIncrement\":\"0\",\"isInsert\":\"1\",\"isList\":\"1\",\"isPk\":\"0\",\"isQuery\":\"1\",\"isRequired\":\"1\",\"javaField\":\"alarmType\",\"javaType\":\"Long\",\"list\":true,\"params\":{},\"pk\":false,\"query\":true,\"queryType\":\"EQ\",\"required\":true,\"sort\":2,\"superColumn\":false,\"tableId\":21,\"updateBy\":\"\",\"usableColumn\":false},{\"capJavaField\":\"AlarmParamType\",\"columnComment\":\"报警参数类型\",\"columnId\":447,\"columnName\":\"alarm_param_type\",\"columnType\":\"int\",\"createBy\":\"admin\",\"createTime\":\"2025-01-07 11:21:56\",\"dictType\":\"alarm_param_type\",\"edit\":true,\"htmlType\":\"select\",\"increment\":false,\"insert\":true,\"isEdit\":\"1\",\"isIncrement\":\"0\",\"isInsert\":\"1\",\"isList\":\"1\",\"isPk\":\"0\",\"isQuery\":\"1\",\"isRequired\":\"1\",\"javaField\":\"alarmParamType\",\"javaType\":\"Long\",\"list\":true,\"params\":{},\"pk\":false,\"query\":true,\"queryType\":\"EQ\",\"required\":true,\"sort\":3,\"superColumn\":false,\"tableId\":21,\"updateBy\":\"\",\"usableColumn\":false},{\"capJavaField\":\"AlarmValue\",\"columnComment\":\"报警值\",\"columnId\":448,\"columnName\":\"alarm_value\",\"columnType\":\"double\",\"createBy\":\"admin\",\"createTime\":\"2025-01-07 11:21:56\",\"dictType\":\"\",\"edit\":true,\"htmlType\":\"input\",\"increment\":false,\"insert\":true,\"isEdit\":\"1\",\"isIncrement\":\"0\",\"isInsert\":\"1\",\"isList\":\"1\",\"isPk\":\"0\",\"isQue','{\"msg\":\"操作成功\",\"code\":200}',0,NULL,'2025-01-07 11:26:04',45),(228,'代码生成',6,'com.ruoyi.generator.controller.GenController.importTableSave()','POST',1,'admin','研发部门','/tool/gen/importTable','127.0.0.1','内网IP','{\"tables\":\"alarm_remind\"}','{\"msg\":\"操作成功\",\"code\":200}',0,NULL,'2025-01-07 11:27:45',43),(229,'代码生成',2,'com.ruoyi.generator.controller.GenController.editSave()','PUT',1,'admin','研发部门','/tool/gen','127.0.0.1','内网IP','{\"businessName\":\"remind\",\"className\":\"AlarmRemind\",\"columns\":[{\"capJavaField\":\"Id\",\"columnComment\":\"主键\",\"columnId\":460,\"columnName\":\"id\",\"columnType\":\"bigint\",\"createBy\":\"admin\",\"createTime\":\"2025-01-07 11:27:45\",\"dictType\":\"\",\"edit\":false,\"htmlType\":\"input\",\"increment\":true,\"insert\":false,\"isIncrement\":\"1\",\"isInsert\":\"0\",\"isPk\":\"1\",\"isRequired\":\"0\",\"javaField\":\"id\",\"javaType\":\"Long\",\"list\":false,\"params\":{},\"pk\":true,\"query\":false,\"queryType\":\"EQ\",\"required\":false,\"sort\":1,\"superColumn\":false,\"tableId\":22,\"updateBy\":\"\",\"usableColumn\":false},{\"capJavaField\":\"AlarmType\",\"columnComment\":\"报警类型\",\"columnId\":461,\"columnName\":\"alarm_type\",\"columnType\":\"int\",\"createBy\":\"admin\",\"createTime\":\"2025-01-07 11:27:45\",\"dictType\":\"alarm_type\",\"edit\":true,\"htmlType\":\"select\",\"increment\":false,\"insert\":true,\"isEdit\":\"1\",\"isIncrement\":\"0\",\"isInsert\":\"1\",\"isList\":\"1\",\"isPk\":\"0\",\"isQuery\":\"1\",\"isRequired\":\"1\",\"javaField\":\"alarmType\",\"javaType\":\"Long\",\"list\":true,\"params\":{},\"pk\":false,\"query\":true,\"queryType\":\"EQ\",\"required\":true,\"sort\":2,\"superColumn\":false,\"tableId\":22,\"updateBy\":\"\",\"usableColumn\":false},{\"capJavaField\":\"AlarmParamType\",\"columnComment\":\"报警参数类型\",\"columnId\":462,\"columnName\":\"alarm_param_type\",\"columnType\":\"int\",\"createBy\":\"admin\",\"createTime\":\"2025-01-07 11:27:45\",\"dictType\":\"alarm_param_type\",\"edit\":true,\"htmlType\":\"select\",\"increment\":false,\"insert\":true,\"isEdit\":\"1\",\"isIncrement\":\"0\",\"isInsert\":\"1\",\"isList\":\"1\",\"isPk\":\"0\",\"isQuery\":\"1\",\"isRequired\":\"1\",\"javaField\":\"alarmParamType\",\"javaType\":\"Long\",\"list\":true,\"params\":{},\"pk\":false,\"query\":true,\"queryType\":\"EQ\",\"required\":true,\"sort\":3,\"superColumn\":false,\"tableId\":22,\"updateBy\":\"\",\"usableColumn\":false},{\"capJavaField\":\"Guid\",\"columnComment\":\"国控code\",\"columnId\":463,\"columnName\":\"guid\",\"columnType\":\"varchar(100)\",\"createBy\":\"admin\",\"createTime\":\"2025-01-07 11:27:45\",\"dictType\":\"\",\"edit\":true,\"htmlType\":\"input\",\"increment\":false,\"insert\":true,\"isEdit\":\"1\",\"isIncrement\":\"0\",\"isInsert\":\"1\",\"isList\":\"1\",\"isPk\":\"0\",\"isQue','{\"msg\":\"操作成功\",\"code\":200}',0,NULL,'2025-01-07 11:31:18',39),(230,'代码生成',6,'com.ruoyi.generator.controller.GenController.importTableSave()','POST',1,'admin','研发部门','/tool/gen/importTable','127.0.0.1','内网IP','{\"tables\":\"alarm_info\"}','{\"msg\":\"操作成功\",\"code\":200}',0,NULL,'2025-01-07 11:31:57',42),(231,'代码生成',2,'com.ruoyi.generator.controller.GenController.editSave()','PUT',1,'admin','研发部门','/tool/gen','127.0.0.1','内网IP','{\"businessName\":\"info\",\"className\":\"AlarmInfo\",\"columns\":[{\"capJavaField\":\"Id\",\"columnComment\":\"主键\",\"columnId\":476,\"columnName\":\"id\",\"columnType\":\"bigint\",\"createBy\":\"admin\",\"createTime\":\"2025-01-07 11:31:57\",\"dictType\":\"\",\"edit\":false,\"htmlType\":\"input\",\"increment\":true,\"insert\":false,\"isIncrement\":\"1\",\"isInsert\":\"0\",\"isPk\":\"1\",\"isRequired\":\"0\",\"javaField\":\"id\",\"javaType\":\"Long\",\"list\":false,\"params\":{},\"pk\":true,\"query\":false,\"queryType\":\"EQ\",\"required\":false,\"sort\":1,\"superColumn\":false,\"tableId\":23,\"updateBy\":\"\",\"usableColumn\":false},{\"capJavaField\":\"UserId\",\"columnComment\":\"县级id\",\"columnId\":477,\"columnName\":\"user_id\",\"columnType\":\"bigint\",\"createBy\":\"admin\",\"createTime\":\"2025-01-07 11:31:57\",\"dictType\":\"\",\"edit\":true,\"htmlType\":\"input\",\"increment\":false,\"insert\":true,\"isEdit\":\"1\",\"isIncrement\":\"0\",\"isInsert\":\"1\",\"isList\":\"1\",\"isPk\":\"0\",\"isQuery\":\"1\",\"isRequired\":\"1\",\"javaField\":\"userId\",\"javaType\":\"Long\",\"list\":true,\"params\":{},\"pk\":false,\"query\":true,\"queryType\":\"EQ\",\"required\":true,\"sort\":2,\"superColumn\":false,\"tableId\":23,\"updateBy\":\"\",\"usableColumn\":false},{\"capJavaField\":\"UserName\",\"columnComment\":\"联系人\",\"columnId\":478,\"columnName\":\"user_name\",\"columnType\":\"varchar(255)\",\"createBy\":\"admin\",\"createTime\":\"2025-01-07 11:31:57\",\"dictType\":\"\",\"edit\":false,\"htmlType\":\"input\",\"increment\":false,\"insert\":false,\"isEdit\":\"0\",\"isIncrement\":\"0\",\"isInsert\":\"0\",\"isList\":\"0\",\"isPk\":\"0\",\"isQuery\":\"0\",\"isRequired\":\"0\",\"javaField\":\"userName\",\"javaType\":\"String\",\"list\":false,\"params\":{},\"pk\":false,\"query\":false,\"queryType\":\"LIKE\",\"required\":false,\"sort\":3,\"superColumn\":false,\"tableId\":23,\"updateBy\":\"\",\"usableColumn\":false},{\"capJavaField\":\"EnterpriseId\",\"columnComment\":\"单位id\",\"columnId\":479,\"columnName\":\"enterprise_id\",\"columnType\":\"bigint\",\"createBy\":\"admin\",\"createTime\":\"2025-01-07 11:31:57\",\"dictType\":\"\",\"edit\":true,\"htmlType\":\"input\",\"increment\":false,\"insert\":true,\"isEdit\":\"1\",\"isIncrement\":\"0\",\"isInsert\":\"1\",\"isList\":\"1\",\"isPk\":\"0\",\"isQuery\":\"1\",\"isRequired\":\"1\",\"javaFie','{\"msg\":\"操作成功\",\"code\":200}',0,NULL,'2025-01-07 11:35:12',49),(232,'代码生成',6,'com.ruoyi.generator.controller.GenController.importTableSave()','POST',1,'admin','研发部门','/tool/gen/importTable','127.0.0.1','内网IP','{\"tables\":\"data_calibration\"}','{\"msg\":\"操作成功\",\"code\":200}',0,NULL,'2025-01-07 11:39:55',41),(233,'代码生成',3,'com.ruoyi.generator.controller.GenController.remove()','DELETE',1,'admin','研发部门','/tool/gen/24','127.0.0.1','内网IP','[24]','{\"msg\":\"操作成功\",\"code\":200}',0,NULL,'2025-01-07 11:41:21',39),(234,'代码生成',6,'com.ruoyi.generator.controller.GenController.importTableSave()','POST',1,'admin','研发部门','/tool/gen/importTable','127.0.0.1','内网IP','{\"tables\":\"data_calibration\"}','{\"msg\":\"操作成功\",\"code\":200}',0,NULL,'2025-01-07 11:44:29',37),(235,'代码生成',2,'com.ruoyi.generator.controller.GenController.editSave()','PUT',1,'admin','研发部门','/tool/gen','127.0.0.1','内网IP','{\"businessName\":\"calibration\",\"className\":\"DataCalibration\",\"columns\":[{\"capJavaField\":\"Id\",\"columnComment\":\"主键\",\"columnId\":507,\"columnName\":\"id\",\"columnType\":\"bigint\",\"createBy\":\"admin\",\"createTime\":\"2025-01-07 11:44:29\",\"dictType\":\"\",\"edit\":false,\"htmlType\":\"input\",\"increment\":false,\"insert\":false,\"isIncrement\":\"0\",\"isInsert\":\"0\",\"isPk\":\"1\",\"isRequired\":\"0\",\"javaField\":\"id\",\"javaType\":\"Long\",\"list\":false,\"params\":{},\"pk\":true,\"query\":false,\"queryType\":\"EQ\",\"required\":false,\"sort\":1,\"superColumn\":false,\"tableId\":25,\"updateBy\":\"\",\"usableColumn\":false},{\"capJavaField\":\"UserId\",\"columnComment\":\"县级id\",\"columnId\":508,\"columnName\":\"user_id\",\"columnType\":\"bigint\",\"createBy\":\"admin\",\"createTime\":\"2025-01-07 11:44:29\",\"dictType\":\"\",\"edit\":true,\"htmlType\":\"input\",\"increment\":false,\"insert\":true,\"isEdit\":\"1\",\"isIncrement\":\"0\",\"isInsert\":\"1\",\"isList\":\"1\",\"isPk\":\"0\",\"isQuery\":\"1\",\"isRequired\":\"1\",\"javaField\":\"userId\",\"javaType\":\"Long\",\"list\":true,\"params\":{},\"pk\":false,\"query\":true,\"queryType\":\"EQ\",\"required\":true,\"sort\":2,\"superColumn\":false,\"tableId\":25,\"updateBy\":\"\",\"usableColumn\":false},{\"capJavaField\":\"DeptName\",\"columnComment\":\"部门昵称\",\"columnId\":509,\"columnName\":\"dept_name\",\"columnType\":\"varchar(20)\",\"createBy\":\"admin\",\"createTime\":\"2025-01-07 11:44:29\",\"dictType\":\"\",\"edit\":false,\"htmlType\":\"input\",\"increment\":false,\"insert\":false,\"isEdit\":\"0\",\"isIncrement\":\"0\",\"isInsert\":\"0\",\"isList\":\"0\",\"isPk\":\"0\",\"isQuery\":\"0\",\"isRequired\":\"0\",\"javaField\":\"deptName\",\"javaType\":\"String\",\"list\":false,\"params\":{},\"pk\":false,\"query\":false,\"queryType\":\"LIKE\",\"required\":false,\"sort\":3,\"superColumn\":false,\"tableId\":25,\"updateBy\":\"\",\"usableColumn\":false},{\"capJavaField\":\"State\",\"columnComment\":\"状态\",\"columnId\":510,\"columnName\":\"state\",\"columnType\":\"int\",\"createBy\":\"admin\",\"createTime\":\"2025-01-07 11:44:29\",\"dictType\":\"\",\"edit\":false,\"htmlType\":\"input\",\"increment\":false,\"insert\":false,\"isEdit\":\"0\",\"isIncrement\":\"0\",\"isInsert\":\"0\",\"isList\":\"0\",\"isPk\":\"0\",\"isQuery\":\"0\",\"isRequired\":\"0\",\"javaField\":','{\"msg\":\"操作成功\",\"code\":200}',0,NULL,'2025-01-07 11:46:19',29),(236,'字典类型',1,'com.ruoyi.web.controller.system.SysDictTypeController.add()','POST',1,'admin','研发部门','/system/dict/type','127.0.0.1','内网IP','{\"createBy\":\"admin\",\"dictName\":\"状态信息\",\"dictType\":\"log_status\",\"params\":{},\"status\":\"0\"}','{\"msg\":\"操作成功\",\"code\":200}',0,NULL,'2025-01-07 11:52:27',14),(237,'字典数据',1,'com.ruoyi.web.controller.system.SysDictDataController.add()','POST',1,'admin','研发部门','/system/dict/data','127.0.0.1','内网IP','{\"createBy\":\"admin\",\"default\":false,\"dictLabel\":\"成功\",\"dictSort\":1,\"dictType\":\"log_status\",\"dictValue\":\"0\",\"listClass\":\"default\",\"params\":{},\"status\":\"0\"}','{\"msg\":\"操作成功\",\"code\":200}',0,NULL,'2025-01-07 11:52:39',14),(238,'字典数据',1,'com.ruoyi.web.controller.system.SysDictDataController.add()','POST',1,'admin','研发部门','/system/dict/data','127.0.0.1','内网IP','{\"createBy\":\"admin\",\"default\":false,\"dictLabel\":\"失败\",\"dictSort\":2,\"dictType\":\"log_status\",\"dictValue\":\"1\",\"listClass\":\"default\",\"params\":{},\"status\":\"0\"}','{\"msg\":\"操作成功\",\"code\":200}',0,NULL,'2025-01-07 11:52:43',10),(239,'字典类型',1,'com.ruoyi.web.controller.system.SysDictTypeController.add()','POST',1,'admin','研发部门','/system/dict/type','127.0.0.1','内网IP','{\"createBy\":\"admin\",\"dictName\":\"数据导入类型\",\"dictType\":\"log_type\",\"params\":{},\"status\":\"0\"}','{\"msg\":\"操作成功\",\"code\":200}',0,NULL,'2025-01-07 11:53:05',8),(240,'字典数据',1,'com.ruoyi.web.controller.system.SysDictDataController.add()','POST',1,'admin','研发部门','/system/dict/data','127.0.0.1','内网IP','{\"createBy\":\"admin\",\"default\":false,\"dictLabel\":\"数据导入\",\"dictSort\":1,\"dictType\":\"log_type\",\"dictValue\":\"1\",\"listClass\":\"default\",\"params\":{},\"status\":\"0\"}','{\"msg\":\"操作成功\",\"code\":200}',0,NULL,'2025-01-07 11:53:19',7),(241,'字典数据',1,'com.ruoyi.web.controller.system.SysDictDataController.add()','POST',1,'admin','研发部门','/system/dict/data','127.0.0.1','内网IP','{\"createBy\":\"admin\",\"default\":false,\"dictLabel\":\"设备导入\",\"dictSort\":2,\"dictType\":\"log_type\",\"dictValue\":\"2\",\"listClass\":\"default\",\"params\":{},\"status\":\"0\"}','{\"msg\":\"操作成功\",\"code\":200}',0,NULL,'2025-01-07 11:53:25',9),(242,'代码生成',6,'com.ruoyi.generator.controller.GenController.importTableSave()','POST',1,'admin','研发部门','/tool/gen/importTable','127.0.0.1','内网IP','{\"tables\":\"interface_log\"}','{\"msg\":\"操作成功\",\"code\":200}',0,NULL,'2025-01-07 11:55:43',63),(243,'代码生成',2,'com.ruoyi.generator.controller.GenController.editSave()','PUT',1,'admin','研发部门','/tool/gen','127.0.0.1','内网IP','{\"businessName\":\"log\",\"className\":\"InterfaceLog\",\"columns\":[{\"capJavaField\":\"Id\",\"columnComment\":\"主键\",\"columnId\":518,\"columnName\":\"id\",\"columnType\":\"bigint\",\"createBy\":\"admin\",\"createTime\":\"2025-01-07 11:55:43\",\"dictType\":\"\",\"edit\":false,\"htmlType\":\"input\",\"increment\":true,\"insert\":false,\"isIncrement\":\"1\",\"isInsert\":\"0\",\"isPk\":\"1\",\"isRequired\":\"0\",\"javaField\":\"id\",\"javaType\":\"Long\",\"list\":false,\"params\":{},\"pk\":true,\"query\":false,\"queryType\":\"EQ\",\"required\":false,\"sort\":1,\"superColumn\":false,\"tableId\":26,\"updateBy\":\"\",\"usableColumn\":false},{\"capJavaField\":\"DataCount\",\"columnComment\":\"数据条数\",\"columnId\":519,\"columnName\":\"data_count\",\"columnType\":\"int\",\"createBy\":\"admin\",\"createTime\":\"2025-01-07 11:55:43\",\"dictType\":\"\",\"edit\":true,\"htmlType\":\"input\",\"increment\":false,\"insert\":true,\"isEdit\":\"1\",\"isIncrement\":\"0\",\"isInsert\":\"1\",\"isList\":\"1\",\"isPk\":\"0\",\"isQuery\":\"0\",\"isRequired\":\"0\",\"javaField\":\"dataCount\",\"javaType\":\"Long\",\"list\":true,\"params\":{},\"pk\":false,\"query\":false,\"queryType\":\"EQ\",\"required\":false,\"sort\":2,\"superColumn\":false,\"tableId\":26,\"updateBy\":\"\",\"usableColumn\":false},{\"capJavaField\":\"DeviceAddcount\",\"columnComment\":\"设备添加数\",\"columnId\":520,\"columnName\":\"device_addcount\",\"columnType\":\"int\",\"createBy\":\"admin\",\"createTime\":\"2025-01-07 11:55:43\",\"dictType\":\"\",\"edit\":true,\"htmlType\":\"input\",\"increment\":false,\"insert\":true,\"isEdit\":\"1\",\"isIncrement\":\"0\",\"isInsert\":\"1\",\"isList\":\"1\",\"isPk\":\"0\",\"isQuery\":\"0\",\"isRequired\":\"0\",\"javaField\":\"deviceAddcount\",\"javaType\":\"Long\",\"list\":true,\"params\":{},\"pk\":false,\"query\":false,\"queryType\":\"EQ\",\"required\":false,\"sort\":3,\"superColumn\":false,\"tableId\":26,\"updateBy\":\"\",\"usableColumn\":false},{\"capJavaField\":\"Msg\",\"columnComment\":\"日志信息\",\"columnId\":521,\"columnName\":\"msg\",\"columnType\":\"varchar(300)\",\"createBy\":\"admin\",\"createTime\":\"2025-01-07 11:55:43\",\"dictType\":\"\",\"edit\":true,\"htmlType\":\"input\",\"increment\":false,\"insert\":true,\"isEdit\":\"1\",\"isIncrement\":\"0\",\"isInsert\":\"1\",\"isList\":\"1\",\"isPk\":\"0\",\"isQuery\":\"0\",\"isRequired\":\"1\",\"javaFi','{\"msg\":\"操作成功\",\"code\":200}',0,NULL,'2025-01-07 11:57:47',43),(244,'字典类型',1,'com.ruoyi.web.controller.system.SysDictTypeController.add()','POST',1,'admin','研发部门','/system/dict/type','127.0.0.1','内网IP','{\"createBy\":\"admin\",\"dictName\":\"项目管理类别\",\"dictType\":\"project_type\",\"params\":{},\"status\":\"0\"}','{\"msg\":\"操作成功\",\"code\":200}',0,NULL,'2025-01-07 12:00:25',49),(245,'字典数据',1,'com.ruoyi.web.controller.system.SysDictDataController.add()','POST',1,'admin','研发部门','/system/dict/data','127.0.0.1','内网IP','{\"createBy\":\"admin\",\"default\":false,\"dictLabel\":\"android\",\"dictSort\":1,\"dictType\":\"project_type\",\"dictValue\":\"1\",\"listClass\":\"default\",\"params\":{},\"status\":\"0\"}','{\"msg\":\"操作成功\",\"code\":200}',0,NULL,'2025-01-07 12:00:38',13),(246,'字典数据',1,'com.ruoyi.web.controller.system.SysDictDataController.add()','POST',1,'admin','研发部门','/system/dict/data','127.0.0.1','内网IP','{\"createBy\":\"admin\",\"default\":false,\"dictLabel\":\"ios\",\"dictSort\":2,\"dictType\":\"project_type\",\"dictValue\":\"2\",\"listClass\":\"default\",\"params\":{},\"status\":\"0\"}','{\"msg\":\"操作成功\",\"code\":200}',0,NULL,'2025-01-07 12:00:43',12),(247,'字典数据',1,'com.ruoyi.web.controller.system.SysDictDataController.add()','POST',1,'admin','研发部门','/system/dict/data','127.0.0.1','内网IP','{\"createBy\":\"admin\",\"default\":false,\"dictLabel\":\"web\",\"dictSort\":3,\"dictType\":\"project_type\",\"dictValue\":\"3\",\"listClass\":\"default\",\"params\":{},\"status\":\"0\"}','{\"msg\":\"操作成功\",\"code\":200}',0,NULL,'2025-01-07 12:00:52',11),(248,'代码生成',6,'com.ruoyi.generator.controller.GenController.importTableSave()','POST',1,'admin','研发部门','/tool/gen/importTable','127.0.0.1','内网IP','{\"tables\":\"project\"}','{\"msg\":\"操作成功\",\"code\":200}',0,NULL,'2025-01-07 12:01:45',39),(249,'代码生成',2,'com.ruoyi.generator.controller.GenController.editSave()','PUT',1,'admin','研发部门','/tool/gen','127.0.0.1','内网IP','{\"businessName\":\"project\",\"className\":\"Project\",\"columns\":[{\"capJavaField\":\"Id\",\"columnComment\":\"主键\",\"columnId\":529,\"columnName\":\"id\",\"columnType\":\"bigint\",\"createBy\":\"admin\",\"createTime\":\"2025-01-07 12:01:45\",\"dictType\":\"\",\"edit\":false,\"htmlType\":\"input\",\"increment\":true,\"insert\":false,\"isIncrement\":\"1\",\"isInsert\":\"0\",\"isPk\":\"1\",\"isRequired\":\"0\",\"javaField\":\"id\",\"javaType\":\"Long\",\"list\":false,\"params\":{},\"pk\":true,\"query\":false,\"queryType\":\"EQ\",\"required\":false,\"sort\":1,\"superColumn\":false,\"tableId\":27,\"updateBy\":\"\",\"usableColumn\":false},{\"capJavaField\":\"Url\",\"columnComment\":\"二维码\",\"columnId\":530,\"columnName\":\"url\",\"columnType\":\"varchar(1000)\",\"createBy\":\"admin\",\"createTime\":\"2025-01-07 12:01:45\",\"dictType\":\"\",\"edit\":true,\"htmlType\":\"imageUpload\",\"increment\":false,\"insert\":true,\"isEdit\":\"1\",\"isIncrement\":\"0\",\"isInsert\":\"1\",\"isList\":\"1\",\"isPk\":\"0\",\"isQuery\":\"0\",\"isRequired\":\"1\",\"javaField\":\"url\",\"javaType\":\"String\",\"list\":true,\"params\":{},\"pk\":false,\"query\":false,\"queryType\":\"EQ\",\"required\":true,\"sort\":2,\"superColumn\":false,\"tableId\":27,\"updateBy\":\"\",\"usableColumn\":false},{\"capJavaField\":\"Name\",\"columnComment\":\"项目名称\",\"columnId\":531,\"columnName\":\"name\",\"columnType\":\"varchar(50)\",\"createBy\":\"admin\",\"createTime\":\"2025-01-07 12:01:45\",\"dictType\":\"\",\"edit\":true,\"htmlType\":\"input\",\"increment\":false,\"insert\":true,\"isEdit\":\"1\",\"isIncrement\":\"0\",\"isInsert\":\"1\",\"isList\":\"1\",\"isPk\":\"0\",\"isQuery\":\"1\",\"isRequired\":\"1\",\"javaField\":\"name\",\"javaType\":\"String\",\"list\":true,\"params\":{},\"pk\":false,\"query\":true,\"queryType\":\"LIKE\",\"required\":true,\"sort\":3,\"superColumn\":false,\"tableId\":27,\"updateBy\":\"\",\"usableColumn\":false},{\"capJavaField\":\"Code\",\"columnComment\":\"AppKey\",\"columnId\":532,\"columnName\":\"code\",\"columnType\":\"varchar(50)\",\"createBy\":\"admin\",\"createTime\":\"2025-01-07 12:01:45\",\"dictType\":\"\",\"edit\":true,\"htmlType\":\"input\",\"increment\":false,\"insert\":true,\"isEdit\":\"1\",\"isIncrement\":\"0\",\"isInsert\":\"1\",\"isList\":\"1\",\"isPk\":\"0\",\"isQuery\":\"1\",\"isRequired\":\"1\",\"javaField\":\"code\",\"javaType\":','{\"msg\":\"操作成功\",\"code\":200}',0,NULL,'2025-01-07 12:03:20',17),(250,'代码生成',6,'com.ruoyi.generator.controller.GenController.importTableSave()','POST',1,'admin','研发部门','/tool/gen/importTable','127.0.0.1','内网IP','{\"tables\":\"enterprise_list\"}','{\"msg\":\"操作成功\",\"code\":200}',0,NULL,'2025-01-07 12:16:37',83),(251,'代码生成',2,'com.ruoyi.generator.controller.GenController.editSave()','PUT',1,'admin','研发部门','/tool/gen','127.0.0.1','内网IP','{\"businessName\":\"list\",\"className\":\"EnterpriseList\",\"columns\":[{\"capJavaField\":\"Id\",\"columnComment\":\"主键\",\"columnId\":537,\"columnName\":\"id\",\"columnType\":\"bigint\",\"createBy\":\"admin\",\"createTime\":\"2025-01-07 12:16:36\",\"dictType\":\"\",\"edit\":false,\"htmlType\":\"input\",\"increment\":true,\"insert\":false,\"isIncrement\":\"1\",\"isInsert\":\"0\",\"isPk\":\"1\",\"isRequired\":\"0\",\"javaField\":\"id\",\"javaType\":\"Long\",\"list\":false,\"params\":{},\"pk\":true,\"query\":false,\"queryType\":\"EQ\",\"required\":false,\"sort\":1,\"superColumn\":false,\"tableId\":28,\"updateBy\":\"\",\"usableColumn\":false},{\"capJavaField\":\"Name\",\"columnComment\":\"单位昵称\",\"columnId\":538,\"columnName\":\"name\",\"columnType\":\"varchar(60)\",\"createBy\":\"admin\",\"createTime\":\"2025-01-07 12:16:36\",\"dictType\":\"\",\"edit\":true,\"htmlType\":\"input\",\"increment\":false,\"insert\":true,\"isEdit\":\"1\",\"isIncrement\":\"0\",\"isInsert\":\"1\",\"isList\":\"1\",\"isPk\":\"0\",\"isQuery\":\"1\",\"isRequired\":\"1\",\"javaField\":\"name\",\"javaType\":\"String\",\"list\":true,\"params\":{},\"pk\":false,\"query\":true,\"queryType\":\"LIKE\",\"required\":true,\"sort\":2,\"superColumn\":false,\"tableId\":28,\"updateBy\":\"\",\"usableColumn\":false},{\"capJavaField\":\"PolluteUnitCategory\",\"columnComment\":\"重点排污单位类别\",\"columnId\":539,\"columnName\":\"pollute_unit_category\",\"columnType\":\"varchar(100)\",\"createBy\":\"admin\",\"createTime\":\"2025-01-07 12:16:37\",\"dictType\":\"\",\"edit\":false,\"htmlType\":\"input\",\"increment\":false,\"insert\":false,\"isEdit\":\"0\",\"isIncrement\":\"0\",\"isInsert\":\"0\",\"isList\":\"0\",\"isPk\":\"0\",\"isQuery\":\"0\",\"isRequired\":\"0\",\"javaField\":\"polluteUnitCategory\",\"javaType\":\"String\",\"list\":false,\"params\":{},\"pk\":false,\"query\":false,\"queryType\":\"EQ\",\"required\":false,\"sort\":3,\"superColumn\":false,\"tableId\":28,\"updateBy\":\"\",\"usableColumn\":false},{\"capJavaField\":\"PolluteCategory\",\"columnComment\":\"污染类别:1废烟、2废气、3废水、4废渣、5噪音、6脏水、7垃圾、8电磁辐射、9二氧化碳、10二氧化硫、11氮氧化物、12粒子状污染物、13酸雨、14化学物质\",\"columnId\":540,\"columnName\":\"pollute_category\",\"columnType\":\"int\",\"createBy\":\"admin\",\"createTime\":\"2025-01-07 12:16:37\",\"dictType\":\"\",\"edit\":false,\"htmlType\":\"input\",\"increment\":false,','{\"msg\":\"操作成功\",\"code\":200}',0,NULL,'2025-01-07 12:23:56',71),(252,'代码生成',6,'com.ruoyi.generator.controller.GenController.importTableSave()','POST',1,'admin','研发部门','/tool/gen/importTable','127.0.0.1','内网IP','{\"tables\":\"device\"}','{\"msg\":\"操作成功\",\"code\":200}',0,NULL,'2025-01-07 12:32:38',84),(253,'代码生成',2,'com.ruoyi.generator.controller.GenController.editSave()','PUT',1,'admin','研发部门','/tool/gen','127.0.0.1','内网IP','{\"businessName\":\"device\",\"className\":\"Device\",\"columns\":[{\"capJavaField\":\"Id\",\"columnComment\":\"主键\",\"columnId\":560,\"columnName\":\"id\",\"columnType\":\"bigint\",\"createBy\":\"admin\",\"createTime\":\"2025-01-07 12:32:38\",\"dictType\":\"\",\"edit\":false,\"htmlType\":\"input\",\"increment\":true,\"insert\":false,\"isIncrement\":\"1\",\"isInsert\":\"0\",\"isPk\":\"1\",\"isRequired\":\"0\",\"javaField\":\"id\",\"javaType\":\"Long\",\"list\":false,\"params\":{},\"pk\":true,\"query\":false,\"queryType\":\"EQ\",\"required\":false,\"sort\":1,\"superColumn\":false,\"tableId\":29,\"updateBy\":\"\",\"usableColumn\":false},{\"capJavaField\":\"Name\",\"columnComment\":\"设备名称\",\"columnId\":561,\"columnName\":\"name\",\"columnType\":\"varchar(200)\",\"createBy\":\"admin\",\"createTime\":\"2025-01-07 12:32:38\",\"dictType\":\"\",\"edit\":true,\"htmlType\":\"input\",\"increment\":false,\"insert\":true,\"isEdit\":\"1\",\"isIncrement\":\"0\",\"isInsert\":\"1\",\"isList\":\"1\",\"isPk\":\"0\",\"isQuery\":\"1\",\"isRequired\":\"1\",\"javaField\":\"name\",\"javaType\":\"String\",\"list\":true,\"params\":{},\"pk\":false,\"query\":true,\"queryType\":\"LIKE\",\"required\":true,\"sort\":2,\"superColumn\":false,\"tableId\":29,\"updateBy\":\"\",\"usableColumn\":false},{\"capJavaField\":\"Sn\",\"columnComment\":\"设备号\",\"columnId\":562,\"columnName\":\"sn\",\"columnType\":\"varchar(50)\",\"createBy\":\"admin\",\"createTime\":\"2025-01-07 12:32:38\",\"dictType\":\"\",\"edit\":true,\"htmlType\":\"input\",\"increment\":false,\"insert\":true,\"isEdit\":\"1\",\"isIncrement\":\"0\",\"isInsert\":\"1\",\"isList\":\"1\",\"isPk\":\"0\",\"isQuery\":\"1\",\"isRequired\":\"1\",\"javaField\":\"sn\",\"javaType\":\"String\",\"list\":true,\"params\":{},\"pk\":false,\"query\":true,\"queryType\":\"EQ\",\"required\":true,\"sort\":3,\"superColumn\":false,\"tableId\":29,\"updateBy\":\"\",\"usableColumn\":false},{\"capJavaField\":\"Longitude\",\"columnComment\":\"经度\",\"columnId\":563,\"columnName\":\"longitude\",\"columnType\":\"double\",\"createBy\":\"admin\",\"createTime\":\"2025-01-07 12:32:38\",\"dictType\":\"\",\"edit\":true,\"htmlType\":\"input\",\"increment\":false,\"insert\":true,\"isEdit\":\"1\",\"isIncrement\":\"0\",\"isInsert\":\"1\",\"isList\":\"0\",\"isPk\":\"0\",\"isQuery\":\"0\",\"isRequired\":\"1\",\"javaField\":\"longitude\",\"javaType\":\"Long\",','{\"msg\":\"操作成功\",\"code\":200}',0,NULL,'2025-01-07 13:27:24',89),(254,'字典类型',1,'com.ruoyi.web.controller.system.SysDictTypeController.add()','POST',1,'admin','研发部门','/system/dict/type','127.0.0.1','内网IP','{\"dictName\":\"监测站类型\",\"dictType\":\"station_type\",\"params\":{},\"status\":\"0\"}','{\"msg\":\"新增字典\'监测站类型\'失败，字典类型已存在\",\"code\":500}',0,NULL,'2025-01-07 13:28:42',68),(255,'字典类型',1,'com.ruoyi.web.controller.system.SysDictTypeController.add()','POST',1,'admin','研发部门','/system/dict/type','127.0.0.1','内网IP','{\"createBy\":\"admin\",\"dictName\":\"监测站类型\",\"dictType\":\"stations_type\",\"params\":{},\"status\":\"0\"}','{\"msg\":\"操作成功\",\"code\":200}',0,NULL,'2025-01-07 13:28:46',15),(256,'字典数据',1,'com.ruoyi.web.controller.system.SysDictDataController.add()','POST',1,'admin','研发部门','/system/dict/data','127.0.0.1','内网IP','{\"createBy\":\"admin\",\"default\":false,\"dictLabel\":\"工地\",\"dictSort\":1,\"dictType\":\"stations_type\",\"dictValue\":\"1\",\"listClass\":\"default\",\"params\":{},\"status\":\"0\"}','{\"msg\":\"操作成功\",\"code\":200}',0,NULL,'2025-01-07 13:29:04',20),(257,'字典数据',1,'com.ruoyi.web.controller.system.SysDictDataController.add()','POST',1,'admin','研发部门','/system/dict/data','127.0.0.1','内网IP','{\"createBy\":\"admin\",\"default\":false,\"dictLabel\":\"料场\",\"dictSort\":2,\"dictType\":\"stations_type\",\"dictValue\":\"2\",\"listClass\":\"default\",\"params\":{},\"status\":\"0\"}','{\"msg\":\"操作成功\",\"code\":200}',0,NULL,'2025-01-07 13:29:12',11),(258,'字典类型',1,'com.ruoyi.web.controller.system.SysDictTypeController.add()','POST',1,'admin','研发部门','/system/dict/type','127.0.0.1','内网IP','{\"createBy\":\"admin\",\"dictName\":\"是否按照PM10设备\",\"dictType\":\"pm10_status\",\"params\":{},\"status\":\"0\"}','{\"msg\":\"操作成功\",\"code\":200}',0,NULL,'2025-01-07 13:31:02',8),(259,'字典数据',1,'com.ruoyi.web.controller.system.SysDictDataController.add()','POST',1,'admin','研发部门','/system/dict/data','127.0.0.1','内网IP','{\"createBy\":\"admin\",\"default\":false,\"dictLabel\":\"是\",\"dictSort\":1,\"dictType\":\"pm10_status\",\"dictValue\":\"1\",\"listClass\":\"default\",\"params\":{},\"status\":\"0\"}','{\"msg\":\"操作成功\",\"code\":200}',0,NULL,'2025-01-07 13:31:13',12),(260,'字典数据',1,'com.ruoyi.web.controller.system.SysDictDataController.add()','POST',1,'admin','研发部门','/system/dict/data','127.0.0.1','内网IP','{\"createBy\":\"admin\",\"default\":false,\"dictLabel\":\"否\",\"dictSort\":2,\"dictType\":\"pm10_status\",\"dictValue\":\"2\",\"listClass\":\"default\",\"params\":{},\"status\":\"0\"}','{\"msg\":\"操作成功\",\"code\":200}',0,NULL,'2025-01-07 13:31:18',10),(261,'代码生成',6,'com.ruoyi.generator.controller.GenController.importTableSave()','POST',1,'admin','研发部门','/tool/gen/importTable','127.0.0.1','内网IP','{\"tables\":\"station\"}','{\"msg\":\"操作成功\",\"code\":200}',0,NULL,'2025-01-07 13:35:45',140),(262,'代码生成',2,'com.ruoyi.generator.controller.GenController.editSave()','PUT',1,'admin','研发部门','/tool/gen','127.0.0.1','内网IP','{\"businessName\":\"station\",\"className\":\"Station\",\"columns\":[{\"capJavaField\":\"Id\",\"columnComment\":\"主键\",\"columnId\":594,\"columnName\":\"id\",\"columnType\":\"bigint\",\"createBy\":\"admin\",\"createTime\":\"2025-01-07 13:35:44\",\"dictType\":\"\",\"edit\":false,\"htmlType\":\"input\",\"increment\":false,\"insert\":false,\"isIncrement\":\"0\",\"isInsert\":\"0\",\"isPk\":\"1\",\"isRequired\":\"0\",\"javaField\":\"id\",\"javaType\":\"Long\",\"list\":false,\"params\":{},\"pk\":true,\"query\":false,\"queryType\":\"EQ\",\"required\":false,\"sort\":1,\"superColumn\":false,\"tableId\":30,\"updateBy\":\"\",\"usableColumn\":false},{\"capJavaField\":\"StationCode\",\"columnComment\":\"站点代码\",\"columnId\":595,\"columnName\":\"station_code\",\"columnType\":\"varchar(50)\",\"createBy\":\"admin\",\"createTime\":\"2025-01-07 13:35:44\",\"dictType\":\"\",\"edit\":false,\"htmlType\":\"input\",\"increment\":false,\"insert\":false,\"isEdit\":\"0\",\"isIncrement\":\"0\",\"isInsert\":\"0\",\"isList\":\"0\",\"isPk\":\"0\",\"isQuery\":\"0\",\"isRequired\":\"0\",\"javaField\":\"stationCode\",\"javaType\":\"String\",\"list\":false,\"params\":{},\"pk\":false,\"query\":false,\"queryType\":\"EQ\",\"required\":false,\"sort\":2,\"superColumn\":false,\"tableId\":30,\"updateBy\":\"\",\"usableColumn\":false},{\"capJavaField\":\"StationName\",\"columnComment\":\"监测站名称\",\"columnId\":596,\"columnName\":\"station_name\",\"columnType\":\"varchar(150)\",\"createBy\":\"admin\",\"createTime\":\"2025-01-07 13:35:45\",\"dictType\":\"\",\"edit\":true,\"htmlType\":\"input\",\"increment\":false,\"insert\":true,\"isEdit\":\"1\",\"isIncrement\":\"0\",\"isInsert\":\"1\",\"isList\":\"1\",\"isPk\":\"0\",\"isQuery\":\"1\",\"isRequired\":\"1\",\"javaField\":\"stationName\",\"javaType\":\"String\",\"list\":true,\"params\":{},\"pk\":false,\"query\":true,\"queryType\":\"LIKE\",\"required\":true,\"sort\":3,\"superColumn\":false,\"tableId\":30,\"updateBy\":\"\",\"usableColumn\":false},{\"capJavaField\":\"RiverName\",\"columnComment\":\"河流名称\",\"columnId\":597,\"columnName\":\"river_name\",\"columnType\":\"varchar(100)\",\"createBy\":\"admin\",\"createTime\":\"2025-01-07 13:35:45\",\"dictType\":\"\",\"edit\":true,\"htmlType\":\"input\",\"increment\":false,\"insert\":true,\"isEdit\":\"1\",\"isIncrement\":\"0\",\"isInsert\":\"1\",\"isList\":\"1\",\"isPk\":\"0\",\"isQ','{\"msg\":\"操作成功\",\"code\":200}',0,NULL,'2025-01-07 13:47:01',133),(263,'字典类型',1,'com.ruoyi.web.controller.system.SysDictTypeController.add()','POST',1,'admin','研发部门','/system/dict/type','127.0.0.1','内网IP','{\"createBy\":\"admin\",\"dictName\":\"施工阶段\",\"dictType\":\"sgjd\",\"params\":{},\"status\":\"0\"}','{\"msg\":\"操作成功\",\"code\":200}',0,NULL,'2025-01-07 13:47:25',11),(264,'字典类型',2,'com.ruoyi.web.controller.system.SysDictTypeController.edit()','PUT',1,'admin','研发部门','/system/dict/type','127.0.0.1','内网IP','{\"createBy\":\"admin\",\"createTime\":\"2025-01-07 13:31:02\",\"dictId\":121,\"dictName\":\"是否安装PM10设备\",\"dictType\":\"pm10_status\",\"params\":{},\"status\":\"0\",\"updateBy\":\"admin\"}','{\"msg\":\"操作成功\",\"code\":200}',0,NULL,'2025-01-07 13:47:38',34),(265,'字典数据',1,'com.ruoyi.web.controller.system.SysDictDataController.add()','POST',1,'admin','研发部门','/system/dict/data','127.0.0.1','内网IP','{\"createBy\":\"admin\",\"default\":false,\"dictLabel\":\"土石方\",\"dictSort\":1,\"dictType\":\"sgjd\",\"dictValue\":\"1\",\"listClass\":\"default\",\"params\":{},\"status\":\"0\"}','{\"msg\":\"操作成功\",\"code\":200}',0,NULL,'2025-01-07 13:47:50',7),(266,'字典数据',1,'com.ruoyi.web.controller.system.SysDictDataController.add()','POST',1,'admin','研发部门','/system/dict/data','127.0.0.1','内网IP','{\"createBy\":\"admin\",\"default\":false,\"dictLabel\":\"打桩\",\"dictSort\":2,\"dictType\":\"sgjd\",\"dictValue\":\"2\",\"listClass\":\"default\",\"params\":{},\"status\":\"0\"}','{\"msg\":\"操作成功\",\"code\":200}',0,NULL,'2025-01-07 13:47:58',9),(267,'字典数据',1,'com.ruoyi.web.controller.system.SysDictDataController.add()','POST',1,'admin','研发部门','/system/dict/data','127.0.0.1','内网IP','{\"createBy\":\"admin\",\"default\":false,\"dictLabel\":\"结构\",\"dictSort\":3,\"dictType\":\"sgjd\",\"dictValue\":\"3\",\"listClass\":\"default\",\"params\":{},\"status\":\"0\"}','{\"msg\":\"操作成功\",\"code\":200}',0,NULL,'2025-01-07 13:48:08',10),(268,'字典数据',1,'com.ruoyi.web.controller.system.SysDictDataController.add()','POST',1,'admin','研发部门','/system/dict/data','127.0.0.1','内网IP','{\"createBy\":\"admin\",\"default\":false,\"dictLabel\":\"装修\",\"dictSort\":4,\"dictType\":\"sgjd\",\"dictValue\":\"4\",\"listClass\":\"default\",\"params\":{},\"status\":\"0\"}','{\"msg\":\"操作成功\",\"code\":200}',0,NULL,'2025-01-07 13:48:14',8),(269,'代码生成',2,'com.ruoyi.generator.controller.GenController.editSave()','PUT',1,'admin','研发部门','/tool/gen','127.0.0.1','内网IP','{\"businessName\":\"station\",\"className\":\"Station\",\"columns\":[{\"capJavaField\":\"Id\",\"columnComment\":\"主键\",\"columnId\":594,\"columnName\":\"id\",\"columnType\":\"bigint\",\"createBy\":\"admin\",\"createTime\":\"2025-01-07 13:35:44\",\"dictType\":\"\",\"edit\":false,\"htmlType\":\"input\",\"increment\":false,\"insert\":false,\"isIncrement\":\"0\",\"isInsert\":\"0\",\"isPk\":\"1\",\"isRequired\":\"0\",\"javaField\":\"id\",\"javaType\":\"Long\",\"list\":false,\"params\":{},\"pk\":true,\"query\":false,\"queryType\":\"EQ\",\"required\":false,\"sort\":1,\"superColumn\":false,\"tableId\":30,\"updateBy\":\"\",\"updateTime\":\"2025-01-07 13:47:01\",\"usableColumn\":false},{\"capJavaField\":\"StationCode\",\"columnComment\":\"站点代码\",\"columnId\":595,\"columnName\":\"station_code\",\"columnType\":\"varchar(50)\",\"createBy\":\"admin\",\"createTime\":\"2025-01-07 13:35:44\",\"dictType\":\"\",\"edit\":false,\"htmlType\":\"input\",\"increment\":false,\"insert\":false,\"isEdit\":\"0\",\"isIncrement\":\"0\",\"isInsert\":\"0\",\"isList\":\"0\",\"isPk\":\"0\",\"isQuery\":\"0\",\"isRequired\":\"0\",\"javaField\":\"stationCode\",\"javaType\":\"String\",\"list\":false,\"params\":{},\"pk\":false,\"query\":false,\"queryType\":\"EQ\",\"required\":false,\"sort\":2,\"superColumn\":false,\"tableId\":30,\"updateBy\":\"\",\"updateTime\":\"2025-01-07 13:47:01\",\"usableColumn\":false},{\"capJavaField\":\"StationName\",\"columnComment\":\"监测站名称\",\"columnId\":596,\"columnName\":\"station_name\",\"columnType\":\"varchar(150)\",\"createBy\":\"admin\",\"createTime\":\"2025-01-07 13:35:45\",\"dictType\":\"\",\"edit\":true,\"htmlType\":\"input\",\"increment\":false,\"insert\":true,\"isEdit\":\"1\",\"isIncrement\":\"0\",\"isInsert\":\"1\",\"isList\":\"1\",\"isPk\":\"0\",\"isQuery\":\"1\",\"isRequired\":\"1\",\"javaField\":\"stationName\",\"javaType\":\"String\",\"list\":true,\"params\":{},\"pk\":false,\"query\":true,\"queryType\":\"LIKE\",\"required\":true,\"sort\":3,\"superColumn\":false,\"tableId\":30,\"updateBy\":\"\",\"updateTime\":\"2025-01-07 13:47:01\",\"usableColumn\":false},{\"capJavaField\":\"RiverName\",\"columnComment\":\"河流名称\",\"columnId\":597,\"columnName\":\"river_name\",\"columnType\":\"varchar(100)\",\"createBy\":\"admin\",\"createTime\":\"2025-01-07 13:35:45\",\"dictType\":\"\",\"edit\":true,\"htmlType\":\"input\",\"','{\"msg\":\"操作成功\",\"code\":200}',0,NULL,'2025-01-07 13:48:41',136),(270,'代码生成',2,'com.ruoyi.generator.controller.GenController.editSave()','PUT',1,'admin','研发部门','/tool/gen','127.0.0.1','内网IP','{\"businessName\":\"station\",\"className\":\"Station\",\"columns\":[{\"capJavaField\":\"Id\",\"columnComment\":\"主键\",\"columnId\":594,\"columnName\":\"id\",\"columnType\":\"bigint\",\"createBy\":\"admin\",\"createTime\":\"2025-01-07 13:35:44\",\"dictType\":\"\",\"edit\":false,\"htmlType\":\"input\",\"increment\":false,\"insert\":false,\"isIncrement\":\"0\",\"isInsert\":\"0\",\"isPk\":\"1\",\"isRequired\":\"0\",\"javaField\":\"id\",\"javaType\":\"Long\",\"list\":false,\"params\":{},\"pk\":true,\"query\":false,\"queryType\":\"EQ\",\"required\":false,\"sort\":1,\"superColumn\":false,\"tableId\":30,\"updateBy\":\"\",\"updateTime\":\"2025-01-07 13:48:40\",\"usableColumn\":false},{\"capJavaField\":\"StationCode\",\"columnComment\":\"站点代码\",\"columnId\":595,\"columnName\":\"station_code\",\"columnType\":\"varchar(50)\",\"createBy\":\"admin\",\"createTime\":\"2025-01-07 13:35:44\",\"dictType\":\"\",\"edit\":false,\"htmlType\":\"input\",\"increment\":false,\"insert\":false,\"isEdit\":\"0\",\"isIncrement\":\"0\",\"isInsert\":\"0\",\"isList\":\"0\",\"isPk\":\"0\",\"isQuery\":\"0\",\"isRequired\":\"0\",\"javaField\":\"stationCode\",\"javaType\":\"String\",\"list\":false,\"params\":{},\"pk\":false,\"query\":false,\"queryType\":\"EQ\",\"required\":false,\"sort\":2,\"superColumn\":false,\"tableId\":30,\"updateBy\":\"\",\"updateTime\":\"2025-01-07 13:48:40\",\"usableColumn\":false},{\"capJavaField\":\"StationName\",\"columnComment\":\"监测站名称\",\"columnId\":596,\"columnName\":\"station_name\",\"columnType\":\"varchar(150)\",\"createBy\":\"admin\",\"createTime\":\"2025-01-07 13:35:45\",\"dictType\":\"\",\"edit\":true,\"htmlType\":\"input\",\"increment\":false,\"insert\":true,\"isEdit\":\"1\",\"isIncrement\":\"0\",\"isInsert\":\"1\",\"isList\":\"1\",\"isPk\":\"0\",\"isQuery\":\"1\",\"isRequired\":\"1\",\"javaField\":\"stationName\",\"javaType\":\"String\",\"list\":true,\"params\":{},\"pk\":false,\"query\":true,\"queryType\":\"LIKE\",\"required\":true,\"sort\":3,\"superColumn\":false,\"tableId\":30,\"updateBy\":\"\",\"updateTime\":\"2025-01-07 13:48:40\",\"usableColumn\":false},{\"capJavaField\":\"RiverName\",\"columnComment\":\"河流名称\",\"columnId\":597,\"columnName\":\"river_name\",\"columnType\":\"varchar(100)\",\"createBy\":\"admin\",\"createTime\":\"2025-01-07 13:35:45\",\"dictType\":\"\",\"edit\":true,\"htmlType\":\"input\",\"','{\"msg\":\"操作成功\",\"code\":200}',0,NULL,'2025-01-07 13:49:44',101),(271,'代码生成',6,'com.ruoyi.generator.controller.GenController.importTableSave()','POST',1,'admin','研发部门','/tool/gen/importTable','127.0.0.1','内网IP','{\"tables\":\"station_hours\"}','{\"msg\":\"操作成功\",\"code\":200}',0,NULL,'2025-01-07 14:00:25',101),(272,'代码生成',3,'com.ruoyi.generator.controller.GenController.remove()','DELETE',1,'admin','研发部门','/tool/gen/31','127.0.0.1','内网IP','[31]','{\"msg\":\"操作成功\",\"code\":200}',0,NULL,'2025-01-07 14:04:14',41),(273,'代码生成',6,'com.ruoyi.generator.controller.GenController.importTableSave()','POST',1,'admin','研发部门','/tool/gen/importTable','127.0.0.1','内网IP','{\"tables\":\"station_hours\"}','{\"msg\":\"操作成功\",\"code\":200}',0,NULL,'2025-01-07 14:06:10',89),(274,'代码生成',3,'com.ruoyi.generator.controller.GenController.remove()','DELETE',1,'admin','研发部门','/tool/gen/32','127.0.0.1','内网IP','[32]','{\"msg\":\"操作成功\",\"code\":200}',0,NULL,'2025-01-07 14:11:04',12),(275,'代码生成',6,'com.ruoyi.generator.controller.GenController.importTableSave()','POST',1,'admin','研发部门','/tool/gen/importTable','127.0.0.1','内网IP','{\"tables\":\"data_query_check\"}','{\"msg\":\"操作成功\",\"code\":200}',0,NULL,'2025-01-07 14:15:44',101),(276,'代码生成',2,'com.ruoyi.generator.controller.GenController.editSave()','PUT',1,'admin','研发部门','/tool/gen','127.0.0.1','内网IP','{\"businessName\":\"check\",\"className\":\"DataQueryCheck\",\"columns\":[{\"capJavaField\":\"Id\",\"columnComment\":\"主键id\",\"columnId\":715,\"columnName\":\"id\",\"columnType\":\"bigint\",\"createBy\":\"admin\",\"createTime\":\"2025-01-07 14:15:44\",\"dictType\":\"\",\"edit\":false,\"htmlType\":\"input\",\"increment\":true,\"insert\":false,\"isIncrement\":\"1\",\"isInsert\":\"0\",\"isPk\":\"1\",\"isRequired\":\"0\",\"javaField\":\"id\",\"javaType\":\"Long\",\"list\":false,\"params\":{},\"pk\":true,\"query\":false,\"queryType\":\"EQ\",\"required\":false,\"sort\":1,\"superColumn\":false,\"tableId\":33,\"updateBy\":\"\",\"usableColumn\":false},{\"capJavaField\":\"DeviceId\",\"columnComment\":\"设备id\",\"columnId\":716,\"columnName\":\"device_id\",\"columnType\":\"bigint\",\"createBy\":\"admin\",\"createTime\":\"2025-01-07 14:15:44\",\"dictType\":\"\",\"edit\":true,\"htmlType\":\"input\",\"increment\":false,\"insert\":true,\"isEdit\":\"1\",\"isIncrement\":\"0\",\"isInsert\":\"1\",\"isList\":\"1\",\"isPk\":\"0\",\"isQuery\":\"1\",\"isRequired\":\"1\",\"javaField\":\"deviceId\",\"javaType\":\"Long\",\"list\":true,\"params\":{},\"pk\":false,\"query\":true,\"queryType\":\"EQ\",\"required\":true,\"sort\":2,\"superColumn\":false,\"tableId\":33,\"updateBy\":\"\",\"usableColumn\":false},{\"capJavaField\":\"DeviceName\",\"columnComment\":\"设备名称\",\"columnId\":717,\"columnName\":\"device_name\",\"columnType\":\"varchar(100)\",\"createBy\":\"admin\",\"createTime\":\"2025-01-07 14:15:44\",\"dictType\":\"\",\"edit\":true,\"htmlType\":\"input\",\"increment\":false,\"insert\":true,\"isEdit\":\"1\",\"isIncrement\":\"0\",\"isInsert\":\"1\",\"isList\":\"1\",\"isPk\":\"0\",\"isQuery\":\"1\",\"isRequired\":\"1\",\"javaField\":\"deviceName\",\"javaType\":\"String\",\"list\":true,\"params\":{},\"pk\":false,\"query\":true,\"queryType\":\"LIKE\",\"required\":true,\"sort\":3,\"superColumn\":false,\"tableId\":33,\"updateBy\":\"\",\"usableColumn\":false},{\"capJavaField\":\"Date\",\"columnComment\":\"日期\",\"columnId\":718,\"columnName\":\"date\",\"columnType\":\"datetime\",\"createBy\":\"admin\",\"createTime\":\"2025-01-07 14:15:44\",\"dictType\":\"\",\"edit\":true,\"htmlType\":\"datetime\",\"increment\":false,\"insert\":true,\"isEdit\":\"1\",\"isIncrement\":\"0\",\"isInsert\":\"1\",\"isList\":\"1\",\"isPk\":\"0\",\"isQuery\":\"1\",\"isRequired\":\"1\",\"javaF','{\"msg\":\"操作成功\",\"code\":200}',0,NULL,'2025-01-07 14:19:29',51),(277,'代码生成',6,'com.ruoyi.generator.controller.GenController.importTableSave()','POST',1,'admin','研发部门','/tool/gen/importTable','127.0.0.1','内网IP','{\"tables\":\"data_query_country\"}','{\"msg\":\"操作成功\",\"code\":200}',0,NULL,'2025-01-07 14:21:03',77),(278,'代码生成',2,'com.ruoyi.generator.controller.GenController.editSave()','PUT',1,'admin','研发部门','/tool/gen','127.0.0.1','内网IP','{\"businessName\":\"country\",\"className\":\"DataQueryCountry\",\"columns\":[{\"capJavaField\":\"Id\",\"columnComment\":\"主键id\",\"columnId\":748,\"columnName\":\"id\",\"columnType\":\"bigint\",\"createBy\":\"admin\",\"createTime\":\"2025-01-07 14:21:03\",\"dictType\":\"\",\"edit\":false,\"htmlType\":\"input\",\"increment\":true,\"insert\":false,\"isIncrement\":\"1\",\"isInsert\":\"0\",\"isPk\":\"1\",\"isRequired\":\"0\",\"javaField\":\"id\",\"javaType\":\"Long\",\"list\":false,\"params\":{},\"pk\":true,\"query\":false,\"queryType\":\"EQ\",\"required\":false,\"sort\":1,\"superColumn\":false,\"tableId\":34,\"updateBy\":\"\",\"usableColumn\":false},{\"capJavaField\":\"StationId\",\"columnComment\":\"站点id\",\"columnId\":749,\"columnName\":\"station_id\",\"columnType\":\"bigint\",\"createBy\":\"admin\",\"createTime\":\"2025-01-07 14:21:03\",\"dictType\":\"\",\"edit\":true,\"htmlType\":\"input\",\"increment\":false,\"insert\":true,\"isEdit\":\"1\",\"isIncrement\":\"0\",\"isInsert\":\"1\",\"isList\":\"1\",\"isPk\":\"0\",\"isQuery\":\"1\",\"isRequired\":\"1\",\"javaField\":\"stationId\",\"javaType\":\"Long\",\"list\":true,\"params\":{},\"pk\":false,\"query\":true,\"queryType\":\"EQ\",\"required\":true,\"sort\":2,\"superColumn\":false,\"tableId\":34,\"updateBy\":\"\",\"usableColumn\":false},{\"capJavaField\":\"StationName\",\"columnComment\":\"站点名称\",\"columnId\":750,\"columnName\":\"station_name\",\"columnType\":\"varchar(100)\",\"createBy\":\"admin\",\"createTime\":\"2025-01-07 14:21:03\",\"dictType\":\"\",\"edit\":true,\"htmlType\":\"input\",\"increment\":false,\"insert\":true,\"isEdit\":\"1\",\"isIncrement\":\"0\",\"isInsert\":\"1\",\"isList\":\"1\",\"isPk\":\"0\",\"isQuery\":\"1\",\"isRequired\":\"1\",\"javaField\":\"stationName\",\"javaType\":\"String\",\"list\":true,\"params\":{},\"pk\":false,\"query\":true,\"queryType\":\"LIKE\",\"required\":true,\"sort\":3,\"superColumn\":false,\"tableId\":34,\"updateBy\":\"\",\"usableColumn\":false},{\"capJavaField\":\"Date\",\"columnComment\":\"日期\",\"columnId\":751,\"columnName\":\"date\",\"columnType\":\"datetime\",\"createBy\":\"admin\",\"createTime\":\"2025-01-07 14:21:03\",\"dictType\":\"\",\"edit\":true,\"htmlType\":\"datetime\",\"increment\":false,\"insert\":true,\"isEdit\":\"1\",\"isIncrement\":\"0\",\"isInsert\":\"1\",\"isList\":\"1\",\"isPk\":\"0\",\"isQuery\":\"1\",\"isRequired\":','{\"msg\":\"操作成功\",\"code\":200}',0,NULL,'2025-01-07 14:25:43',76),(279,'代码生成',2,'com.ruoyi.generator.controller.GenController.editSave()','PUT',1,'admin','研发部门','/tool/gen','127.0.0.1','内网IP','{\"businessName\":\"country\",\"className\":\"DataQueryCountry\",\"columns\":[{\"capJavaField\":\"Id\",\"columnComment\":\"主键id\",\"columnId\":748,\"columnName\":\"id\",\"columnType\":\"bigint\",\"createBy\":\"admin\",\"createTime\":\"2025-01-07 14:21:03\",\"dictType\":\"\",\"edit\":false,\"htmlType\":\"input\",\"increment\":true,\"insert\":false,\"isIncrement\":\"1\",\"isInsert\":\"0\",\"isPk\":\"1\",\"isRequired\":\"0\",\"javaField\":\"id\",\"javaType\":\"Long\",\"list\":false,\"params\":{},\"pk\":true,\"query\":false,\"queryType\":\"EQ\",\"required\":false,\"sort\":1,\"superColumn\":false,\"tableId\":34,\"updateBy\":\"\",\"updateTime\":\"2025-01-07 14:25:43\",\"usableColumn\":false},{\"capJavaField\":\"StationId\",\"columnComment\":\"站点id\",\"columnId\":749,\"columnName\":\"station_id\",\"columnType\":\"bigint\",\"createBy\":\"admin\",\"createTime\":\"2025-01-07 14:21:03\",\"dictType\":\"\",\"edit\":true,\"htmlType\":\"input\",\"increment\":false,\"insert\":true,\"isEdit\":\"1\",\"isIncrement\":\"0\",\"isInsert\":\"1\",\"isList\":\"1\",\"isPk\":\"0\",\"isQuery\":\"1\",\"isRequired\":\"1\",\"javaField\":\"stationId\",\"javaType\":\"Long\",\"list\":true,\"params\":{},\"pk\":false,\"query\":true,\"queryType\":\"EQ\",\"required\":true,\"sort\":2,\"superColumn\":false,\"tableId\":34,\"updateBy\":\"\",\"updateTime\":\"2025-01-07 14:25:43\",\"usableColumn\":false},{\"capJavaField\":\"StationName\",\"columnComment\":\"站点名称\",\"columnId\":750,\"columnName\":\"station_name\",\"columnType\":\"varchar(100)\",\"createBy\":\"admin\",\"createTime\":\"2025-01-07 14:21:03\",\"dictType\":\"\",\"edit\":true,\"htmlType\":\"input\",\"increment\":false,\"insert\":true,\"isEdit\":\"1\",\"isIncrement\":\"0\",\"isInsert\":\"1\",\"isList\":\"1\",\"isPk\":\"0\",\"isQuery\":\"1\",\"isRequired\":\"1\",\"javaField\":\"stationName\",\"javaType\":\"String\",\"list\":true,\"params\":{},\"pk\":false,\"query\":true,\"queryType\":\"LIKE\",\"required\":true,\"sort\":3,\"superColumn\":false,\"tableId\":34,\"updateBy\":\"\",\"updateTime\":\"2025-01-07 14:25:43\",\"usableColumn\":false},{\"capJavaField\":\"Date\",\"columnComment\":\"日期\",\"columnId\":751,\"columnName\":\"date\",\"columnType\":\"datetime\",\"createBy\":\"admin\",\"createTime\":\"2025-01-07 14:21:03\",\"dictType\":\"\",\"edit\":true,\"htmlType\":\"datetime\",\"increment\":false,\"inser','{\"msg\":\"操作成功\",\"code\":200}',0,NULL,'2025-01-07 14:25:50',53),(280,'代码生成',2,'com.ruoyi.generator.controller.GenController.editSave()','PUT',1,'admin','研发部门','/tool/gen','127.0.0.1','内网IP','{\"businessName\":\"check\",\"className\":\"DataQueryCheck\",\"columns\":[{\"capJavaField\":\"Id\",\"columnComment\":\"主键id\",\"columnId\":715,\"columnName\":\"id\",\"columnType\":\"bigint\",\"createBy\":\"admin\",\"createTime\":\"2025-01-07 14:15:44\",\"dictType\":\"\",\"edit\":false,\"htmlType\":\"input\",\"increment\":true,\"insert\":false,\"isIncrement\":\"1\",\"isInsert\":\"0\",\"isPk\":\"1\",\"isRequired\":\"0\",\"javaField\":\"id\",\"javaType\":\"Long\",\"list\":false,\"params\":{},\"pk\":true,\"query\":false,\"queryType\":\"EQ\",\"required\":false,\"sort\":1,\"superColumn\":false,\"tableId\":33,\"updateBy\":\"\",\"updateTime\":\"2025-01-07 14:19:29\",\"usableColumn\":false},{\"capJavaField\":\"DeviceId\",\"columnComment\":\"设备id\",\"columnId\":716,\"columnName\":\"device_id\",\"columnType\":\"bigint\",\"createBy\":\"admin\",\"createTime\":\"2025-01-07 14:15:44\",\"dictType\":\"\",\"edit\":true,\"htmlType\":\"input\",\"increment\":false,\"insert\":true,\"isEdit\":\"1\",\"isIncrement\":\"0\",\"isInsert\":\"1\",\"isList\":\"1\",\"isPk\":\"0\",\"isQuery\":\"1\",\"isRequired\":\"1\",\"javaField\":\"deviceId\",\"javaType\":\"Long\",\"list\":true,\"params\":{},\"pk\":false,\"query\":true,\"queryType\":\"EQ\",\"required\":true,\"sort\":2,\"superColumn\":false,\"tableId\":33,\"updateBy\":\"\",\"updateTime\":\"2025-01-07 14:19:29\",\"usableColumn\":false},{\"capJavaField\":\"DeviceName\",\"columnComment\":\"设备名称\",\"columnId\":717,\"columnName\":\"device_name\",\"columnType\":\"varchar(100)\",\"createBy\":\"admin\",\"createTime\":\"2025-01-07 14:15:44\",\"dictType\":\"\",\"edit\":true,\"htmlType\":\"input\",\"increment\":false,\"insert\":true,\"isEdit\":\"1\",\"isIncrement\":\"0\",\"isInsert\":\"1\",\"isList\":\"1\",\"isPk\":\"0\",\"isQuery\":\"1\",\"isRequired\":\"1\",\"javaField\":\"deviceName\",\"javaType\":\"String\",\"list\":true,\"params\":{},\"pk\":false,\"query\":true,\"queryType\":\"LIKE\",\"required\":true,\"sort\":3,\"superColumn\":false,\"tableId\":33,\"updateBy\":\"\",\"updateTime\":\"2025-01-07 14:19:29\",\"usableColumn\":false},{\"capJavaField\":\"Date\",\"columnComment\":\"日期\",\"columnId\":718,\"columnName\":\"date\",\"columnType\":\"datetime\",\"createBy\":\"admin\",\"createTime\":\"2025-01-07 14:15:44\",\"dictType\":\"\",\"edit\":true,\"htmlType\":\"datetime\",\"increment\":false,\"insert\":true,\"i','{\"msg\":\"操作成功\",\"code\":200}',0,NULL,'2025-01-07 14:26:02',67),(281,'代码生成',6,'com.ruoyi.generator.controller.GenController.importTableSave()','POST',1,'admin','研发部门','/tool/gen/importTable','127.0.0.1','内网IP','{\"tables\":\"data_query212\"}','{\"msg\":\"操作成功\",\"code\":200}',0,NULL,'2025-01-07 14:30:21',70),(282,'代码生成',3,'com.ruoyi.generator.controller.GenController.remove()','DELETE',1,'admin','研发部门','/tool/gen/35','127.0.0.1','内网IP','[35]','{\"msg\":\"操作成功\",\"code\":200}',0,NULL,'2025-01-07 14:31:02',14),(283,'代码生成',6,'com.ruoyi.generator.controller.GenController.importTableSave()','POST',1,'admin','研发部门','/tool/gen/importTable','127.0.0.1','内网IP','{\"tables\":\"data_query212\"}','{\"msg\":\"操作成功\",\"code\":200}',0,NULL,'2025-01-07 14:31:34',93),(284,'代码生成',2,'com.ruoyi.generator.controller.GenController.editSave()','PUT',1,'admin','研发部门','/tool/gen','127.0.0.1','内网IP','{\"businessName\":\"query212\",\"className\":\"DataQuery212\",\"columns\":[{\"capJavaField\":\"Id\",\"columnComment\":\"主键id\",\"columnId\":816,\"columnName\":\"id\",\"columnType\":\"bigint\",\"createBy\":\"admin\",\"createTime\":\"2025-01-07 14:31:34\",\"dictType\":\"\",\"edit\":false,\"htmlType\":\"input\",\"increment\":true,\"insert\":false,\"isIncrement\":\"1\",\"isInsert\":\"0\",\"isPk\":\"1\",\"isRequired\":\"0\",\"javaField\":\"id\",\"javaType\":\"Long\",\"list\":false,\"params\":{},\"pk\":true,\"query\":false,\"queryType\":\"EQ\",\"required\":false,\"sort\":1,\"superColumn\":false,\"tableId\":36,\"updateBy\":\"\",\"usableColumn\":false},{\"capJavaField\":\"DeviceId\",\"columnComment\":\"设备id\",\"columnId\":817,\"columnName\":\"device_id\",\"columnType\":\"bigint\",\"createBy\":\"admin\",\"createTime\":\"2025-01-07 14:31:34\",\"dictType\":\"\",\"edit\":true,\"htmlType\":\"select\",\"increment\":false,\"insert\":true,\"isEdit\":\"1\",\"isIncrement\":\"0\",\"isInsert\":\"1\",\"isList\":\"1\",\"isPk\":\"0\",\"isQuery\":\"1\",\"isRequired\":\"0\",\"javaField\":\"deviceId\",\"javaType\":\"Long\",\"list\":true,\"params\":{},\"pk\":false,\"query\":true,\"queryType\":\"EQ\",\"required\":false,\"sort\":2,\"superColumn\":false,\"tableId\":36,\"updateBy\":\"\",\"usableColumn\":false},{\"capJavaField\":\"DeviceName\",\"columnComment\":\"设备名称\",\"columnId\":818,\"columnName\":\"device_name\",\"columnType\":\"varchar(100)\",\"createBy\":\"admin\",\"createTime\":\"2025-01-07 14:31:34\",\"dictType\":\"\",\"edit\":true,\"htmlType\":\"input\",\"increment\":false,\"insert\":true,\"isEdit\":\"1\",\"isIncrement\":\"0\",\"isInsert\":\"1\",\"isList\":\"1\",\"isPk\":\"0\",\"isQuery\":\"1\",\"isRequired\":\"1\",\"javaField\":\"deviceName\",\"javaType\":\"String\",\"list\":true,\"params\":{},\"pk\":false,\"query\":true,\"queryType\":\"LIKE\",\"required\":true,\"sort\":3,\"superColumn\":false,\"tableId\":36,\"updateBy\":\"\",\"usableColumn\":false},{\"capJavaField\":\"Date\",\"columnComment\":\"日期\",\"columnId\":819,\"columnName\":\"date\",\"columnType\":\"datetime\",\"createBy\":\"admin\",\"createTime\":\"2025-01-07 14:31:34\",\"dictType\":\"\",\"edit\":false,\"htmlType\":\"datetime\",\"increment\":false,\"insert\":false,\"isEdit\":\"0\",\"isIncrement\":\"0\",\"isInsert\":\"0\",\"isList\":\"0\",\"isPk\":\"0\",\"isQuery\":\"0\",\"isRequired\":\"0\",\"','{\"msg\":\"操作成功\",\"code\":200}',0,NULL,'2025-01-07 14:35:51',51),(285,'代码生成',8,'com.ruoyi.generator.controller.GenController.batchGenCode()','GET',1,'admin','研发部门','/tool/gen/batchGenCode','127.0.0.1','内网IP','{\"tables\":\"alarm_data,alarm_remind,alarm_info,data_calibration,interface_log,project,enterprise_list,device,station,data_query_check,data_query_country,data_query212\"}',NULL,0,NULL,'2025-01-07 14:37:23',1236),(286,'菜单管理',3,'com.ruoyi.web.controller.system.SysMenuController.remove()','DELETE',1,'admin','研发部门','/system/menu/2020','127.0.0.1','内网IP','2020','{\"msg\":\"操作成功\",\"code\":200}',0,NULL,'2025-01-07 14:46:50',37),(287,'菜单管理',3,'com.ruoyi.web.controller.system.SysMenuController.remove()','DELETE',1,'admin','研发部门','/system/menu/2021','127.0.0.1','内网IP','2021','{\"msg\":\"操作成功\",\"code\":200}',0,NULL,'2025-01-07 14:46:52',19),(288,'菜单管理',3,'com.ruoyi.web.controller.system.SysMenuController.remove()','DELETE',1,'admin','研发部门','/system/menu/2022','127.0.0.1','内网IP','2022','{\"msg\":\"操作成功\",\"code\":200}',0,NULL,'2025-01-07 14:46:54',13),(289,'菜单管理',3,'com.ruoyi.web.controller.system.SysMenuController.remove()','DELETE',1,'admin','研发部门','/system/menu/2023','127.0.0.1','内网IP','2023','{\"msg\":\"操作成功\",\"code\":200}',0,NULL,'2025-01-07 14:46:56',20),(290,'菜单管理',3,'com.ruoyi.web.controller.system.SysMenuController.remove()','DELETE',1,'admin','研发部门','/system/menu/2024','127.0.0.1','内网IP','2024','{\"msg\":\"操作成功\",\"code\":200}',0,NULL,'2025-01-07 14:46:58',18),(291,'菜单管理',3,'com.ruoyi.web.controller.system.SysMenuController.remove()','DELETE',1,'admin','研发部门','/system/menu/2019','127.0.0.1','内网IP','2019','{\"msg\":\"操作成功\",\"code\":200}',0,NULL,'2025-01-07 14:47:01',15),(292,'菜单管理',2,'com.ruoyi.web.controller.system.SysMenuController.edit()','PUT',1,'admin','研发部门','/system/menu','127.0.0.1','内网IP','{\"children\":[],\"component\":\"runda/country/index\",\"createTime\":\"2025-01-07 14:38:35\",\"icon\":\"#\",\"isCache\":\"0\",\"isFrame\":\"1\",\"menuId\":2025,\"menuName\":\"国控数据查询\",\"menuType\":\"C\",\"orderNum\":1,\"params\":{},\"parentId\":2007,\"path\":\"country\",\"perms\":\"runda:country:list\",\"routeName\":\"\",\"status\":\"0\",\"updateBy\":\"admin\",\"visible\":\"0\"}','{\"msg\":\"操作成功\",\"code\":200}',0,NULL,'2025-01-07 14:47:14',23),(293,'菜单管理',3,'com.ruoyi.web.controller.system.SysMenuController.remove()','DELETE',1,'admin','研发部门','/system/menu/2009','127.0.0.1','内网IP','2009','{\"msg\":\"操作成功\",\"code\":200}',0,NULL,'2025-01-07 14:47:20',18),(294,'菜单管理',2,'com.ruoyi.web.controller.system.SysMenuController.edit()','PUT',1,'admin','研发部门','/system/menu','127.0.0.1','内网IP','{\"children\":[],\"component\":\"runda/list/index\",\"createTime\":\"2025-01-07 14:39:07\",\"icon\":\"#\",\"isCache\":\"0\",\"isFrame\":\"1\",\"menuId\":2049,\"menuName\":\"单位名录\",\"menuType\":\"C\",\"orderNum\":1,\"params\":{},\"parentId\":2008,\"path\":\"list\",\"perms\":\"runda:list:list\",\"routeName\":\"\",\"status\":\"0\",\"updateBy\":\"admin\",\"visible\":\"0\"}','{\"msg\":\"操作成功\",\"code\":200}',0,NULL,'2025-01-07 15:03:14',27),(295,'代码生成',2,'com.ruoyi.generator.controller.GenController.editSave()','PUT',1,'admin','研发部门','/tool/gen','127.0.0.1','内网IP','{\"businessName\":\"check\",\"className\":\"DataQueryCheck\",\"columns\":[{\"capJavaField\":\"Id\",\"columnComment\":\"主键id\",\"columnId\":715,\"columnName\":\"id\",\"columnType\":\"bigint\",\"createBy\":\"admin\",\"createTime\":\"2025-01-07 14:15:44\",\"dictType\":\"\",\"edit\":false,\"htmlType\":\"input\",\"increment\":true,\"insert\":false,\"isIncrement\":\"1\",\"isInsert\":\"0\",\"isPk\":\"1\",\"isRequired\":\"0\",\"javaField\":\"id\",\"javaType\":\"Long\",\"list\":false,\"params\":{},\"pk\":true,\"query\":false,\"queryType\":\"EQ\",\"required\":false,\"sort\":1,\"superColumn\":false,\"tableId\":33,\"updateBy\":\"\",\"updateTime\":\"2025-01-07 14:26:02\",\"usableColumn\":false},{\"capJavaField\":\"DeviceId\",\"columnComment\":\"设备id\",\"columnId\":716,\"columnName\":\"device_id\",\"columnType\":\"bigint\",\"createBy\":\"admin\",\"createTime\":\"2025-01-07 14:15:44\",\"dictType\":\"\",\"edit\":true,\"htmlType\":\"input\",\"increment\":false,\"insert\":true,\"isEdit\":\"1\",\"isIncrement\":\"0\",\"isInsert\":\"1\",\"isList\":\"1\",\"isPk\":\"0\",\"isQuery\":\"1\",\"isRequired\":\"1\",\"javaField\":\"deviceId\",\"javaType\":\"Long\",\"list\":true,\"params\":{},\"pk\":false,\"query\":true,\"queryType\":\"EQ\",\"required\":true,\"sort\":2,\"superColumn\":false,\"tableId\":33,\"updateBy\":\"\",\"updateTime\":\"2025-01-07 14:26:02\",\"usableColumn\":false},{\"capJavaField\":\"DeviceName\",\"columnComment\":\"设备名称\",\"columnId\":717,\"columnName\":\"device_name\",\"columnType\":\"varchar(100)\",\"createBy\":\"admin\",\"createTime\":\"2025-01-07 14:15:44\",\"dictType\":\"\",\"edit\":true,\"htmlType\":\"input\",\"increment\":false,\"insert\":true,\"isEdit\":\"1\",\"isIncrement\":\"0\",\"isInsert\":\"1\",\"isList\":\"1\",\"isPk\":\"0\",\"isQuery\":\"1\",\"isRequired\":\"1\",\"javaField\":\"deviceName\",\"javaType\":\"String\",\"list\":true,\"params\":{},\"pk\":false,\"query\":true,\"queryType\":\"LIKE\",\"required\":true,\"sort\":3,\"superColumn\":false,\"tableId\":33,\"updateBy\":\"\",\"updateTime\":\"2025-01-07 14:26:02\",\"usableColumn\":false},{\"capJavaField\":\"Date\",\"columnComment\":\"日期\",\"columnId\":718,\"columnName\":\"date\",\"columnType\":\"datetime\",\"createBy\":\"admin\",\"createTime\":\"2025-01-07 14:15:44\",\"dictType\":\"\",\"edit\":true,\"htmlType\":\"datetime\",\"increment\":false,\"insert\":true,\"i','{\"msg\":\"操作成功\",\"code\":200}',0,NULL,'2025-01-07 15:04:15',197),(296,'代码生成',8,'com.ruoyi.generator.controller.GenController.batchGenCode()','GET',1,'admin','研发部门','/tool/gen/batchGenCode','127.0.0.1','内网IP','{\"tables\":\"data_query_check\"}',NULL,0,NULL,'2025-01-07 15:04:20',453),(297,'国控数据查询',1,'com.ruoyi.runda.controller.DataQueryCountryController.add()','POST',1,'admin','研发部门','/runda/country','127.0.0.1','内网IP','{\"aqi\":20,\"co3Thickness\":22,\"coThickness\":24,\"date\":\"2025-01-01\",\"deviceId\":2,\"latitude\":223,\"longitude\":112,\"no2Thickness\":11,\"params\":{},\"pm\":12,\"pm10\":12,\"primaryPollutant\":\"Co\",\"so2Thickness\":13,\"stationId\":1,\"stationName\":\"张北环境分局(*)\",\"voscThickness\":12}',NULL,1,'\r\n### Error updating database.  Cause: java.sql.SQLIntegrityConstraintViolationException: Cannot add or update a child row: a foreign key constraint fails (`runda`.`data_query_country`, CONSTRAINT `data_query_station_ibfk_1` FOREIGN KEY (`device_id`) REFERENCES `device` (`id`) ON DELETE RESTRICT ON UPDATE RESTRICT)\r\n### The error may exist in file [D:\\rundaProject\\runda-main\\ruoyi-runda\\target\\classes\\mapper\\runda\\DataQueryCountryMapper.xml]\r\n### The error may involve com.ruoyi.runda.mapper.DataQueryCountryMapper.insertDataQueryCountry-Inline\r\n### The error occurred while setting parameters\r\n### SQL: insert into data_query_country          ( station_id,             station_name,             date,             aqi,                                                                                           pm,             pm10,             so2_thickness,             no2_thickness,             co_thickness,             co3_thickness,             vosc_thickness,                                                                 pm_10,                                                                 longitude,             latitude,                          primaryPollutant,             device_id )           values ( ?,             ?,             ?,             ?,                                                                                           ?,             ?,             ?,             ?,             ?,             ?,             ?,                                                                 ?,                                                                 ?,             ?,                          ?,             ? )\r\n### Cause: java.sql.SQLIntegrityConstraintViolationException: Cannot add or update a child row: a foreign key constraint fails (`runda`.`data_query_country`, CONSTRAINT `data_query_station_ibfk_1` FOREIGN KEY (`device_id`) REFERENCES `device` (`id`) ON DELETE RESTRICT ON UPDATE RESTRICT)\n; Cannot add or update a child row: a foreign key constraint f','2025-01-07 15:10:52',124),(298,'国控数据查询',1,'com.ruoyi.runda.controller.DataQueryCountryController.add()','POST',1,'admin','研发部门','/runda/country','127.0.0.1','内网IP','{\"aqi\":20,\"co3Thickness\":22,\"coThickness\":24,\"date\":\"2025-01-01\",\"deviceId\":1,\"latitude\":223,\"longitude\":112,\"no2Thickness\":11,\"params\":{},\"pm\":12,\"pm10\":12,\"primaryPollutant\":\"Co\",\"so2Thickness\":13,\"stationId\":1,\"stationName\":\"张北环境分局(*)\",\"voscThickness\":12}',NULL,1,'\r\n### Error updating database.  Cause: java.sql.SQLIntegrityConstraintViolationException: Cannot add or update a child row: a foreign key constraint fails (`runda`.`data_query_country`, CONSTRAINT `data_query_station_ibfk_1` FOREIGN KEY (`device_id`) REFERENCES `device` (`id`) ON DELETE RESTRICT ON UPDATE RESTRICT)\r\n### The error may exist in file [D:\\rundaProject\\runda-main\\ruoyi-runda\\target\\classes\\mapper\\runda\\DataQueryCountryMapper.xml]\r\n### The error may involve com.ruoyi.runda.mapper.DataQueryCountryMapper.insertDataQueryCountry-Inline\r\n### The error occurred while setting parameters\r\n### SQL: insert into data_query_country          ( station_id,             station_name,             date,             aqi,                                                                                           pm,             pm10,             so2_thickness,             no2_thickness,             co_thickness,             co3_thickness,             vosc_thickness,                                                                 pm_10,                                                                 longitude,             latitude,                          primaryPollutant,             device_id )           values ( ?,             ?,             ?,             ?,                                                                                           ?,             ?,             ?,             ?,             ?,             ?,             ?,                                                                 ?,                                                                 ?,             ?,                          ?,             ? )\r\n### Cause: java.sql.SQLIntegrityConstraintViolationException: Cannot add or update a child row: a foreign key constraint fails (`runda`.`data_query_country`, CONSTRAINT `data_query_station_ibfk_1` FOREIGN KEY (`device_id`) REFERENCES `device` (`id`) ON DELETE RESTRICT ON UPDATE RESTRICT)\n; Cannot add or update a child row: a foreign key constraint f','2025-01-07 15:11:32',22),(299,'监测站点管理',1,'com.ruoyi.runda.controller.StationController.add()','POST',1,'admin','研发部门','/runda/station','127.0.0.1','内网IP','{\"createdTime\":\"2025-01-01\",\"floorSpace\":2234,\"jgbm\":\"生态坏境局\",\"jgzr\":\"张三\",\"jgzrdh\":\"15132402725\",\"jsdwmc\":\"抚顺罕王直接还原铁有限公司拉古分公司7\",\"jstsyhydm\":\"sadasdsa1651\",\"latitude\":123,\"licensNumber\":\"asdasdasd\",\"longitude\":112,\"params\":{},\"phone\":\"15175390760\",\"sfazjcsb\":\"1\",\"sgdwmc\":\"抚顺罕王直接还原铁有限公司拉古分公司7\",\"sgtshyhdym\":\"sadasd64646\",\"sjjd\":\"1\",\"stationName\":\"合盈数据(怀来)科技产业园项目（四期第一阶段项目）\",\"stationStatus\":1,\"type\":1}',NULL,1,'\r\n### Error updating database.  Cause: java.sql.SQLException: Field \'id\' doesn\'t have a default value\r\n### The error may exist in file [D:\\rundaProject\\runda-main\\ruoyi-runda\\target\\classes\\mapper\\runda\\StationMapper.xml]\r\n### The error may involve com.ruoyi.runda.mapper.StationMapper.insertStation-Inline\r\n### The error occurred while setting parameters\r\n### SQL: insert into station          ( station_name,                                                                                                                                                                                                                                                                    created_time,                          longitude,             latitude,             type,                          station_status,             phone,                                                    floor_space,             licens_number,                          jsdwmc,             jstsyhydm,             sgdwmc,             sgtshyhdym,             jgbm,             jgzr,             jgzrdh,             sjjd,             sfazjcsb )           values ( ?,                                                                                                                                                                                                                                                                    ?,                          ?,             ?,             ?,                          ?,             ?,                                                    ?,             ?,                          ?,             ?,             ?,             ?,             ?,             ?,             ?,             ?,             ? )\r\n### Cause: java.sql.SQLException: Field \'id\' doesn\'t have a default value\n; Field \'id\' doesn\'t have a default value; nested exception is java.sql.SQLException: Field \'id\' doesn\'t have a default value','2025-01-07 15:15:09',27),(300,'告警日志',1,'com.ruoyi.runda.controller.AlarmDataController.add()','POST',1,'admin','研发部门','/runda/data','127.0.0.1','内网IP','{\"alarmParamType\":1,\"alarmType\":1,\"alarmValue\":10,\"beginTime\":\"2025-01-22\",\"deviceName\":\"合盈数据(怀来)科技产业园项目（四期第一阶段项目）\",\"endTime\":\"2025-01-08\",\"id\":1,\"params\":{},\"staName\":\"张家口\",\"standardValue\":80,\"status\":1,\"userName\":\"张家口\"}','{\"msg\":\"操作成功\",\"code\":200}',0,NULL,'2025-01-07 15:16:31',38),(301,'短信记录',1,'com.ruoyi.runda.controller.AlarmInfoController.add()','POST',1,'admin','研发部门','/runda/info','127.0.0.1','内网IP','{\"alarmType\":2,\"createDate\":\"2025-01-28 00:00:00\",\"enterpriseId\":2,\"infoStatus\":0,\"params\":{},\"phoneNumber\":\"15175390760\",\"smsMessage\":\"很好\",\"smsTem\":\"454123\",\"stationId\":2,\"userId\":3}',NULL,1,'\r\n### Error updating database.  Cause: java.sql.SQLIntegrityConstraintViolationException: Cannot add or update a child row: a foreign key constraint fails (`runda`.`alarm_info`, CONSTRAINT `alarm_info_ibfk_1` FOREIGN KEY (`user_id`) REFERENCES `sys_user` (`user_id`) ON DELETE RESTRICT ON UPDATE CASCADE)\r\n### The error may exist in file [D:\\rundaProject\\runda-main\\ruoyi-runda\\target\\classes\\mapper\\runda\\AlarmInfoMapper.xml]\r\n### The error may involve com.ruoyi.runda.mapper.AlarmInfoMapper.insertAlarmInfo-Inline\r\n### The error occurred while setting parameters\r\n### SQL: insert into alarm_info          ( user_id,                          enterprise_id,             station_id,             alarm_type,                                                    phone_number,             sms_tem,             sms_message,                                                                              info_status,             create_date )           values ( ?,                          ?,             ?,             ?,                                                    ?,             ?,             ?,                                                                              ?,             ? )\r\n### Cause: java.sql.SQLIntegrityConstraintViolationException: Cannot add or update a child row: a foreign key constraint fails (`runda`.`alarm_info`, CONSTRAINT `alarm_info_ibfk_1` FOREIGN KEY (`user_id`) REFERENCES `sys_user` (`user_id`) ON DELETE RESTRICT ON UPDATE CASCADE)\n; Cannot add or update a child row: a foreign key constraint fails (`runda`.`alarm_info`, CONSTRAINT `alarm_info_ibfk_1` FOREIGN KEY (`user_id`) REFERENCES `sys_user` (`user_id`) ON DELETE RESTRICT ON UPDATE CASCADE); nested exception is java.sql.SQLIntegrityConstraintViolationException: Cannot add or update a child row: a foreign key constraint fails (`runda`.`alarm_info`, CONSTRAINT `alarm_info_ibfk_1` FOREIGN KEY (`user_id`) REFERENCES `sys_user` (`user_id`) ON DELETE RESTRICT ON UPDATE CASCADE)','2025-01-07 15:17:20',22),(302,'告警设置',1,'com.ruoyi.runda.controller.AlarmRemindController.add()','POST',1,'admin','研发部门','/runda/remind','127.0.0.1','内网IP','{\"alarmParamType\":1,\"alarmType\":1,\"createDate\":\"2025-01-22\",\"params\":{},\"standardValue\":80,\"systemUserId\":1,\"userId\":3}',NULL,1,'\r\n### Error updating database.  Cause: java.sql.SQLIntegrityConstraintViolationException: Cannot add or update a child row: a foreign key constraint fails (`runda`.`alarm_remind`, CONSTRAINT `alarm_remind_ibfk_1` FOREIGN KEY (`user_id`) REFERENCES `sys_user` (`user_id`) ON DELETE RESTRICT ON UPDATE CASCADE)\r\n### The error may exist in file [D:\\rundaProject\\runda-main\\ruoyi-runda\\target\\classes\\mapper\\runda\\AlarmRemindMapper.xml]\r\n### The error may involve com.ruoyi.runda.mapper.AlarmRemindMapper.insertAlarmRemind-Inline\r\n### The error occurred while setting parameters\r\n### SQL: insert into alarm_remind          ( alarm_type,             alarm_param_type,                          standard_value,                                                                 user_id,                                       system_user_id,                          create_date )           values ( ?,             ?,                          ?,                                                                 ?,                                       ?,                          ? )\r\n### Cause: java.sql.SQLIntegrityConstraintViolationException: Cannot add or update a child row: a foreign key constraint fails (`runda`.`alarm_remind`, CONSTRAINT `alarm_remind_ibfk_1` FOREIGN KEY (`user_id`) REFERENCES `sys_user` (`user_id`) ON DELETE RESTRICT ON UPDATE CASCADE)\n; Cannot add or update a child row: a foreign key constraint fails (`runda`.`alarm_remind`, CONSTRAINT `alarm_remind_ibfk_1` FOREIGN KEY (`user_id`) REFERENCES `sys_user` (`user_id`) ON DELETE RESTRICT ON UPDATE CASCADE); nested exception is java.sql.SQLIntegrityConstraintViolationException: Cannot add or update a child row: a foreign key constraint fails (`runda`.`alarm_remind`, CONSTRAINT `alarm_remind_ibfk_1` FOREIGN KEY (`user_id`) REFERENCES `sys_user` (`user_id`) ON DELETE RESTRICT ON UPDATE CASCADE)','2025-01-07 15:18:00',14),(303,'告警设置',1,'com.ruoyi.runda.controller.AlarmRemindController.add()','POST',1,'admin','研发部门','/runda/remind','127.0.0.1','内网IP','{\"alarmParamType\":1,\"alarmType\":1,\"createDate\":\"2025-01-22\",\"id\":2,\"params\":{},\"standardValue\":22,\"status\":0,\"systemUserId\":1,\"userId\":2}','{\"msg\":\"操作成功\",\"code\":200}',0,NULL,'2025-01-07 15:19:00',10),(304,'数据校准管理',1,'com.ruoyi.runda.controller.DataCalibrationController.add()','POST',1,'admin','研发部门','/runda/calibration','127.0.0.1','内网IP','{\"algorithm\":\"弗洛伊德\",\"createdDate\":\"2025-01-01\",\"deviceId\":1,\"pValue\":\"12\",\"parameter\":\"12\",\"params\":{},\"userId\":2}',NULL,1,'\r\n### Error updating database.  Cause: java.sql.SQLException: Field \'id\' doesn\'t have a default value\r\n### The error may exist in file [D:\\rundaProject\\runda-main\\ruoyi-runda\\target\\classes\\mapper\\runda\\DataCalibrationMapper.xml]\r\n### The error may involve com.ruoyi.runda.mapper.DataCalibrationMapper.insertDataCalibration-Inline\r\n### The error occurred while setting parameters\r\n### SQL: insert into data_calibration          ( user_id,                                                    created_date,                          algorithm,             parameter,             p_value,             device_id )           values ( ?,                                                    ?,                          ?,             ?,             ?,             ? )\r\n### Cause: java.sql.SQLException: Field \'id\' doesn\'t have a default value\n; Field \'id\' doesn\'t have a default value; nested exception is java.sql.SQLException: Field \'id\' doesn\'t have a default value','2025-01-07 15:19:44',15),(305,'告警设置',3,'com.ruoyi.runda.controller.AlarmRemindController.remove()','DELETE',1,'admin','研发部门','/runda/remind/2','127.0.0.1','内网IP','[2]','{\"msg\":\"操作成功\",\"code\":200}',0,NULL,'2025-01-07 15:22:50',47),(306,'接口日志',1,'com.ruoyi.runda.controller.InterfaceLogController.add()','POST',1,'admin','研发部门','/runda/log','127.0.0.1','内网IP','{\"createTime\":\"2025-01-07 15:29:15\",\"dataCount\":11,\"deviceAddcount\":12,\"deviceUpdatecount\":12,\"id\":1,\"modifyDate\":\"2025-01-01\",\"msg\":\"很好\",\"params\":{},\"userId\":2}','{\"msg\":\"操作成功\",\"code\":200}',0,NULL,'2025-01-07 15:29:15',39),(307,'项目管理',1,'com.ruoyi.runda.controller.ProjectController.add()','POST',1,'admin','研发部门','/runda/project','127.0.0.1','内网IP','{\"code\":\"123\",\"createdTime\":\"2025-01-15\",\"id\":1,\"name\":\"嗯嗯\",\"params\":{},\"type\":\"1\",\"url\":\"/profile/upload/2025/01/07/qq_20250107153116A001.jpg\"}','{\"msg\":\"操作成功\",\"code\":200}',0,NULL,'2025-01-07 15:31:22',18),(308,'项目管理',3,'com.ruoyi.runda.controller.ProjectController.remove()','DELETE',1,'admin','研发部门','/runda/project/1','127.0.0.1','内网IP','[1]','{\"msg\":\"操作成功\",\"code\":200}',0,NULL,'2025-01-07 15:31:26',22),(309,'单位名录',1,'com.ruoyi.runda.controller.EnterpriseListController.add()','POST',1,'admin','研发部门','/runda/list','127.0.0.1','内网IP','{\"addr\":\"嗯嗯\",\"createTime\":\"2025-01-07 15:32:00\",\"heatSource\":\"额\",\"lastUpdatedTime\":\"2025-01-22\",\"monitorCategory\":1,\"name\":\"嗯嗯\",\"params\":{},\"phone\":\"12312312312312\",\"polluteAir\":\"额\",\"polluteGoods\":\"嗯嗯\",\"polluteSolid\":\"额\",\"polluteWater\":\"额\",\"stationId\":123,\"systemUserId\":1}',NULL,1,'\r\n### Error updating database.  Cause: java.sql.SQLIntegrityConstraintViolationException: Cannot add or update a child row: a foreign key constraint fails (`runda`.`enterprise_list`, CONSTRAINT `fk_enterprise_list_station` FOREIGN KEY (`station_id`) REFERENCES `station` (`id`) ON DELETE RESTRICT ON UPDATE CASCADE)\r\n### The error may exist in file [D:\\rundaProject\\runda-main\\ruoyi-runda\\target\\classes\\mapper\\runda\\EnterpriseListMapper.xml]\r\n### The error may involve com.ruoyi.runda.mapper.EnterpriseListMapper.insertEnterpriseList-Inline\r\n### The error occurred while setting parameters\r\n### SQL: insert into enterprise_list          ( name,                                       monitor_category,             addr,             phone,                                                                 create_time,             last_updated_time,                                       system_user_id,                          station_id,             polluteGoods,             heatSource,             polluteWater,             polluteAir,             polluteSolid )           values ( ?,                                       ?,             ?,             ?,                                                                 ?,             ?,                                       ?,                          ?,             ?,             ?,             ?,             ?,             ? )\r\n### Cause: java.sql.SQLIntegrityConstraintViolationException: Cannot add or update a child row: a foreign key constraint fails (`runda`.`enterprise_list`, CONSTRAINT `fk_enterprise_list_station` FOREIGN KEY (`station_id`) REFERENCES `station` (`id`) ON DELETE RESTRICT ON UPDATE CASCADE)\n; Cannot add or update a child row: a foreign key constraint fails (`runda`.`enterprise_list`, CONSTRAINT `fk_enterprise_list_station` FOREIGN KEY (`station_id`) REFERENCES `station` (`id`) ON DELETE RESTRICT ON UPDATE CASCADE); nested exception is java.sql.SQLIntegrityConstraintViolationException: Cannot add or update a chi','2025-01-07 15:32:00',35),(310,'单位名录',1,'com.ruoyi.runda.controller.EnterpriseListController.add()','POST',1,'admin','研发部门','/runda/list','127.0.0.1','内网IP','{\"addr\":\"额\",\"createTime\":\"2025-01-07 15:32:59\",\"heatSource\":\"额\",\"lastUpdatedTime\":\"2025-01-22\",\"monitorCategory\":2,\"name\":\"嗯嗯\",\"params\":{},\"phone\":\"123123\",\"polluteAir\":\"额\",\"polluteGoods\":\"额\",\"polluteSolid\":\"额\",\"polluteWater\":\"额\",\"stationId\":123123,\"systemUserId\":1}',NULL,1,'\r\n### Error updating database.  Cause: java.sql.SQLIntegrityConstraintViolationException: Cannot add or update a child row: a foreign key constraint fails (`runda`.`enterprise_list`, CONSTRAINT `fk_enterprise_list_station` FOREIGN KEY (`station_id`) REFERENCES `station` (`id`) ON DELETE RESTRICT ON UPDATE CASCADE)\r\n### The error may exist in file [D:\\rundaProject\\runda-main\\ruoyi-runda\\target\\classes\\mapper\\runda\\EnterpriseListMapper.xml]\r\n### The error may involve com.ruoyi.runda.mapper.EnterpriseListMapper.insertEnterpriseList-Inline\r\n### The error occurred while setting parameters\r\n### SQL: insert into enterprise_list          ( name,                                       monitor_category,             addr,             phone,                                                                 create_time,             last_updated_time,                                       system_user_id,                          station_id,             polluteGoods,             heatSource,             polluteWater,             polluteAir,             polluteSolid )           values ( ?,                                       ?,             ?,             ?,                                                                 ?,             ?,                                       ?,                          ?,             ?,             ?,             ?,             ?,             ? )\r\n### Cause: java.sql.SQLIntegrityConstraintViolationException: Cannot add or update a child row: a foreign key constraint fails (`runda`.`enterprise_list`, CONSTRAINT `fk_enterprise_list_station` FOREIGN KEY (`station_id`) REFERENCES `station` (`id`) ON DELETE RESTRICT ON UPDATE CASCADE)\n; Cannot add or update a child row: a foreign key constraint fails (`runda`.`enterprise_list`, CONSTRAINT `fk_enterprise_list_station` FOREIGN KEY (`station_id`) REFERENCES `station` (`id`) ON DELETE RESTRICT ON UPDATE CASCADE); nested exception is java.sql.SQLIntegrityConstraintViolationException: Cannot add or update a chi','2025-01-07 15:32:59',10),(311,'单位名录',1,'com.ruoyi.runda.controller.EnterpriseListController.add()','POST',1,'admin','研发部门','/runda/list','127.0.0.1','内网IP','{\"addr\":\"嗯嗯\",\"createTime\":\"2025-01-07 15:34:49\",\"heatSource\":\"额\",\"id\":4,\"lastUpdatedTime\":\"2025-01-23\",\"monitorCategory\":1,\"name\":\"额\",\"params\":{},\"phone\":\"213123\",\"polluteAir\":\"额\",\"polluteGoods\":\"嗯嗯\",\"polluteSolid\":\"额\",\"polluteWater\":\"额\",\"stationId\":1,\"systemUserId\":1}','{\"msg\":\"操作成功\",\"code\":200}',0,NULL,'2025-01-07 15:34:49',12),(312,'单位名录',3,'com.ruoyi.runda.controller.EnterpriseListController.remove()','DELETE',1,'admin','研发部门','/runda/list/4','127.0.0.1','内网IP','[4]','{\"msg\":\"操作成功\",\"code\":200}',0,NULL,'2025-01-07 15:34:52',10),(313,'监测设备管理设备',1,'com.ruoyi.runda.controller.DeviceController.add()','POST',1,'admin','研发部门','/runda/device','127.0.0.1','内网IP','{\"buildStatus\":2,\"createdTime\":\"2025-01-06\",\"id\":1,\"isStandard\":1,\"latitude\":123,\"longitude\":123,\"manufacturer\":\"额\",\"name\":\"额\",\"params\":{},\"phoneNumber\":\"123123\",\"sn\":\"213\",\"stationId\":1,\"status\":1,\"userId\":2}','{\"msg\":\"操作成功\",\"code\":200}',0,NULL,'2025-01-07 15:35:37',33),(314,'数据校准管理',1,'com.ruoyi.runda.controller.DataCalibrationController.add()','POST',1,'admin','研发部门','/runda/calibration','127.0.0.1','内网IP','{\"algorithm\":\"嗯嗯\",\"createdDate\":\"2025-01-07\",\"deviceId\":1,\"pValue\":\"12\",\"parameter\":\"12\",\"params\":{},\"userId\":2}',NULL,1,'\r\n### Error updating database.  Cause: java.sql.SQLException: Field \'id\' doesn\'t have a default value\r\n### The error may exist in file [D:\\rundaProject\\runda-main\\ruoyi-runda\\target\\classes\\mapper\\runda\\DataCalibrationMapper.xml]\r\n### The error may involve com.ruoyi.runda.mapper.DataCalibrationMapper.insertDataCalibration-Inline\r\n### The error occurred while setting parameters\r\n### SQL: insert into data_calibration          ( user_id,                                                    created_date,                          algorithm,             parameter,             p_value,             device_id )           values ( ?,                                                    ?,                          ?,             ?,             ?,             ? )\r\n### Cause: java.sql.SQLException: Field \'id\' doesn\'t have a default value\n; Field \'id\' doesn\'t have a default value; nested exception is java.sql.SQLException: Field \'id\' doesn\'t have a default value','2025-01-07 15:36:03',7),(315,'数据校准管理',1,'com.ruoyi.runda.controller.DataCalibrationController.add()','POST',1,'admin','研发部门','/runda/calibration','127.0.0.1','内网IP','{\"algorithm\":\"嗯嗯\",\"createdDate\":\"2025-01-07\",\"deviceId\":1,\"pValue\":\"12\",\"parameter\":\"12\",\"params\":{},\"remark\":\"额\",\"userId\":2}',NULL,1,'\r\n### Error updating database.  Cause: java.sql.SQLException: Field \'id\' doesn\'t have a default value\r\n### The error may exist in file [D:\\rundaProject\\runda-main\\ruoyi-runda\\target\\classes\\mapper\\runda\\DataCalibrationMapper.xml]\r\n### The error may involve com.ruoyi.runda.mapper.DataCalibrationMapper.insertDataCalibration-Inline\r\n### The error occurred while setting parameters\r\n### SQL: insert into data_calibration          ( user_id,                                                    created_date,             remark,             algorithm,             parameter,             p_value,             device_id )           values ( ?,                                                    ?,             ?,             ?,             ?,             ?,             ? )\r\n### Cause: java.sql.SQLException: Field \'id\' doesn\'t have a default value\n; Field \'id\' doesn\'t have a default value; nested exception is java.sql.SQLException: Field \'id\' doesn\'t have a default value','2025-01-07 15:36:17',9),(316,'监测设备管理设备',3,'com.ruoyi.runda.controller.DeviceController.remove()','DELETE',1,'admin','研发部门','/runda/device/1','127.0.0.1','内网IP','[1]','{\"msg\":\"操作成功\",\"code\":200}',0,NULL,'2025-01-07 15:41:09',16),(317,'监测设备管理设备',1,'com.ruoyi.runda.controller.DeviceController.add()','POST',1,'admin','研发部门','/runda/device','127.0.0.1','内网IP','{\"createdTime\":\"2024-12-31\",\"id\":2,\"isStandard\":1,\"latitude\":12,\"longitude\":12,\"manufacturer\":\"额\",\"name\":\"额\",\"params\":{},\"phoneNumber\":\"123\",\"sn\":\"1\",\"stationId\":1,\"status\":2,\"type\":1,\"userId\":2}','{\"msg\":\"操作成功\",\"code\":200}',0,NULL,'2025-01-07 15:41:42',12),(318,'国控数据查询',1,'com.ruoyi.runda.controller.DataQueryCountryController.add()','POST',1,'admin','研发部门','/runda/country','127.0.0.1','内网IP','{\"aqi\":12,\"co3Thickness\":21,\"coThickness\":1,\"date\":\"2025-01-01\",\"deviceId\":1,\"id\":3,\"no2Thickness\":12,\"params\":{},\"pm\":12,\"pm10\":12,\"so2Thickness\":12,\"stationId\":1,\"stationName\":\"额\",\"voscThickness\":12}','{\"msg\":\"操作成功\",\"code\":200}',0,NULL,'2025-01-07 15:42:17',13),(319,'手动矫正',1,'com.ruoyi.runda.controller.DataQueryCheckController.add()','POST',1,'admin','研发部门','/runda/check','127.0.0.1','内网IP','{\"aqi\":12,\"co3Thickness\":1,\"coThickness\":1,\"date\":\"2025-01-02\",\"deviceId\":1,\"deviceName\":\"额\",\"id\":1,\"no2Thickness\":1,\"params\":{},\"pm\":1,\"pm10\":1,\"so2Thickness\":1,\"stationId\":1,\"voscThickness\":1}','{\"msg\":\"操作成功\",\"code\":200}',0,NULL,'2025-01-07 15:42:37',37),(320,'代码生成',2,'com.ruoyi.generator.controller.GenController.editSave()','PUT',1,'admin','研发部门','/tool/gen','127.0.0.1','内网IP','{\"businessName\":\"remind\",\"className\":\"AlarmRemind\",\"columns\":[{\"capJavaField\":\"Id\",\"columnComment\":\"主键\",\"columnId\":460,\"columnName\":\"id\",\"columnType\":\"bigint\",\"createBy\":\"admin\",\"createTime\":\"2025-01-07 11:27:45\",\"dictType\":\"\",\"edit\":false,\"htmlType\":\"input\",\"increment\":true,\"insert\":false,\"isIncrement\":\"1\",\"isInsert\":\"0\",\"isPk\":\"1\",\"isRequired\":\"0\",\"javaField\":\"id\",\"javaType\":\"Long\",\"list\":false,\"params\":{},\"pk\":true,\"query\":false,\"queryType\":\"EQ\",\"required\":false,\"sort\":1,\"superColumn\":false,\"tableId\":22,\"updateBy\":\"\",\"updateTime\":\"2025-01-07 11:31:18\",\"usableColumn\":false},{\"capJavaField\":\"AlarmType\",\"columnComment\":\"报警类型\",\"columnId\":461,\"columnName\":\"alarm_type\",\"columnType\":\"int\",\"createBy\":\"admin\",\"createTime\":\"2025-01-07 11:27:45\",\"dictType\":\"alarm_type\",\"edit\":true,\"htmlType\":\"select\",\"increment\":false,\"insert\":true,\"isEdit\":\"1\",\"isIncrement\":\"0\",\"isInsert\":\"1\",\"isList\":\"1\",\"isPk\":\"0\",\"isQuery\":\"1\",\"isRequired\":\"1\",\"javaField\":\"alarmType\",\"javaType\":\"Long\",\"list\":true,\"params\":{},\"pk\":false,\"query\":true,\"queryType\":\"EQ\",\"required\":true,\"sort\":2,\"superColumn\":false,\"tableId\":22,\"updateBy\":\"\",\"updateTime\":\"2025-01-07 11:31:18\",\"usableColumn\":false},{\"capJavaField\":\"AlarmParamType\",\"columnComment\":\"报警参数类型\",\"columnId\":462,\"columnName\":\"alarm_param_type\",\"columnType\":\"int\",\"createBy\":\"admin\",\"createTime\":\"2025-01-07 11:27:45\",\"dictType\":\"alarm_param_type\",\"edit\":true,\"htmlType\":\"select\",\"increment\":false,\"insert\":true,\"isEdit\":\"1\",\"isIncrement\":\"0\",\"isInsert\":\"1\",\"isList\":\"1\",\"isPk\":\"0\",\"isQuery\":\"1\",\"isRequired\":\"1\",\"javaField\":\"alarmParamType\",\"javaType\":\"Long\",\"list\":true,\"params\":{},\"pk\":false,\"query\":true,\"queryType\":\"EQ\",\"required\":true,\"sort\":3,\"superColumn\":false,\"tableId\":22,\"updateBy\":\"\",\"updateTime\":\"2025-01-07 11:31:18\",\"usableColumn\":false},{\"capJavaField\":\"Guid\",\"columnComment\":\"国控code\",\"columnId\":463,\"columnName\":\"guid\",\"columnType\":\"varchar(100)\",\"createBy\":\"admin\",\"createTime\":\"2025-01-07 11:27:45\",\"dictType\":\"\",\"edit\":true,\"htmlType\":\"input\",\"in','{\"msg\":\"操作成功\",\"code\":200}',0,NULL,'2025-01-07 15:44:33',246),(321,'告警设置',1,'com.ruoyi.runda.controller.AlarmRemindController.add()','POST',1,'admin','研发部门','/runda/remind','127.0.0.1','内网IP','{\"alarmParamType\":2,\"alarmType\":2,\"createDate\":\"2025-01-15\",\"id\":3,\"params\":{},\"standardValue\":12,\"systemUserId\":1,\"userId\":2}','{\"msg\":\"操作成功\",\"code\":200}',0,NULL,'2025-01-07 15:44:53',18),(322,'代码生成',2,'com.ruoyi.generator.controller.GenController.editSave()','PUT',1,'admin','研发部门','/tool/gen','127.0.0.1','内网IP','{\"businessName\":\"data\",\"className\":\"AlarmData\",\"columns\":[{\"capJavaField\":\"Id\",\"columnComment\":\"主键\",\"columnId\":445,\"columnName\":\"id\",\"columnType\":\"bigint\",\"createBy\":\"admin\",\"createTime\":\"2025-01-07 11:21:56\",\"dictType\":\"\",\"edit\":false,\"htmlType\":\"input\",\"increment\":true,\"insert\":false,\"isIncrement\":\"1\",\"isInsert\":\"0\",\"isPk\":\"1\",\"isRequired\":\"0\",\"javaField\":\"id\",\"javaType\":\"Long\",\"list\":false,\"params\":{},\"pk\":true,\"query\":false,\"queryType\":\"EQ\",\"required\":false,\"sort\":1,\"superColumn\":false,\"tableId\":21,\"updateBy\":\"\",\"updateTime\":\"2025-01-07 11:26:04\",\"usableColumn\":false},{\"capJavaField\":\"AlarmType\",\"columnComment\":\"报警类型\",\"columnId\":446,\"columnName\":\"alarm_type\",\"columnType\":\"int\",\"createBy\":\"admin\",\"createTime\":\"2025-01-07 11:21:56\",\"dictType\":\"alarm_type\",\"edit\":true,\"htmlType\":\"select\",\"increment\":false,\"insert\":true,\"isEdit\":\"1\",\"isIncrement\":\"0\",\"isInsert\":\"1\",\"isList\":\"1\",\"isPk\":\"0\",\"isQuery\":\"1\",\"isRequired\":\"1\",\"javaField\":\"alarmType\",\"javaType\":\"Long\",\"list\":true,\"params\":{},\"pk\":false,\"query\":true,\"queryType\":\"EQ\",\"required\":true,\"sort\":2,\"superColumn\":false,\"tableId\":21,\"updateBy\":\"\",\"updateTime\":\"2025-01-07 11:26:04\",\"usableColumn\":false},{\"capJavaField\":\"AlarmParamType\",\"columnComment\":\"报警参数类型\",\"columnId\":447,\"columnName\":\"alarm_param_type\",\"columnType\":\"int\",\"createBy\":\"admin\",\"createTime\":\"2025-01-07 11:21:56\",\"dictType\":\"alarm_param_type\",\"edit\":true,\"htmlType\":\"select\",\"increment\":false,\"insert\":true,\"isEdit\":\"1\",\"isIncrement\":\"0\",\"isInsert\":\"1\",\"isList\":\"1\",\"isPk\":\"0\",\"isQuery\":\"1\",\"isRequired\":\"1\",\"javaField\":\"alarmParamType\",\"javaType\":\"Long\",\"list\":true,\"params\":{},\"pk\":false,\"query\":true,\"queryType\":\"EQ\",\"required\":true,\"sort\":3,\"superColumn\":false,\"tableId\":21,\"updateBy\":\"\",\"updateTime\":\"2025-01-07 11:26:04\",\"usableColumn\":false},{\"capJavaField\":\"AlarmValue\",\"columnComment\":\"报警值\",\"columnId\":448,\"columnName\":\"alarm_value\",\"columnType\":\"double\",\"createBy\":\"admin\",\"createTime\":\"2025-01-07 11:21:56\",\"dictType\":\"\",\"edit\":true,\"htmlType\":\"input\",\"in','{\"msg\":\"操作成功\",\"code\":200}',0,NULL,'2025-01-07 15:46:04',72),(323,'代码生成',2,'com.ruoyi.generator.controller.GenController.editSave()','PUT',1,'admin','研发部门','/tool/gen','127.0.0.1','内网IP','{\"businessName\":\"info\",\"className\":\"AlarmInfo\",\"columns\":[{\"capJavaField\":\"Id\",\"columnComment\":\"主键\",\"columnId\":476,\"columnName\":\"id\",\"columnType\":\"bigint\",\"createBy\":\"admin\",\"createTime\":\"2025-01-07 11:31:57\",\"dictType\":\"\",\"edit\":false,\"htmlType\":\"input\",\"increment\":true,\"insert\":false,\"isIncrement\":\"1\",\"isInsert\":\"0\",\"isPk\":\"1\",\"isRequired\":\"0\",\"javaField\":\"id\",\"javaType\":\"Long\",\"list\":false,\"params\":{},\"pk\":true,\"query\":false,\"queryType\":\"EQ\",\"required\":false,\"sort\":1,\"superColumn\":false,\"tableId\":23,\"updateBy\":\"\",\"updateTime\":\"2025-01-07 11:35:12\",\"usableColumn\":false},{\"capJavaField\":\"UserId\",\"columnComment\":\"县级id\",\"columnId\":477,\"columnName\":\"user_id\",\"columnType\":\"bigint\",\"createBy\":\"admin\",\"createTime\":\"2025-01-07 11:31:57\",\"dictType\":\"\",\"edit\":false,\"htmlType\":\"input\",\"increment\":false,\"insert\":false,\"isEdit\":\"0\",\"isIncrement\":\"0\",\"isInsert\":\"0\",\"isList\":\"0\",\"isPk\":\"0\",\"isQuery\":\"0\",\"isRequired\":\"0\",\"javaField\":\"userId\",\"javaType\":\"Long\",\"list\":false,\"params\":{},\"pk\":false,\"query\":false,\"queryType\":\"EQ\",\"required\":false,\"sort\":2,\"superColumn\":false,\"tableId\":23,\"updateBy\":\"\",\"updateTime\":\"2025-01-07 11:35:12\",\"usableColumn\":false},{\"capJavaField\":\"UserName\",\"columnComment\":\"联系人\",\"columnId\":478,\"columnName\":\"user_name\",\"columnType\":\"varchar(255)\",\"createBy\":\"admin\",\"createTime\":\"2025-01-07 11:31:57\",\"dictType\":\"\",\"edit\":false,\"htmlType\":\"input\",\"increment\":false,\"insert\":false,\"isEdit\":\"0\",\"isIncrement\":\"0\",\"isInsert\":\"0\",\"isList\":\"0\",\"isPk\":\"0\",\"isQuery\":\"0\",\"isRequired\":\"0\",\"javaField\":\"userName\",\"javaType\":\"String\",\"list\":false,\"params\":{},\"pk\":false,\"query\":false,\"queryType\":\"LIKE\",\"required\":false,\"sort\":3,\"superColumn\":false,\"tableId\":23,\"updateBy\":\"\",\"updateTime\":\"2025-01-07 11:35:12\",\"usableColumn\":false},{\"capJavaField\":\"EnterpriseId\",\"columnComment\":\"单位id\",\"columnId\":479,\"columnName\":\"enterprise_id\",\"columnType\":\"bigint\",\"createBy\":\"admin\",\"createTime\":\"2025-01-07 11:31:57\",\"dictType\":\"\",\"edit\":false,\"htmlType\":\"input\",\"increment\":false,\"insert\":fal','{\"msg\":\"操作成功\",\"code\":200}',0,NULL,'2025-01-07 15:47:36',81),(324,'代码生成',2,'com.ruoyi.generator.controller.GenController.editSave()','PUT',1,'admin','研发部门','/tool/gen','127.0.0.1','内网IP','{\"businessName\":\"log\",\"className\":\"InterfaceLog\",\"columns\":[{\"capJavaField\":\"Id\",\"columnComment\":\"主键\",\"columnId\":518,\"columnName\":\"id\",\"columnType\":\"bigint\",\"createBy\":\"admin\",\"createTime\":\"2025-01-07 11:55:43\",\"dictType\":\"\",\"edit\":false,\"htmlType\":\"input\",\"increment\":true,\"insert\":false,\"isIncrement\":\"1\",\"isInsert\":\"0\",\"isPk\":\"1\",\"isRequired\":\"0\",\"javaField\":\"id\",\"javaType\":\"Long\",\"list\":false,\"params\":{},\"pk\":true,\"query\":false,\"queryType\":\"EQ\",\"required\":false,\"sort\":1,\"superColumn\":false,\"tableId\":26,\"updateBy\":\"\",\"updateTime\":\"2025-01-07 11:57:47\",\"usableColumn\":false},{\"capJavaField\":\"DataCount\",\"columnComment\":\"数据条数\",\"columnId\":519,\"columnName\":\"data_count\",\"columnType\":\"int\",\"createBy\":\"admin\",\"createTime\":\"2025-01-07 11:55:43\",\"dictType\":\"\",\"edit\":true,\"htmlType\":\"input\",\"increment\":false,\"insert\":true,\"isEdit\":\"1\",\"isIncrement\":\"0\",\"isInsert\":\"1\",\"isList\":\"1\",\"isPk\":\"0\",\"isQuery\":\"0\",\"isRequired\":\"0\",\"javaField\":\"dataCount\",\"javaType\":\"Long\",\"list\":true,\"params\":{},\"pk\":false,\"query\":false,\"queryType\":\"EQ\",\"required\":false,\"sort\":2,\"superColumn\":false,\"tableId\":26,\"updateBy\":\"\",\"updateTime\":\"2025-01-07 11:57:47\",\"usableColumn\":false},{\"capJavaField\":\"DeviceAddcount\",\"columnComment\":\"设备添加数\",\"columnId\":520,\"columnName\":\"device_addcount\",\"columnType\":\"int\",\"createBy\":\"admin\",\"createTime\":\"2025-01-07 11:55:43\",\"dictType\":\"\",\"edit\":true,\"htmlType\":\"input\",\"increment\":false,\"insert\":true,\"isEdit\":\"1\",\"isIncrement\":\"0\",\"isInsert\":\"1\",\"isList\":\"1\",\"isPk\":\"0\",\"isQuery\":\"0\",\"isRequired\":\"0\",\"javaField\":\"deviceAddcount\",\"javaType\":\"Long\",\"list\":true,\"params\":{},\"pk\":false,\"query\":false,\"queryType\":\"EQ\",\"required\":false,\"sort\":3,\"superColumn\":false,\"tableId\":26,\"updateBy\":\"\",\"updateTime\":\"2025-01-07 11:57:47\",\"usableColumn\":false},{\"capJavaField\":\"Msg\",\"columnComment\":\"日志信息\",\"columnId\":521,\"columnName\":\"msg\",\"columnType\":\"varchar(300)\",\"createBy\":\"admin\",\"createTime\":\"2025-01-07 11:55:43\",\"dictType\":\"\",\"edit\":true,\"htmlType\":\"input\",\"increment\":false,\"insert\":true,\"is','{\"msg\":\"操作成功\",\"code\":200}',0,NULL,'2025-01-07 15:49:00',56),(325,'代码生成',2,'com.ruoyi.generator.controller.GenController.editSave()','PUT',1,'admin','研发部门','/tool/gen','127.0.0.1','内网IP','{\"businessName\":\"query212\",\"className\":\"DataQuery212\",\"columns\":[{\"capJavaField\":\"Id\",\"columnComment\":\"主键id\",\"columnId\":816,\"columnName\":\"id\",\"columnType\":\"bigint\",\"createBy\":\"admin\",\"createTime\":\"2025-01-07 14:31:34\",\"dictType\":\"\",\"edit\":false,\"htmlType\":\"input\",\"increment\":true,\"insert\":false,\"isIncrement\":\"1\",\"isInsert\":\"0\",\"isPk\":\"1\",\"isRequired\":\"0\",\"javaField\":\"id\",\"javaType\":\"Long\",\"list\":false,\"params\":{},\"pk\":true,\"query\":false,\"queryType\":\"EQ\",\"required\":false,\"sort\":1,\"superColumn\":false,\"tableId\":36,\"updateBy\":\"\",\"updateTime\":\"2025-01-07 14:35:51\",\"usableColumn\":false},{\"capJavaField\":\"DeviceId\",\"columnComment\":\"设备id\",\"columnId\":817,\"columnName\":\"device_id\",\"columnType\":\"bigint\",\"createBy\":\"admin\",\"createTime\":\"2025-01-07 14:31:34\",\"dictType\":\"\",\"edit\":true,\"htmlType\":\"select\",\"increment\":false,\"insert\":true,\"isEdit\":\"1\",\"isIncrement\":\"0\",\"isInsert\":\"1\",\"isList\":\"1\",\"isPk\":\"0\",\"isQuery\":\"1\",\"isRequired\":\"1\",\"javaField\":\"deviceId\",\"javaType\":\"Long\",\"list\":true,\"params\":{},\"pk\":false,\"query\":true,\"queryType\":\"EQ\",\"required\":true,\"sort\":2,\"superColumn\":false,\"tableId\":36,\"updateBy\":\"\",\"updateTime\":\"2025-01-07 14:35:51\",\"usableColumn\":false},{\"capJavaField\":\"DeviceName\",\"columnComment\":\"设备名称\",\"columnId\":818,\"columnName\":\"device_name\",\"columnType\":\"varchar(100)\",\"createBy\":\"admin\",\"createTime\":\"2025-01-07 14:31:34\",\"dictType\":\"\",\"edit\":false,\"htmlType\":\"input\",\"increment\":false,\"insert\":false,\"isEdit\":\"0\",\"isIncrement\":\"0\",\"isInsert\":\"0\",\"isList\":\"0\",\"isPk\":\"0\",\"isQuery\":\"0\",\"isRequired\":\"0\",\"javaField\":\"deviceName\",\"javaType\":\"String\",\"list\":false,\"params\":{},\"pk\":false,\"query\":false,\"queryType\":\"LIKE\",\"required\":false,\"sort\":3,\"superColumn\":false,\"tableId\":36,\"updateBy\":\"\",\"updateTime\":\"2025-01-07 14:35:51\",\"usableColumn\":false},{\"capJavaField\":\"Date\",\"columnComment\":\"日期\",\"columnId\":819,\"columnName\":\"date\",\"columnType\":\"datetime\",\"createBy\":\"admin\",\"createTime\":\"2025-01-07 14:31:34\",\"dictType\":\"\",\"edit\":false,\"htmlType\":\"datetime\",\"increment\":false,\"insert\"','{\"msg\":\"操作成功\",\"code\":200}',0,NULL,'2025-01-07 15:50:46',136),(326,'代码生成',2,'com.ruoyi.generator.controller.GenController.editSave()','PUT',1,'admin','研发部门','/tool/gen','127.0.0.1','内网IP','{\"businessName\":\"device\",\"className\":\"Device\",\"columns\":[{\"capJavaField\":\"Id\",\"columnComment\":\"主键\",\"columnId\":560,\"columnName\":\"id\",\"columnType\":\"bigint\",\"createBy\":\"admin\",\"createTime\":\"2025-01-07 12:32:38\",\"dictType\":\"\",\"edit\":false,\"htmlType\":\"input\",\"increment\":true,\"insert\":false,\"isIncrement\":\"1\",\"isInsert\":\"0\",\"isPk\":\"1\",\"isRequired\":\"0\",\"javaField\":\"id\",\"javaType\":\"Long\",\"list\":false,\"params\":{},\"pk\":true,\"query\":false,\"queryType\":\"EQ\",\"required\":false,\"sort\":1,\"superColumn\":false,\"tableId\":29,\"updateBy\":\"\",\"updateTime\":\"2025-01-07 13:27:24\",\"usableColumn\":false},{\"capJavaField\":\"Name\",\"columnComment\":\"监测设备名称\",\"columnId\":561,\"columnName\":\"name\",\"columnType\":\"varchar(200)\",\"createBy\":\"admin\",\"createTime\":\"2025-01-07 12:32:38\",\"dictType\":\"\",\"edit\":true,\"htmlType\":\"input\",\"increment\":false,\"insert\":true,\"isEdit\":\"1\",\"isIncrement\":\"0\",\"isInsert\":\"1\",\"isList\":\"1\",\"isPk\":\"0\",\"isQuery\":\"1\",\"isRequired\":\"1\",\"javaField\":\"name\",\"javaType\":\"String\",\"list\":true,\"params\":{},\"pk\":false,\"query\":true,\"queryType\":\"LIKE\",\"required\":true,\"sort\":2,\"superColumn\":false,\"tableId\":29,\"updateBy\":\"\",\"updateTime\":\"2025-01-07 13:27:24\",\"usableColumn\":false},{\"capJavaField\":\"Sn\",\"columnComment\":\"设备号\",\"columnId\":562,\"columnName\":\"sn\",\"columnType\":\"varchar(50)\",\"createBy\":\"admin\",\"createTime\":\"2025-01-07 12:32:38\",\"dictType\":\"\",\"edit\":true,\"htmlType\":\"input\",\"increment\":false,\"insert\":true,\"isEdit\":\"1\",\"isIncrement\":\"0\",\"isInsert\":\"1\",\"isList\":\"1\",\"isPk\":\"0\",\"isQuery\":\"1\",\"isRequired\":\"1\",\"javaField\":\"sn\",\"javaType\":\"String\",\"list\":true,\"params\":{},\"pk\":false,\"query\":true,\"queryType\":\"EQ\",\"required\":true,\"sort\":3,\"superColumn\":false,\"tableId\":29,\"updateBy\":\"\",\"updateTime\":\"2025-01-07 13:27:24\",\"usableColumn\":false},{\"capJavaField\":\"Longitude\",\"columnComment\":\"经度\",\"columnId\":563,\"columnName\":\"longitude\",\"columnType\":\"double\",\"createBy\":\"admin\",\"createTime\":\"2025-01-07 12:32:38\",\"dictType\":\"\",\"edit\":true,\"htmlType\":\"input\",\"increment\":false,\"insert\":true,\"isEdit\":\"1\",\"isIncrement\":\"0\",\"isIn','{\"msg\":\"操作成功\",\"code\":200}',0,NULL,'2025-01-07 15:52:10',96),(327,'代码生成',8,'com.ruoyi.generator.controller.GenController.batchGenCode()','GET',1,'admin','研发部门','/tool/gen/batchGenCode','127.0.0.1','内网IP','{\"tables\":\"alarm_data,alarm_remind,alarm_info,data_calibration,interface_log,project,enterprise_list,device,station,data_query_check,data_query_country,data_query212\"}',NULL,0,NULL,'2025-01-07 15:52:37',1347),(328,'菜单管理',3,'com.ruoyi.web.controller.system.SysMenuController.remove()','DELETE',1,'admin','研发部门','/system/menu/2086','127.0.0.1','内网IP','2086','{\"msg\":\"操作成功\",\"code\":200}',0,NULL,'2025-01-07 15:57:41',207),(329,'菜单管理',3,'com.ruoyi.web.controller.system.SysMenuController.remove()','DELETE',1,'admin','研发部门','/system/menu/2087','127.0.0.1','内网IP','2087','{\"msg\":\"操作成功\",\"code\":200}',0,NULL,'2025-01-07 15:57:43',23),(330,'菜单管理',3,'com.ruoyi.web.controller.system.SysMenuController.remove()','DELETE',1,'admin','研发部门','/system/menu/2088','127.0.0.1','内网IP','2088','{\"msg\":\"操作成功\",\"code\":200}',0,NULL,'2025-01-07 15:57:45',18),(331,'菜单管理',3,'com.ruoyi.web.controller.system.SysMenuController.remove()','DELETE',1,'admin','研发部门','/system/menu/2089','127.0.0.1','内网IP','2089','{\"msg\":\"操作成功\",\"code\":200}',0,NULL,'2025-01-07 15:57:46',13),(332,'菜单管理',3,'com.ruoyi.web.controller.system.SysMenuController.remove()','DELETE',1,'admin','研发部门','/system/menu/2090','127.0.0.1','内网IP','2090','{\"msg\":\"操作成功\",\"code\":200}',0,NULL,'2025-01-07 15:57:48',13),(333,'菜单管理',3,'com.ruoyi.web.controller.system.SysMenuController.remove()','DELETE',1,'admin','研发部门','/system/menu/2085','127.0.0.1','内网IP','2085','{\"msg\":\"操作成功\",\"code\":200}',0,NULL,'2025-01-07 15:57:50',23),(334,'菜单管理',3,'com.ruoyi.web.controller.system.SysMenuController.remove()','DELETE',1,'admin','研发部门','/system/menu/2068','127.0.0.1','内网IP','2068','{\"msg\":\"操作成功\",\"code\":200}',0,NULL,'2025-01-07 15:58:05',14),(335,'菜单管理',3,'com.ruoyi.web.controller.system.SysMenuController.remove()','DELETE',1,'admin','研发部门','/system/menu/2069','127.0.0.1','内网IP','2069','{\"msg\":\"操作成功\",\"code\":200}',0,NULL,'2025-01-07 15:58:06',13),(336,'菜单管理',3,'com.ruoyi.web.controller.system.SysMenuController.remove()','DELETE',1,'admin','研发部门','/system/menu/2070','127.0.0.1','内网IP','2070','{\"msg\":\"操作成功\",\"code\":200}',0,NULL,'2025-01-07 15:58:08',18),(337,'菜单管理',3,'com.ruoyi.web.controller.system.SysMenuController.remove()','DELETE',1,'admin','研发部门','/system/menu/2071','127.0.0.1','内网IP','2071','{\"msg\":\"操作成功\",\"code\":200}',0,NULL,'2025-01-07 15:58:10',15),(338,'菜单管理',3,'com.ruoyi.web.controller.system.SysMenuController.remove()','DELETE',1,'admin','研发部门','/system/menu/2072','127.0.0.1','内网IP','2072','{\"msg\":\"操作成功\",\"code\":200}',0,NULL,'2025-01-07 15:58:12',13),(339,'菜单管理',3,'com.ruoyi.web.controller.system.SysMenuController.remove()','DELETE',1,'admin','研发部门','/system/menu/2067','127.0.0.1','内网IP','2067','{\"msg\":\"操作成功\",\"code\":200}',0,NULL,'2025-01-07 15:58:15',18),(340,'菜单管理',3,'com.ruoyi.web.controller.system.SysMenuController.remove()','DELETE',1,'admin','研发部门','/system/menu/2038','127.0.0.1','内网IP','2038','{\"msg\":\"操作成功\",\"code\":200}',0,NULL,'2025-01-07 15:58:23',12),(341,'菜单管理',3,'com.ruoyi.web.controller.system.SysMenuController.remove()','DELETE',1,'admin','研发部门','/system/menu/2039','127.0.0.1','内网IP','2039','{\"msg\":\"操作成功\",\"code\":200}',0,NULL,'2025-01-07 15:58:25',11),(342,'菜单管理',3,'com.ruoyi.web.controller.system.SysMenuController.remove()','DELETE',1,'admin','研发部门','/system/menu/2040','127.0.0.1','内网IP','2040','{\"msg\":\"操作成功\",\"code\":200}',0,NULL,'2025-01-07 15:58:27',19),(343,'菜单管理',3,'com.ruoyi.web.controller.system.SysMenuController.remove()','DELETE',1,'admin','研发部门','/system/menu/2041','127.0.0.1','内网IP','2041','{\"msg\":\"操作成功\",\"code\":200}',0,NULL,'2025-01-07 15:58:29',24),(344,'菜单管理',3,'com.ruoyi.web.controller.system.SysMenuController.remove()','DELETE',1,'admin','研发部门','/system/menu/2042','127.0.0.1','内网IP','2042','{\"msg\":\"操作成功\",\"code\":200}',0,NULL,'2025-01-07 15:58:31',17),(345,'菜单管理',3,'com.ruoyi.web.controller.system.SysMenuController.remove()','DELETE',1,'admin','研发部门','/system/menu/2037','127.0.0.1','内网IP','2037','{\"msg\":\"操作成功\",\"code\":200}',0,NULL,'2025-01-07 15:58:33',13),(346,'菜单管理',3,'com.ruoyi.web.controller.system.SysMenuController.remove()','DELETE',1,'admin','研发部门','/system/menu/2030','127.0.0.1','内网IP','2030','{\"msg\":\"操作成功\",\"code\":200}',0,NULL,'2025-01-07 15:58:51',14),(347,'菜单管理',3,'com.ruoyi.web.controller.system.SysMenuController.remove()','DELETE',1,'admin','研发部门','/system/menu/2029','127.0.0.1','内网IP','2029','{\"msg\":\"操作成功\",\"code\":200}',0,NULL,'2025-01-07 15:58:53',30),(348,'菜单管理',3,'com.ruoyi.web.controller.system.SysMenuController.remove()','DELETE',1,'admin','研发部门','/system/menu/2027','127.0.0.1','内网IP','2027','{\"msg\":\"操作成功\",\"code\":200}',0,NULL,'2025-01-07 15:58:56',15),(349,'菜单管理',3,'com.ruoyi.web.controller.system.SysMenuController.remove()','DELETE',1,'admin','研发部门','/system/menu/2028','127.0.0.1','内网IP','2028','{\"msg\":\"操作成功\",\"code\":200}',0,NULL,'2025-01-07 15:58:58',14),(350,'菜单管理',3,'com.ruoyi.web.controller.system.SysMenuController.remove()','DELETE',1,'admin','研发部门','/system/menu/2026','127.0.0.1','内网IP','2026','{\"msg\":\"操作成功\",\"code\":200}',0,NULL,'2025-01-07 15:59:02',14),(351,'菜单管理',3,'com.ruoyi.web.controller.system.SysMenuController.remove()','DELETE',1,'admin','研发部门','/system/menu/2025','127.0.0.1','内网IP','2025','{\"msg\":\"操作成功\",\"code\":200}',0,NULL,'2025-01-07 15:59:05',15),(352,'菜单管理',2,'com.ruoyi.web.controller.system.SysMenuController.edit()','PUT',1,'admin','研发部门','/system/menu','127.0.0.1','内网IP','{\"children\":[],\"component\":\"runda/country/index\",\"createTime\":\"2025-01-07 15:53:44\",\"icon\":\"#\",\"isCache\":\"0\",\"isFrame\":\"1\",\"menuId\":2103,\"menuName\":\"国控数据查询\",\"menuType\":\"C\",\"orderNum\":1,\"params\":{},\"parentId\":2007,\"path\":\"country\",\"perms\":\"runda:country:list\",\"routeName\":\"\",\"status\":\"0\",\"updateBy\":\"admin\",\"visible\":\"0\"}','{\"msg\":\"操作成功\",\"code\":200}',0,NULL,'2025-01-07 15:59:13',26),(353,'菜单管理',3,'com.ruoyi.web.controller.system.SysMenuController.remove()','DELETE',1,'admin','研发部门','/system/menu/2080','127.0.0.1','内网IP','2080','{\"msg\":\"操作成功\",\"code\":200}',0,NULL,'2025-01-07 15:59:29',10),(354,'菜单管理',3,'com.ruoyi.web.controller.system.SysMenuController.remove()','DELETE',1,'admin','研发部门','/system/menu/2081','127.0.0.1','内网IP','2081','{\"msg\":\"操作成功\",\"code\":200}',0,NULL,'2025-01-07 15:59:31',15),(355,'菜单管理',3,'com.ruoyi.web.controller.system.SysMenuController.remove()','DELETE',1,'admin','研发部门','/system/menu/2082','127.0.0.1','内网IP','2082','{\"msg\":\"操作成功\",\"code\":200}',0,NULL,'2025-01-07 15:59:33',15),(356,'菜单管理',3,'com.ruoyi.web.controller.system.SysMenuController.remove()','DELETE',1,'admin','研发部门','/system/menu/2083','127.0.0.1','内网IP','2083','{\"msg\":\"操作成功\",\"code\":200}',0,NULL,'2025-01-07 15:59:35',18),(357,'菜单管理',3,'com.ruoyi.web.controller.system.SysMenuController.remove()','DELETE',1,'admin','研发部门','/system/menu/2084','127.0.0.1','内网IP','2084','{\"msg\":\"操作成功\",\"code\":200}',0,NULL,'2025-01-07 15:59:37',16),(358,'菜单管理',3,'com.ruoyi.web.controller.system.SysMenuController.remove()','DELETE',1,'admin','研发部门','/system/menu/2079','127.0.0.1','内网IP','2079','{\"msg\":\"操作成功\",\"code\":200}',0,NULL,'2025-01-07 15:59:40',15),(359,'菜单管理',3,'com.ruoyi.web.controller.system.SysMenuController.remove()','DELETE',1,'admin','研发部门','/system/menu/2018','127.0.0.1','内网IP','2018','{\"msg\":\"操作成功\",\"code\":200}',0,NULL,'2025-01-07 15:59:51',9),(360,'菜单管理',3,'com.ruoyi.web.controller.system.SysMenuController.remove()','DELETE',1,'admin','研发部门','/system/menu/2017','127.0.0.1','内网IP','2017','{\"msg\":\"操作成功\",\"code\":200}',0,NULL,'2025-01-07 15:59:53',15),(361,'菜单管理',3,'com.ruoyi.web.controller.system.SysMenuController.remove()','DELETE',1,'admin','研发部门','/system/menu/2016','127.0.0.1','内网IP','2016','{\"msg\":\"操作成功\",\"code\":200}',0,NULL,'2025-01-07 15:59:56',7),(362,'菜单管理',3,'com.ruoyi.web.controller.system.SysMenuController.remove()','DELETE',1,'admin','研发部门','/system/menu/2014','127.0.0.1','内网IP','2014','{\"msg\":\"操作成功\",\"code\":200}',0,NULL,'2025-01-07 15:59:58',14),(363,'菜单管理',3,'com.ruoyi.web.controller.system.SysMenuController.remove()','DELETE',1,'admin','研发部门','/system/menu/2015','127.0.0.1','内网IP','2015','{\"msg\":\"操作成功\",\"code\":200}',0,NULL,'2025-01-07 16:00:00',18),(364,'菜单管理',3,'com.ruoyi.web.controller.system.SysMenuController.remove()','DELETE',1,'admin','研发部门','/system/menu/2013','127.0.0.1','内网IP','2013','{\"msg\":\"操作成功\",\"code\":200}',0,NULL,'2025-01-07 16:00:04',16),(365,'菜单管理',3,'com.ruoyi.web.controller.system.SysMenuController.remove()','DELETE',1,'admin','研发部门','/system/menu/2054','127.0.0.1','内网IP','2054','{\"msg\":\"操作成功\",\"code\":200}',0,NULL,'2025-01-07 16:00:10',18),(366,'菜单管理',3,'com.ruoyi.web.controller.system.SysMenuController.remove()','DELETE',1,'admin','研发部门','/system/menu/2053','127.0.0.1','内网IP','2053','{\"msg\":\"操作成功\",\"code\":200}',0,NULL,'2025-01-07 16:00:13',11),(367,'菜单管理',3,'com.ruoyi.web.controller.system.SysMenuController.remove()','DELETE',1,'admin','研发部门','/system/menu/2052','127.0.0.1','内网IP','2052','{\"msg\":\"操作成功\",\"code\":200}',0,NULL,'2025-01-07 16:00:15',9),(368,'菜单管理',3,'com.ruoyi.web.controller.system.SysMenuController.remove()','DELETE',1,'admin','研发部门','/system/menu/2051','127.0.0.1','内网IP','2051','{\"msg\":\"操作成功\",\"code\":200}',0,NULL,'2025-01-07 16:00:18',13),(369,'菜单管理',3,'com.ruoyi.web.controller.system.SysMenuController.remove()','DELETE',1,'admin','研发部门','/system/menu/2050','127.0.0.1','内网IP','2050','{\"msg\":\"操作成功\",\"code\":200}',0,NULL,'2025-01-07 16:00:20',11),(370,'菜单管理',3,'com.ruoyi.web.controller.system.SysMenuController.remove()','DELETE',1,'admin','研发部门','/system/menu/2049','127.0.0.1','内网IP','2049','{\"msg\":\"操作成功\",\"code\":200}',0,NULL,'2025-01-07 16:00:22',9),(371,'菜单管理',3,'com.ruoyi.web.controller.system.SysMenuController.remove()','DELETE',1,'admin','研发部门','/system/menu/2060','127.0.0.1','内网IP','2060','{\"msg\":\"操作成功\",\"code\":200}',0,NULL,'2025-01-07 16:00:27',11),(372,'菜单管理',3,'com.ruoyi.web.controller.system.SysMenuController.remove()','DELETE',1,'admin','研发部门','/system/menu/2059','127.0.0.1','内网IP','2059','{\"msg\":\"操作成功\",\"code\":200}',0,NULL,'2025-01-07 16:00:29',23),(373,'菜单管理',3,'com.ruoyi.web.controller.system.SysMenuController.remove()','DELETE',1,'admin','研发部门','/system/menu/2058','127.0.0.1','内网IP','2058','{\"msg\":\"操作成功\",\"code\":200}',0,NULL,'2025-01-07 16:00:30',10),(374,'菜单管理',3,'com.ruoyi.web.controller.system.SysMenuController.remove()','DELETE',1,'admin','研发部门','/system/menu/2057','127.0.0.1','内网IP','2057','{\"msg\":\"操作成功\",\"code\":200}',0,NULL,'2025-01-07 16:00:32',7),(375,'菜单管理',3,'com.ruoyi.web.controller.system.SysMenuController.remove()','DELETE',1,'admin','研发部门','/system/menu/2056','127.0.0.1','内网IP','2056','{\"msg\":\"操作成功\",\"code\":200}',0,NULL,'2025-01-07 16:00:34',8),(376,'菜单管理',3,'com.ruoyi.web.controller.system.SysMenuController.remove()','DELETE',1,'admin','研发部门','/system/menu/2055','127.0.0.1','内网IP','2055','{\"msg\":\"操作成功\",\"code\":200}',0,NULL,'2025-01-07 16:00:37',8),(377,'菜单管理',3,'com.ruoyi.web.controller.system.SysMenuController.remove()','DELETE',1,'admin','研发部门','/system/menu/2066','127.0.0.1','内网IP','2066','{\"msg\":\"操作成功\",\"code\":200}',0,NULL,'2025-01-07 16:00:50',8),(378,'菜单管理',3,'com.ruoyi.web.controller.system.SysMenuController.remove()','DELETE',1,'admin','研发部门','/system/menu/2065','127.0.0.1','内网IP','2065','{\"msg\":\"操作成功\",\"code\":200}',0,NULL,'2025-01-07 16:00:52',13),(379,'菜单管理',3,'com.ruoyi.web.controller.system.SysMenuController.remove()','DELETE',1,'admin','研发部门','/system/menu/2064','127.0.0.1','内网IP','2064','{\"msg\":\"操作成功\",\"code\":200}',0,NULL,'2025-01-07 16:00:54',8),(380,'菜单管理',3,'com.ruoyi.web.controller.system.SysMenuController.remove()','DELETE',1,'admin','研发部门','/system/menu/2063','127.0.0.1','内网IP','2063','{\"msg\":\"操作成功\",\"code\":200}',0,NULL,'2025-01-07 16:00:56',8),(381,'菜单管理',3,'com.ruoyi.web.controller.system.SysMenuController.remove()','DELETE',1,'admin','研发部门','/system/menu/2062','127.0.0.1','内网IP','2062','{\"msg\":\"操作成功\",\"code\":200}',0,NULL,'2025-01-07 16:00:58',10),(382,'菜单管理',3,'com.ruoyi.web.controller.system.SysMenuController.remove()','DELETE',1,'admin','研发部门','/system/menu/2061','127.0.0.1','内网IP','2061','{\"msg\":\"操作成功\",\"code\":200}',0,NULL,'2025-01-07 16:01:01',13),(383,'菜单管理',3,'com.ruoyi.web.controller.system.SysMenuController.remove()','DELETE',1,'admin','研发部门','/system/menu/2036','127.0.0.1','内网IP','2036','{\"msg\":\"操作成功\",\"code\":200}',0,NULL,'2025-01-07 16:01:36',10),(384,'菜单管理',3,'com.ruoyi.web.controller.system.SysMenuController.remove()','DELETE',1,'admin','研发部门','/system/menu/2035','127.0.0.1','内网IP','2035','{\"msg\":\"操作成功\",\"code\":200}',0,NULL,'2025-01-07 16:01:38',12),(385,'菜单管理',3,'com.ruoyi.web.controller.system.SysMenuController.remove()','DELETE',1,'admin','研发部门','/system/menu/2034','127.0.0.1','内网IP','2034','{\"msg\":\"操作成功\",\"code\":200}',0,NULL,'2025-01-07 16:01:40',13),(386,'菜单管理',3,'com.ruoyi.web.controller.system.SysMenuController.remove()','DELETE',1,'admin','研发部门','/system/menu/2033','127.0.0.1','内网IP','2033','{\"msg\":\"操作成功\",\"code\":200}',0,NULL,'2025-01-07 16:01:42',13),(387,'菜单管理',3,'com.ruoyi.web.controller.system.SysMenuController.remove()','DELETE',1,'admin','研发部门','/system/menu/2032','127.0.0.1','内网IP','2032','{\"msg\":\"操作成功\",\"code\":200}',0,NULL,'2025-01-07 16:01:44',12),(388,'菜单管理',3,'com.ruoyi.web.controller.system.SysMenuController.remove()','DELETE',1,'admin','研发部门','/system/menu/2031','127.0.0.1','内网IP','2031','{\"msg\":\"操作成功\",\"code\":200}',0,NULL,'2025-01-07 16:01:48',13),(389,'菜单管理',3,'com.ruoyi.web.controller.system.SysMenuController.remove()','DELETE',1,'admin','研发部门','/system/menu/2048','127.0.0.1','内网IP','2048','{\"msg\":\"操作成功\",\"code\":200}',0,NULL,'2025-01-07 16:01:52',10),(390,'菜单管理',3,'com.ruoyi.web.controller.system.SysMenuController.remove()','DELETE',1,'admin','研发部门','/system/menu/2047','127.0.0.1','内网IP','2047','{\"msg\":\"操作成功\",\"code\":200}',0,NULL,'2025-01-07 16:01:54',9),(391,'菜单管理',3,'com.ruoyi.web.controller.system.SysMenuController.remove()','DELETE',1,'admin','研发部门','/system/menu/2046','127.0.0.1','内网IP','2046','{\"msg\":\"操作成功\",\"code\":200}',0,NULL,'2025-01-07 16:01:56',14),(392,'菜单管理',3,'com.ruoyi.web.controller.system.SysMenuController.remove()','DELETE',1,'admin','研发部门','/system/menu/2045','127.0.0.1','内网IP','2045','{\"msg\":\"操作成功\",\"code\":200}',0,NULL,'2025-01-07 16:02:00',11),(393,'菜单管理',3,'com.ruoyi.web.controller.system.SysMenuController.remove()','DELETE',1,'admin','研发部门','/system/menu/2043','127.0.0.1','内网IP','2043','{\"msg\":\"存在子菜单,不允许删除\",\"code\":601}',0,NULL,'2025-01-07 16:02:02',3),(394,'菜单管理',3,'com.ruoyi.web.controller.system.SysMenuController.remove()','DELETE',1,'admin','研发部门','/system/menu/2044','127.0.0.1','内网IP','2044','{\"msg\":\"操作成功\",\"code\":200}',0,NULL,'2025-01-07 16:02:05',7),(395,'菜单管理',3,'com.ruoyi.web.controller.system.SysMenuController.remove()','DELETE',1,'admin','研发部门','/system/menu/2043','127.0.0.1','内网IP','2043','{\"msg\":\"操作成功\",\"code\":200}',0,NULL,'2025-01-07 16:02:06',14),(396,'菜单管理',3,'com.ruoyi.web.controller.system.SysMenuController.remove()','DELETE',1,'admin','研发部门','/system/menu/2078','127.0.0.1','内网IP','2078','{\"msg\":\"操作成功\",\"code\":200}',0,NULL,'2025-01-07 16:02:13',12),(397,'菜单管理',3,'com.ruoyi.web.controller.system.SysMenuController.remove()','DELETE',1,'admin','研发部门','/system/menu/2077','127.0.0.1','内网IP','2077','{\"msg\":\"操作成功\",\"code\":200}',0,NULL,'2025-01-07 16:02:14',9),(398,'菜单管理',3,'com.ruoyi.web.controller.system.SysMenuController.remove()','DELETE',1,'admin','研发部门','/system/menu/2076','127.0.0.1','内网IP','2076','{\"msg\":\"操作成功\",\"code\":200}',0,NULL,'2025-01-07 16:02:16',9),(399,'菜单管理',3,'com.ruoyi.web.controller.system.SysMenuController.remove()','DELETE',1,'admin','研发部门','/system/menu/2075','127.0.0.1','内网IP','2075','{\"msg\":\"操作成功\",\"code\":200}',0,NULL,'2025-01-07 16:02:18',9),(400,'菜单管理',3,'com.ruoyi.web.controller.system.SysMenuController.remove()','DELETE',1,'admin','研发部门','/system/menu/2074','127.0.0.1','内网IP','2074','{\"msg\":\"操作成功\",\"code\":200}',0,NULL,'2025-01-07 16:02:20',12),(401,'菜单管理',3,'com.ruoyi.web.controller.system.SysMenuController.remove()','DELETE',1,'admin','研发部门','/system/menu/2073','127.0.0.1','内网IP','2073','{\"msg\":\"操作成功\",\"code\":200}',0,NULL,'2025-01-07 16:02:22',9),(402,'菜单管理',2,'com.ruoyi.web.controller.system.SysMenuController.edit()','PUT',1,'admin','研发部门','/system/menu','127.0.0.1','内网IP','{\"children\":[],\"component\":\"runda/list/index\",\"createTime\":\"2025-01-07 15:54:13\",\"icon\":\"#\",\"isCache\":\"0\",\"isFrame\":\"1\",\"menuId\":2127,\"menuName\":\"单位名录\",\"menuType\":\"C\",\"orderNum\":1,\"params\":{},\"parentId\":2008,\"path\":\"list\",\"perms\":\"runda:list:list\",\"routeName\":\"\",\"status\":\"0\",\"updateBy\":\"admin\",\"visible\":\"0\"}','{\"msg\":\"操作成功\",\"code\":200}',0,NULL,'2025-01-07 16:02:35',9),(403,'监测设备管理设备',3,'com.ruoyi.runda.controller.DeviceController.remove()','DELETE',1,'admin','研发部门','/runda/device/1','127.0.0.1','内网IP','[1]',NULL,1,'\r\n### Error updating database.  Cause: java.sql.SQLIntegrityConstraintViolationException: Cannot delete or update a parent row: a foreign key constraint fails (`runda`.`data_query_check`, CONSTRAINT `data_query_check_ibfk_1` FOREIGN KEY (`device_id`) REFERENCES `device` (`id`) ON DELETE RESTRICT ON UPDATE RESTRICT)\r\n### The error may exist in file [D:\\rundaProject\\runda-main\\ruoyi-runda\\target\\classes\\mapper\\runda\\DeviceMapper.xml]\r\n### The error may involve com.ruoyi.runda.mapper.DeviceMapper.deleteDeviceByIds-Inline\r\n### The error occurred while setting parameters\r\n### SQL: delete from device where id in           (               ?          )\r\n### Cause: java.sql.SQLIntegrityConstraintViolationException: Cannot delete or update a parent row: a foreign key constraint fails (`runda`.`data_query_check`, CONSTRAINT `data_query_check_ibfk_1` FOREIGN KEY (`device_id`) REFERENCES `device` (`id`) ON DELETE RESTRICT ON UPDATE RESTRICT)\n; Cannot delete or update a parent row: a foreign key constraint fails (`runda`.`data_query_check`, CONSTRAINT `data_query_check_ibfk_1` FOREIGN KEY (`device_id`) REFERENCES `device` (`id`) ON DELETE RESTRICT ON UPDATE RESTRICT); nested exception is java.sql.SQLIntegrityConstraintViolationException: Cannot delete or update a parent row: a foreign key constraint fails (`runda`.`data_query_check`, CONSTRAINT `data_query_check_ibfk_1` FOREIGN KEY (`device_id`) REFERENCES `device` (`id`) ON DELETE RESTRICT ON UPDATE RESTRICT)','2025-01-07 16:02:47',66),(404,'手动矫正',3,'com.ruoyi.runda.controller.DataQueryCheckController.remove()','DELETE',1,'admin','研发部门','/runda/check/1','127.0.0.1','内网IP','[1]','{\"msg\":\"操作成功\",\"code\":200}',0,NULL,'2025-01-07 16:02:58',6),(405,'国控数据查询',3,'com.ruoyi.runda.controller.DataQueryCountryController.remove()','DELETE',1,'admin','研发部门','/runda/country/3','127.0.0.1','内网IP','[3]','{\"msg\":\"操作成功\",\"code\":200}',0,NULL,'2025-01-07 16:03:02',5),(406,'监测设备管理设备',3,'com.ruoyi.runda.controller.DeviceController.remove()','DELETE',1,'admin','研发部门','/runda/device/1','127.0.0.1','内网IP','[1]','{\"msg\":\"操作成功\",\"code\":200}',0,NULL,'2025-01-07 16:03:06',4),(407,'监测站点管理',3,'com.ruoyi.runda.controller.StationController.remove()','DELETE',1,'admin','研发部门','/runda/station/1','127.0.0.1','内网IP','[1]','{\"msg\":\"操作成功\",\"code\":200}',0,NULL,'2025-01-07 16:03:13',6),(408,'接口日志',3,'com.ruoyi.runda.controller.InterfaceLogController.remove()','DELETE',1,'admin','研发部门','/runda/log/1','127.0.0.1','内网IP','[1]','{\"msg\":\"操作成功\",\"code\":200}',0,NULL,'2025-01-07 16:03:22',8),(409,'告警日志',3,'com.ruoyi.runda.controller.AlarmDataController.remove()','DELETE',1,'admin','研发部门','/runda/data/1','127.0.0.1','内网IP','[1]','{\"msg\":\"操作成功\",\"code\":200}',0,NULL,'2025-01-07 16:03:30',6),(410,'告警设置',3,'com.ruoyi.runda.controller.AlarmRemindController.remove()','DELETE',1,'admin','研发部门','/runda/remind/3','127.0.0.1','内网IP','[3]','{\"msg\":\"操作成功\",\"code\":200}',0,NULL,'2025-01-07 16:03:36',6),(411,'告警日志',1,'com.ruoyi.runda.controller.AlarmDataController.add()','POST',1,'admin','研发部门','/runda/data','127.0.0.1','内网IP','{\"alarmParamType\":1,\"alarmType\":1,\"deviceId\":1,\"id\":2,\"params\":{},\"standardValue\":80,\"stationId\":1,\"status\":3,\"userId\":2}','{\"msg\":\"操作成功\",\"code\":200}',0,NULL,'2025-01-07 16:08:13',62),(412,'告警日志',2,'com.ruoyi.runda.controller.AlarmDataController.edit()','PUT',1,'admin','研发部门','/runda/data','127.0.0.1','内网IP','{\"alarmParamType\":1,\"alarmType\":1,\"beginTime\":\"2025-01-14\",\"deviceId\":1,\"endTime\":\"2025-01-23\",\"id\":2,\"params\":{},\"standardValue\":80,\"stationId\":1,\"status\":3,\"userId\":2}','{\"msg\":\"操作成功\",\"code\":200}',0,NULL,'2025-01-07 16:08:22',42),(413,'短信记录',1,'com.ruoyi.runda.controller.AlarmInfoController.add()','POST',1,'admin','研发部门','/runda/info','127.0.0.1','内网IP','{\"alarmType\":1,\"createDate\":\"2025-01-15 00:00:00\",\"id\":2,\"params\":{},\"phoneNumber\":\"15175390780\",\"smsFail\":\"无信号\",\"smsMessage\":\"\\t【百斛环保】蔚县鹏辉未来城粉尘污染超标报警，请及时处理.\",\"smsTem\":\"\\t426234\",\"stationId\":1,\"systemUserId\":1}','{\"msg\":\"操作成功\",\"code\":200}',0,NULL,'2025-01-07 16:09:04',18),(414,'短信记录',3,'com.ruoyi.runda.controller.AlarmInfoController.remove()','DELETE',1,'admin','研发部门','/runda/info/2','127.0.0.1','内网IP','[2]','{\"msg\":\"操作成功\",\"code\":200}',0,NULL,'2025-01-07 16:09:33',12),(415,'告警设置',1,'com.ruoyi.runda.controller.AlarmRemindController.add()','POST',1,'admin','研发部门','/runda/remind','127.0.0.1','内网IP','{\"alarmParamType\":1,\"alarmType\":1,\"createDate\":\"2025-01-15\",\"id\":4,\"params\":{},\"standardValue\":80,\"systemUserId\":1,\"userId\":2}','{\"msg\":\"操作成功\",\"code\":200}',0,NULL,'2025-01-07 16:10:16',14),(416,'数据校准管理',1,'com.ruoyi.runda.controller.DataCalibrationController.add()','POST',1,'admin','研发部门','/runda/calibration','127.0.0.1','内网IP','{\"algorithm\":\"弗洛伊德\",\"createdDate\":\"2025-01-01\",\"deviceId\":2,\"pValue\":\"12\",\"parameter\":\"12\",\"params\":{},\"userId\":2}',NULL,1,'\r\n### Error updating database.  Cause: java.sql.SQLException: Field \'id\' doesn\'t have a default value\r\n### The error may exist in file [D:\\rundaProject\\runda-main\\ruoyi-runda\\target\\classes\\mapper\\runda\\DataCalibrationMapper.xml]\r\n### The error may involve com.ruoyi.runda.mapper.DataCalibrationMapper.insertDataCalibration-Inline\r\n### The error occurred while setting parameters\r\n### SQL: insert into data_calibration          ( user_id,                                                    created_date,                          algorithm,             parameter,             p_value,             device_id )           values ( ?,                                                    ?,                          ?,             ?,             ?,             ? )\r\n### Cause: java.sql.SQLException: Field \'id\' doesn\'t have a default value\n; Field \'id\' doesn\'t have a default value; nested exception is java.sql.SQLException: Field \'id\' doesn\'t have a default value','2025-01-07 16:11:31',18),(417,'数据校准管理',1,'com.ruoyi.runda.controller.DataCalibrationController.add()','POST',1,'admin','研发部门','/runda/calibration','127.0.0.1','内网IP','{\"algorithm\":\"弗洛伊德\",\"createdDate\":\"2025-01-01\",\"deviceId\":1,\"pValue\":\"12\",\"parameter\":\"12\",\"params\":{},\"userId\":2}',NULL,1,'\r\n### Error updating database.  Cause: java.sql.SQLException: Field \'id\' doesn\'t have a default value\r\n### The error may exist in file [D:\\rundaProject\\runda-main\\ruoyi-runda\\target\\classes\\mapper\\runda\\DataCalibrationMapper.xml]\r\n### The error may involve com.ruoyi.runda.mapper.DataCalibrationMapper.insertDataCalibration-Inline\r\n### The error occurred while setting parameters\r\n### SQL: insert into data_calibration          ( user_id,                                                    created_date,                          algorithm,             parameter,             p_value,             device_id )           values ( ?,                                                    ?,                          ?,             ?,             ?,             ? )\r\n### Cause: java.sql.SQLException: Field \'id\' doesn\'t have a default value\n; Field \'id\' doesn\'t have a default value; nested exception is java.sql.SQLException: Field \'id\' doesn\'t have a default value','2025-01-07 16:11:33',2),(418,'数据校准管理',1,'com.ruoyi.runda.controller.DataCalibrationController.add()','POST',1,'admin','研发部门','/runda/calibration','127.0.0.1','内网IP','{\"algorithm\":\"弗洛伊德\",\"createdDate\":\"2025-01-01\",\"deviceId\":1,\"pValue\":\"12\",\"parameter\":\"12\",\"params\":{},\"userId\":2}',NULL,1,'\r\n### Error updating database.  Cause: java.sql.SQLException: Field \'id\' doesn\'t have a default value\r\n### The error may exist in file [D:\\rundaProject\\runda-main\\ruoyi-runda\\target\\classes\\mapper\\runda\\DataCalibrationMapper.xml]\r\n### The error may involve com.ruoyi.runda.mapper.DataCalibrationMapper.insertDataCalibration-Inline\r\n### The error occurred while setting parameters\r\n### SQL: insert into data_calibration          ( user_id,                                                    created_date,                          algorithm,             parameter,             p_value,             device_id )           values ( ?,                                                    ?,                          ?,             ?,             ?,             ? )\r\n### Cause: java.sql.SQLException: Field \'id\' doesn\'t have a default value\n; Field \'id\' doesn\'t have a default value; nested exception is java.sql.SQLException: Field \'id\' doesn\'t have a default value','2025-01-07 16:11:45',3),(419,'单位名录',1,'com.ruoyi.runda.controller.EnterpriseListController.add()','POST',1,'admin','研发部门','/runda/list','127.0.0.1','内网IP','{\"addr\":\"辽宁省抚顺经济开发区拉古经济区拉古村6\",\"createTime\":\"2025-01-07 16:13:38\",\"heatSource\":\"电磁炉\",\"id\":5,\"lastUpdatedTime\":\"2025-01-14\",\"monitorCategory\":1,\"name\":\"抚顺罕王直接还原铁有限公司拉古分公司7\",\"params\":{},\"phone\":\"024-56206688\",\"polluteAir\":\"一氧化碳\",\"polluteGoods\":\"废水\",\"polluteSolid\":\"废渣\",\"polluteWater\":\"废水\",\"stationId\":1}','{\"msg\":\"操作成功\",\"code\":200}',0,NULL,'2025-01-07 16:13:38',31),(420,'接口日志',1,'com.ruoyi.runda.controller.InterfaceLogController.add()','POST',1,'admin','研发部门','/runda/log','127.0.0.1','内网IP','{\"createTime\":\"2025-01-07 16:14:11\",\"dataCount\":12,\"deviceAddcount\":12,\"deviceUpdatecount\":22,\"id\":2,\"modifyDate\":\"2025-01-14\",\"msg\":\"接口访问没有设备信息返回\",\"params\":{},\"status\":0,\"type\":1,\"userId\":2}','{\"msg\":\"操作成功\",\"code\":200}',0,NULL,'2025-01-07 16:14:11',13),(421,'项目管理',1,'com.ruoyi.runda.controller.ProjectController.add()','POST',1,'admin','研发部门','/runda/project','127.0.0.1','内网IP','{\"code\":\"\\t1570875593000\",\"createdTime\":\"2025-01-16\",\"id\":2,\"name\":\"建筑扬尘\",\"params\":{},\"type\":\"1\",\"url\":\"/profile/upload/2025/01/07/原型_20250107161425A001.png\"}','{\"msg\":\"操作成功\",\"code\":200}',0,NULL,'2025-01-07 16:14:40',13),(422,'监测站点管理',3,'com.ruoyi.runda.controller.StationController.remove()','DELETE',1,'admin','研发部门','/runda/station/1','127.0.0.1','内网IP','[1]',NULL,1,'\r\n### Error updating database.  Cause: java.sql.SQLIntegrityConstraintViolationException: Cannot delete or update a parent row: a foreign key constraint fails (`runda`.`alarm_data`, CONSTRAINT `alarm_ibfk_2` FOREIGN KEY (`station_id`) REFERENCES `station` (`id`) ON DELETE RESTRICT ON UPDATE CASCADE)\r\n### The error may exist in file [D:\\rundaProject\\runda-main\\ruoyi-runda\\target\\classes\\mapper\\runda\\StationMapper.xml]\r\n### The error may involve com.ruoyi.runda.mapper.StationMapper.deleteStationByIds-Inline\r\n### The error occurred while setting parameters\r\n### SQL: delete from station where id in           (               ?          )\r\n### Cause: java.sql.SQLIntegrityConstraintViolationException: Cannot delete or update a parent row: a foreign key constraint fails (`runda`.`alarm_data`, CONSTRAINT `alarm_ibfk_2` FOREIGN KEY (`station_id`) REFERENCES `station` (`id`) ON DELETE RESTRICT ON UPDATE CASCADE)\n; Cannot delete or update a parent row: a foreign key constraint fails (`runda`.`alarm_data`, CONSTRAINT `alarm_ibfk_2` FOREIGN KEY (`station_id`) REFERENCES `station` (`id`) ON DELETE RESTRICT ON UPDATE CASCADE); nested exception is java.sql.SQLIntegrityConstraintViolationException: Cannot delete or update a parent row: a foreign key constraint fails (`runda`.`alarm_data`, CONSTRAINT `alarm_ibfk_2` FOREIGN KEY (`station_id`) REFERENCES `station` (`id`) ON DELETE RESTRICT ON UPDATE CASCADE)','2025-01-07 16:15:07',10),(423,'大气数据查询212',1,'com.ruoyi.runda.controller.DataQuery212Controller.add()','POST',1,'admin','研发部门','/runda/query212','127.0.0.1','内网IP','{\"aqi\":12,\"co3Thickness\":12,\"coThickness\":12,\"humidity\":12,\"no2Thickness\":12,\"noise\":12,\"params\":{},\"pm\":12,\"pm10\":12,\"pressure\":12,\"so2Thickness\":12,\"temperature\":12,\"voscThickness\":2,\"windDirection\":12,\"windSpeed\":12}',NULL,1,'\r\n### Error updating database.  Cause: java.sql.SQLException: Field \'device_name\' doesn\'t have a default value\r\n### The error may exist in file [D:\\rundaProject\\runda-main\\ruoyi-runda\\target\\classes\\mapper\\runda\\DataQuery212Mapper.xml]\r\n### The error may involve com.ruoyi.runda.mapper.DataQuery212Mapper.insertDataQuery212-Inline\r\n### The error occurred while setting parameters\r\n### SQL: insert into data_query212          ( aqi,             temperature,             wind_speed,             wind_direction,             humidity,             pressure,             noise,             pm,             pm10,             so2_thickness,             no2_thickness,             co_thickness,             co3_thickness,             vosc_thickness,                                                                 pm_10 )           values ( ?,             ?,             ?,             ?,             ?,             ?,             ?,             ?,             ?,             ?,             ?,             ?,             ?,             ?,                                                                 ? )\r\n### Cause: java.sql.SQLException: Field \'device_name\' doesn\'t have a default value\n; Field \'device_name\' doesn\'t have a default value; nested exception is java.sql.SQLException: Field \'device_name\' doesn\'t have a default value','2025-01-07 16:16:24',16),(424,'手动矫正',1,'com.ruoyi.runda.controller.DataQueryCheckController.add()','POST',1,'admin','研发部门','/runda/check','127.0.0.1','内网IP','{\"aqi\":12,\"co3Thickness\":1,\"coThickness\":1,\"date\":\"2025-01-02\",\"deviceId\":1,\"deviceName\":\"额\",\"id\":2,\"no2Thickness\":1,\"params\":{},\"pm\":12,\"pm10\":1,\"so2Thickness\":1,\"voscThickness\":1}','{\"msg\":\"操作成功\",\"code\":200}',0,NULL,'2025-01-07 16:18:35',15),(425,'国控数据查询',1,'com.ruoyi.runda.controller.DataQueryCountryController.add()','POST',1,'admin','研发部门','/runda/country','127.0.0.1','内网IP','{\"aqi\":1,\"co3Thickness\":1,\"coThickness\":1,\"date\":\"2024-12-31\",\"id\":4,\"no2Thickness\":1,\"params\":{},\"pm\":1,\"pm10\":1,\"so2Thickness\":1,\"stationId\":1,\"stationName\":\"额\",\"voscThickness\":1}','{\"msg\":\"操作成功\",\"code\":200}',0,NULL,'2025-01-07 16:18:53',13),(426,'短信记录',1,'com.ruoyi.runda.controller.AlarmInfoController.add()','POST',1,'admin','研发部门','/runda/info','127.0.0.1','内网IP','{\"alarmType\":1,\"createDate\":\"2025-01-21 00:00:00\",\"id\":3,\"params\":{},\"phoneNumber\":\"123123123\",\"smsMessage\":\"额\",\"smsTem\":\"额\",\"stationId\":1}','{\"msg\":\"操作成功\",\"code\":200}',0,NULL,'2025-01-07 16:19:40',10),(427,'短信记录',3,'com.ruoyi.runda.controller.AlarmInfoController.remove()','DELETE',1,'admin','研发部门','/runda/info/3','127.0.0.1','内网IP','[3]','{\"msg\":\"操作成功\",\"code\":200}',0,NULL,'2025-01-07 16:19:44',5),(428,'代码生成',2,'com.ruoyi.generator.controller.GenController.editSave()','PUT',1,'admin','研发部门','/tool/gen','127.0.0.1','内网IP','{\"businessName\":\"info\",\"className\":\"AlarmInfo\",\"columns\":[{\"capJavaField\":\"Id\",\"columnComment\":\"主键\",\"columnId\":476,\"columnName\":\"id\",\"columnType\":\"bigint\",\"createBy\":\"admin\",\"createTime\":\"2025-01-07 11:31:57\",\"dictType\":\"\",\"edit\":false,\"htmlType\":\"input\",\"increment\":true,\"insert\":false,\"isIncrement\":\"1\",\"isInsert\":\"0\",\"isPk\":\"1\",\"isRequired\":\"0\",\"javaField\":\"id\",\"javaType\":\"Long\",\"list\":false,\"params\":{},\"pk\":true,\"query\":false,\"queryType\":\"EQ\",\"required\":false,\"sort\":1,\"superColumn\":false,\"tableId\":23,\"updateBy\":\"\",\"updateTime\":\"2025-01-07 15:47:36\",\"usableColumn\":false},{\"capJavaField\":\"UserId\",\"columnComment\":\"县级id\",\"columnId\":477,\"columnName\":\"user_id\",\"columnType\":\"bigint\",\"createBy\":\"admin\",\"createTime\":\"2025-01-07 11:31:57\",\"dictType\":\"\",\"edit\":false,\"htmlType\":\"input\",\"increment\":false,\"insert\":false,\"isEdit\":\"0\",\"isIncrement\":\"0\",\"isInsert\":\"0\",\"isList\":\"0\",\"isPk\":\"0\",\"isQuery\":\"0\",\"isRequired\":\"0\",\"javaField\":\"userId\",\"javaType\":\"Long\",\"list\":false,\"params\":{},\"pk\":false,\"query\":false,\"queryType\":\"EQ\",\"required\":false,\"sort\":2,\"superColumn\":false,\"tableId\":23,\"updateBy\":\"\",\"updateTime\":\"2025-01-07 15:47:36\",\"usableColumn\":false},{\"capJavaField\":\"UserName\",\"columnComment\":\"联系人\",\"columnId\":478,\"columnName\":\"user_name\",\"columnType\":\"varchar(255)\",\"createBy\":\"admin\",\"createTime\":\"2025-01-07 11:31:57\",\"dictType\":\"\",\"edit\":false,\"htmlType\":\"input\",\"increment\":false,\"insert\":false,\"isEdit\":\"0\",\"isIncrement\":\"0\",\"isInsert\":\"0\",\"isList\":\"0\",\"isPk\":\"0\",\"isQuery\":\"0\",\"isRequired\":\"0\",\"javaField\":\"userName\",\"javaType\":\"String\",\"list\":false,\"params\":{},\"pk\":false,\"query\":false,\"queryType\":\"LIKE\",\"required\":false,\"sort\":3,\"superColumn\":false,\"tableId\":23,\"updateBy\":\"\",\"updateTime\":\"2025-01-07 15:47:36\",\"usableColumn\":false},{\"capJavaField\":\"EnterpriseId\",\"columnComment\":\"单位id\",\"columnId\":479,\"columnName\":\"enterprise_id\",\"columnType\":\"bigint\",\"createBy\":\"admin\",\"createTime\":\"2025-01-07 11:31:57\",\"dictType\":\"\",\"edit\":false,\"htmlType\":\"input\",\"increment\":false,\"insert\":fal','{\"msg\":\"操作成功\",\"code\":200}',0,NULL,'2025-01-07 16:20:49',180),(429,'代码生成',2,'com.ruoyi.generator.controller.GenController.editSave()','PUT',1,'admin','研发部门','/tool/gen','127.0.0.1','内网IP','{\"businessName\":\"remind\",\"className\":\"AlarmRemind\",\"columns\":[{\"capJavaField\":\"Id\",\"columnComment\":\"主键\",\"columnId\":460,\"columnName\":\"id\",\"columnType\":\"bigint\",\"createBy\":\"admin\",\"createTime\":\"2025-01-07 11:27:45\",\"dictType\":\"\",\"edit\":false,\"htmlType\":\"input\",\"increment\":true,\"insert\":false,\"isIncrement\":\"1\",\"isInsert\":\"0\",\"isPk\":\"1\",\"isRequired\":\"0\",\"javaField\":\"id\",\"javaType\":\"Long\",\"list\":false,\"params\":{},\"pk\":true,\"query\":false,\"queryType\":\"EQ\",\"required\":false,\"sort\":1,\"superColumn\":false,\"tableId\":22,\"updateBy\":\"\",\"updateTime\":\"2025-01-07 15:44:33\",\"usableColumn\":false},{\"capJavaField\":\"AlarmType\",\"columnComment\":\"报警类型\",\"columnId\":461,\"columnName\":\"alarm_type\",\"columnType\":\"int\",\"createBy\":\"admin\",\"createTime\":\"2025-01-07 11:27:45\",\"dictType\":\"alarm_type\",\"edit\":true,\"htmlType\":\"select\",\"increment\":false,\"insert\":true,\"isEdit\":\"1\",\"isIncrement\":\"0\",\"isInsert\":\"1\",\"isList\":\"1\",\"isPk\":\"0\",\"isQuery\":\"1\",\"isRequired\":\"1\",\"javaField\":\"alarmType\",\"javaType\":\"Long\",\"list\":true,\"params\":{},\"pk\":false,\"query\":true,\"queryType\":\"EQ\",\"required\":true,\"sort\":2,\"superColumn\":false,\"tableId\":22,\"updateBy\":\"\",\"updateTime\":\"2025-01-07 15:44:33\",\"usableColumn\":false},{\"capJavaField\":\"AlarmParamType\",\"columnComment\":\"报警参数类型\",\"columnId\":462,\"columnName\":\"alarm_param_type\",\"columnType\":\"int\",\"createBy\":\"admin\",\"createTime\":\"2025-01-07 11:27:45\",\"dictType\":\"alarm_param_type\",\"edit\":true,\"htmlType\":\"select\",\"increment\":false,\"insert\":true,\"isEdit\":\"1\",\"isIncrement\":\"0\",\"isInsert\":\"1\",\"isList\":\"1\",\"isPk\":\"0\",\"isQuery\":\"1\",\"isRequired\":\"1\",\"javaField\":\"alarmParamType\",\"javaType\":\"Long\",\"list\":true,\"params\":{},\"pk\":false,\"query\":true,\"queryType\":\"EQ\",\"required\":true,\"sort\":3,\"superColumn\":false,\"tableId\":22,\"updateBy\":\"\",\"updateTime\":\"2025-01-07 15:44:33\",\"usableColumn\":false},{\"capJavaField\":\"Guid\",\"columnComment\":\"国控code\",\"columnId\":463,\"columnName\":\"guid\",\"columnType\":\"varchar(100)\",\"createBy\":\"admin\",\"createTime\":\"2025-01-07 11:27:45\",\"dictType\":\"\",\"edit\":true,\"htmlType\":\"input\",\"in','{\"msg\":\"操作成功\",\"code\":200}',0,NULL,'2025-01-07 16:21:26',50),(430,'代码生成',2,'com.ruoyi.generator.controller.GenController.editSave()','PUT',1,'admin','研发部门','/tool/gen','127.0.0.1','内网IP','{\"businessName\":\"station\",\"className\":\"Station\",\"columns\":[{\"capJavaField\":\"Id\",\"columnComment\":\"主键\",\"columnId\":594,\"columnName\":\"id\",\"columnType\":\"bigint\",\"createBy\":\"admin\",\"createTime\":\"2025-01-07 13:35:44\",\"dictType\":\"\",\"edit\":false,\"htmlType\":\"input\",\"increment\":false,\"insert\":false,\"isIncrement\":\"0\",\"isInsert\":\"0\",\"isPk\":\"1\",\"isRequired\":\"0\",\"javaField\":\"id\",\"javaType\":\"Long\",\"list\":false,\"params\":{},\"pk\":true,\"query\":false,\"queryType\":\"EQ\",\"required\":false,\"sort\":1,\"superColumn\":false,\"tableId\":30,\"updateBy\":\"\",\"updateTime\":\"2025-01-07 13:49:44\",\"usableColumn\":false},{\"capJavaField\":\"StationCode\",\"columnComment\":\"站点代码\",\"columnId\":595,\"columnName\":\"station_code\",\"columnType\":\"varchar(50)\",\"createBy\":\"admin\",\"createTime\":\"2025-01-07 13:35:44\",\"dictType\":\"\",\"edit\":false,\"htmlType\":\"input\",\"increment\":false,\"insert\":false,\"isEdit\":\"0\",\"isIncrement\":\"0\",\"isInsert\":\"0\",\"isList\":\"0\",\"isPk\":\"0\",\"isQuery\":\"0\",\"isRequired\":\"0\",\"javaField\":\"stationCode\",\"javaType\":\"String\",\"list\":false,\"params\":{},\"pk\":false,\"query\":false,\"queryType\":\"EQ\",\"required\":false,\"sort\":2,\"superColumn\":false,\"tableId\":30,\"updateBy\":\"\",\"updateTime\":\"2025-01-07 13:49:44\",\"usableColumn\":false},{\"capJavaField\":\"StationName\",\"columnComment\":\"监测站名称\",\"columnId\":596,\"columnName\":\"station_name\",\"columnType\":\"varchar(150)\",\"createBy\":\"admin\",\"createTime\":\"2025-01-07 13:35:45\",\"dictType\":\"\",\"edit\":true,\"htmlType\":\"input\",\"increment\":false,\"insert\":true,\"isEdit\":\"1\",\"isIncrement\":\"0\",\"isInsert\":\"1\",\"isList\":\"1\",\"isPk\":\"0\",\"isQuery\":\"1\",\"isRequired\":\"1\",\"javaField\":\"stationName\",\"javaType\":\"String\",\"list\":true,\"params\":{},\"pk\":false,\"query\":true,\"queryType\":\"LIKE\",\"required\":true,\"sort\":3,\"superColumn\":false,\"tableId\":30,\"updateBy\":\"\",\"updateTime\":\"2025-01-07 13:49:44\",\"usableColumn\":false},{\"capJavaField\":\"RiverName\",\"columnComment\":\"河流名称\",\"columnId\":597,\"columnName\":\"river_name\",\"columnType\":\"varchar(100)\",\"createBy\":\"admin\",\"createTime\":\"2025-01-07 13:35:45\",\"dictType\":\"\",\"edit\":false,\"htmlType\":\"input\",','{\"msg\":\"操作成功\",\"code\":200}',0,NULL,'2025-01-07 16:23:40',101),(431,'代码生成',2,'com.ruoyi.generator.controller.GenController.editSave()','PUT',1,'admin','研发部门','/tool/gen','127.0.0.1','内网IP','{\"businessName\":\"query212\",\"className\":\"DataQuery212\",\"columns\":[{\"capJavaField\":\"Id\",\"columnComment\":\"主键id\",\"columnId\":816,\"columnName\":\"id\",\"columnType\":\"bigint\",\"createBy\":\"admin\",\"createTime\":\"2025-01-07 14:31:34\",\"dictType\":\"\",\"edit\":false,\"htmlType\":\"input\",\"increment\":true,\"insert\":false,\"isIncrement\":\"1\",\"isInsert\":\"0\",\"isPk\":\"1\",\"isRequired\":\"0\",\"javaField\":\"id\",\"javaType\":\"Long\",\"list\":false,\"params\":{},\"pk\":true,\"query\":false,\"queryType\":\"EQ\",\"required\":false,\"sort\":1,\"superColumn\":false,\"tableId\":36,\"updateBy\":\"\",\"updateTime\":\"2025-01-07 15:50:46\",\"usableColumn\":false},{\"capJavaField\":\"DeviceId\",\"columnComment\":\"设备id\",\"columnId\":817,\"columnName\":\"device_id\",\"columnType\":\"bigint\",\"createBy\":\"admin\",\"createTime\":\"2025-01-07 14:31:34\",\"dictType\":\"\",\"edit\":true,\"htmlType\":\"select\",\"increment\":false,\"insert\":true,\"isEdit\":\"1\",\"isIncrement\":\"0\",\"isInsert\":\"1\",\"isList\":\"1\",\"isPk\":\"0\",\"isQuery\":\"1\",\"isRequired\":\"1\",\"javaField\":\"deviceId\",\"javaType\":\"Long\",\"list\":true,\"params\":{},\"pk\":false,\"query\":true,\"queryType\":\"EQ\",\"required\":true,\"sort\":2,\"superColumn\":false,\"tableId\":36,\"updateBy\":\"\",\"updateTime\":\"2025-01-07 15:50:46\",\"usableColumn\":false},{\"capJavaField\":\"DeviceName\",\"columnComment\":\"设备名称\",\"columnId\":818,\"columnName\":\"device_name\",\"columnType\":\"varchar(100)\",\"createBy\":\"admin\",\"createTime\":\"2025-01-07 14:31:34\",\"dictType\":\"\",\"edit\":false,\"htmlType\":\"input\",\"increment\":false,\"insert\":false,\"isEdit\":\"0\",\"isIncrement\":\"0\",\"isInsert\":\"0\",\"isList\":\"0\",\"isPk\":\"0\",\"isQuery\":\"0\",\"isRequired\":\"0\",\"javaField\":\"deviceName\",\"javaType\":\"String\",\"list\":false,\"params\":{},\"pk\":false,\"query\":false,\"queryType\":\"LIKE\",\"required\":false,\"sort\":3,\"superColumn\":false,\"tableId\":36,\"updateBy\":\"\",\"updateTime\":\"2025-01-07 15:50:46\",\"usableColumn\":false},{\"capJavaField\":\"Date\",\"columnComment\":\"日期\",\"columnId\":819,\"columnName\":\"date\",\"columnType\":\"datetime\",\"createBy\":\"admin\",\"createTime\":\"2025-01-07 14:31:34\",\"dictType\":\"\",\"edit\":false,\"htmlType\":\"datetime\",\"increment\":false,\"insert\"','{\"msg\":\"操作成功\",\"code\":200}',0,NULL,'2025-01-07 16:24:57',76),(432,'代码生成',2,'com.ruoyi.generator.controller.GenController.editSave()','PUT',1,'admin','研发部门','/tool/gen','127.0.0.1','内网IP','{\"businessName\":\"device\",\"className\":\"Device\",\"columns\":[{\"capJavaField\":\"Id\",\"columnComment\":\"主键\",\"columnId\":560,\"columnName\":\"id\",\"columnType\":\"bigint\",\"createBy\":\"admin\",\"createTime\":\"2025-01-07 12:32:38\",\"dictType\":\"\",\"edit\":false,\"htmlType\":\"input\",\"increment\":true,\"insert\":false,\"isIncrement\":\"1\",\"isInsert\":\"0\",\"isPk\":\"1\",\"isRequired\":\"0\",\"javaField\":\"id\",\"javaType\":\"Long\",\"list\":false,\"params\":{},\"pk\":true,\"query\":false,\"queryType\":\"EQ\",\"required\":false,\"sort\":1,\"superColumn\":false,\"tableId\":29,\"updateBy\":\"\",\"updateTime\":\"2025-01-07 15:52:10\",\"usableColumn\":false},{\"capJavaField\":\"Name\",\"columnComment\":\"设备名称\",\"columnId\":561,\"columnName\":\"name\",\"columnType\":\"varchar(200)\",\"createBy\":\"admin\",\"createTime\":\"2025-01-07 12:32:38\",\"dictType\":\"\",\"edit\":true,\"htmlType\":\"input\",\"increment\":false,\"insert\":true,\"isEdit\":\"1\",\"isIncrement\":\"0\",\"isInsert\":\"1\",\"isList\":\"1\",\"isPk\":\"0\",\"isQuery\":\"1\",\"isRequired\":\"1\",\"javaField\":\"name\",\"javaType\":\"String\",\"list\":true,\"params\":{},\"pk\":false,\"query\":true,\"queryType\":\"LIKE\",\"required\":true,\"sort\":2,\"superColumn\":false,\"tableId\":29,\"updateBy\":\"\",\"updateTime\":\"2025-01-07 15:52:10\",\"usableColumn\":false},{\"capJavaField\":\"Sn\",\"columnComment\":\"设备号\",\"columnId\":562,\"columnName\":\"sn\",\"columnType\":\"varchar(50)\",\"createBy\":\"admin\",\"createTime\":\"2025-01-07 12:32:38\",\"dictType\":\"\",\"edit\":true,\"htmlType\":\"input\",\"increment\":false,\"insert\":true,\"isEdit\":\"1\",\"isIncrement\":\"0\",\"isInsert\":\"1\",\"isList\":\"1\",\"isPk\":\"0\",\"isQuery\":\"1\",\"isRequired\":\"1\",\"javaField\":\"sn\",\"javaType\":\"String\",\"list\":true,\"params\":{},\"pk\":false,\"query\":true,\"queryType\":\"EQ\",\"required\":true,\"sort\":3,\"superColumn\":false,\"tableId\":29,\"updateBy\":\"\",\"updateTime\":\"2025-01-07 15:52:10\",\"usableColumn\":false},{\"capJavaField\":\"Longitude\",\"columnComment\":\"经度\",\"columnId\":563,\"columnName\":\"longitude\",\"columnType\":\"double\",\"createBy\":\"admin\",\"createTime\":\"2025-01-07 12:32:38\",\"dictType\":\"\",\"edit\":true,\"htmlType\":\"input\",\"increment\":false,\"insert\":true,\"isEdit\":\"1\",\"isIncrement\":\"0\",\"isInse','{\"msg\":\"操作成功\",\"code\":200}',0,NULL,'2025-01-07 16:27:22',94),(433,'代码生成',8,'com.ruoyi.generator.controller.GenController.batchGenCode()','GET',1,'admin','研发部门','/tool/gen/batchGenCode','127.0.0.1','内网IP','{\"tables\":\"alarm_remind,alarm_info,station,data_query212,device\"}',NULL,0,NULL,'2025-01-07 16:28:21',590),(434,'菜单管理',3,'com.ruoyi.web.controller.system.SysMenuController.remove()','DELETE',1,'admin','研发部门','/system/menu/2126','127.0.0.1','内网IP','2126','{\"msg\":\"操作成功\",\"code\":200}',0,NULL,'2025-01-07 16:32:40',42),(435,'菜单管理',3,'com.ruoyi.web.controller.system.SysMenuController.remove()','DELETE',1,'admin','研发部门','/system/menu/2125','127.0.0.1','内网IP','2125','{\"msg\":\"操作成功\",\"code\":200}',0,NULL,'2025-01-07 16:32:42',15),(436,'菜单管理',3,'com.ruoyi.web.controller.system.SysMenuController.remove()','DELETE',1,'admin','研发部门','/system/menu/2124','127.0.0.1','内网IP','2124','{\"msg\":\"操作成功\",\"code\":200}',0,NULL,'2025-01-07 16:32:44',8),(437,'菜单管理',3,'com.ruoyi.web.controller.system.SysMenuController.remove()','DELETE',1,'admin','研发部门','/system/menu/2123','127.0.0.1','内网IP','2123','{\"msg\":\"操作成功\",\"code\":200}',0,NULL,'2025-01-07 16:32:46',13),(438,'菜单管理',3,'com.ruoyi.web.controller.system.SysMenuController.remove()','DELETE',1,'admin','研发部门','/system/menu/2122','127.0.0.1','内网IP','2122','{\"msg\":\"操作成功\",\"code\":200}',0,NULL,'2025-01-07 16:32:48',15),(439,'菜单管理',3,'com.ruoyi.web.controller.system.SysMenuController.remove()','DELETE',1,'admin','研发部门','/system/menu/2121','127.0.0.1','内网IP','2121','{\"msg\":\"操作成功\",\"code\":200}',0,NULL,'2025-01-07 16:32:50',14),(440,'菜单管理',3,'com.ruoyi.web.controller.system.SysMenuController.remove()','DELETE',1,'admin','研发部门','/system/menu/2156','127.0.0.1','内网IP','2156','{\"msg\":\"操作成功\",\"code\":200}',0,NULL,'2025-01-07 16:32:55',9),(441,'菜单管理',3,'com.ruoyi.web.controller.system.SysMenuController.remove()','DELETE',1,'admin','研发部门','/system/menu/2155','127.0.0.1','内网IP','2155','{\"msg\":\"操作成功\",\"code\":200}',0,NULL,'2025-01-07 16:32:57',13),(442,'菜单管理',3,'com.ruoyi.web.controller.system.SysMenuController.remove()','DELETE',1,'admin','研发部门','/system/menu/2154','127.0.0.1','内网IP','2154','{\"msg\":\"操作成功\",\"code\":200}',0,NULL,'2025-01-07 16:32:59',13),(443,'菜单管理',3,'com.ruoyi.web.controller.system.SysMenuController.remove()','DELETE',1,'admin','研发部门','/system/menu/2153','127.0.0.1','内网IP','2153','{\"msg\":\"操作成功\",\"code\":200}',0,NULL,'2025-01-07 16:33:01',9),(444,'菜单管理',3,'com.ruoyi.web.controller.system.SysMenuController.remove()','DELETE',1,'admin','研发部门','/system/menu/2152','127.0.0.1','内网IP','2152','{\"msg\":\"操作成功\",\"code\":200}',0,NULL,'2025-01-07 16:33:03',13),(445,'菜单管理',3,'com.ruoyi.web.controller.system.SysMenuController.remove()','DELETE',1,'admin','研发部门','/system/menu/2151','127.0.0.1','内网IP','2151','{\"msg\":\"操作成功\",\"code\":200}',0,NULL,'2025-01-07 16:33:04',12),(446,'短信记录',1,'com.ruoyi.runda.controller.AlarmInfoController.add()','POST',1,'admin','研发部门','/runda/info','127.0.0.1','内网IP','{\"alarmType\":1,\"createDate\":\"2025-01-23\",\"id\":4,\"params\":{},\"phoneNumber\":\"15178987799\",\"smsFail\":\"无信号\",\"smsMessage\":\"【百斛环保】蔚县鹏辉未来城粉尘污染超标报警，请及时处理.\",\"smsTem\":\"426234\",\"stationId\":1,\"systemUserId\":1}','{\"msg\":\"操作成功\",\"code\":200}',0,NULL,'2025-01-07 16:35:32',57),(447,'告警设置',3,'com.ruoyi.runda.controller.AlarmRemindController.remove()','DELETE',1,'admin','研发部门','/runda/remind/4','127.0.0.1','内网IP','[4]','{\"msg\":\"操作成功\",\"code\":200}',0,NULL,'2025-01-07 16:35:59',24),(448,'告警设置',1,'com.ruoyi.runda.controller.AlarmRemindController.add()','POST',1,'admin','研发部门','/runda/remind','127.0.0.1','内网IP','{\"alarmParamType\":1,\"alarmType\":1,\"createDate\":\"2025-01-14\",\"id\":5,\"params\":{},\"standardValue\":80,\"status\":0,\"systemUserId\":1,\"userId\":2}','{\"msg\":\"操作成功\",\"code\":200}',0,NULL,'2025-01-07 16:36:15',22),(449,'菜单管理',3,'com.ruoyi.web.controller.system.SysMenuController.remove()','DELETE',1,'admin','研发部门','/system/menu/2162','127.0.0.1','内网IP','2162','{\"msg\":\"操作成功\",\"code\":200}',0,NULL,'2025-01-07 16:37:32',21),(450,'菜单管理',3,'com.ruoyi.web.controller.system.SysMenuController.remove()','DELETE',1,'admin','研发部门','/system/menu/2161','127.0.0.1','内网IP','2161','{\"msg\":\"操作成功\",\"code\":200}',0,NULL,'2025-01-07 16:37:34',15),(451,'菜单管理',3,'com.ruoyi.web.controller.system.SysMenuController.remove()','DELETE',1,'admin','研发部门','/system/menu/2159','127.0.0.1','内网IP','2159','{\"msg\":\"操作成功\",\"code\":200}',0,NULL,'2025-01-07 16:37:36',20),(452,'菜单管理',3,'com.ruoyi.web.controller.system.SysMenuController.remove()','DELETE',1,'admin','研发部门','/system/menu/2160','127.0.0.1','内网IP','2160','{\"msg\":\"操作成功\",\"code\":200}',0,NULL,'2025-01-07 16:37:39',17),(453,'菜单管理',3,'com.ruoyi.web.controller.system.SysMenuController.remove()','DELETE',1,'admin','研发部门','/system/menu/2158','127.0.0.1','内网IP','2158','{\"msg\":\"操作成功\",\"code\":200}',0,NULL,'2025-01-07 16:37:41',8),(454,'菜单管理',3,'com.ruoyi.web.controller.system.SysMenuController.remove()','DELETE',1,'admin','研发部门','/system/menu/2157','127.0.0.1','内网IP','2157','{\"msg\":\"操作成功\",\"code\":200}',0,NULL,'2025-01-07 16:37:46',19),(455,'监测站点管理',1,'com.ruoyi.runda.controller.StationController.add()','POST',1,'admin','研发部门','/runda/station','127.0.0.1','内网IP','{\"cityCn\":\"张家口市\",\"createdTime\":\"2025-01-22\",\"floorSpace\":212,\"jgbm\":\"额\",\"jgzr\":\"额\",\"jgzrdh\":\"13234474104\",\"jsdwmc\":\"抚顺罕王直接还原铁有限公司拉古分公司7\",\"jstsyhydm\":\"抚顺罕王直接还原铁有限公司拉古分公司7\",\"latitude\":1212,\"licensNumber\":\"3313136131\",\"longitude\":121,\"monitoringWay\":1,\"params\":{},\"phone\":\"02456206688\",\"provinceCn\":\"河北省\",\"sfazjcsb\":\"2\",\"sgdwmc\":\"抚顺罕王直接还原铁有限公司拉古分公司7\",\"sgtshyhdym\":\"抚顺罕王直接还原铁有限公司拉古分公司7\",\"sjjd\":\"2\",\"stationName\":\"额\",\"stationStatus\":1,\"type\":1}',NULL,1,'\r\n### Error updating database.  Cause: com.mysql.cj.jdbc.exceptions.MysqlDataTruncation: Data truncation: Data too long for column \'jstsyhydm\' at row 1\r\n### The error may exist in file [D:\\rundaProject\\runda-main\\ruoyi-runda\\target\\classes\\mapper\\runda\\StationMapper.xml]\r\n### The error may involve com.ruoyi.runda.mapper.StationMapper.insertStation-Inline\r\n### The error occurred while setting parameters\r\n### SQL: insert into station          ( station_name,                                                                                                        monitoring_way,                                       province_cn,                          city_cn,                                                                                           created_time,                          longitude,             latitude,             type,                          station_status,             phone,                                                    floor_space,             licens_number,                          jsdwmc,             jstsyhydm,             sgdwmc,             sgtshyhdym,             jgbm,             jgzr,             jgzrdh,             sjjd,             sfazjcsb )           values ( ?,                                                                                                        ?,                                       ?,                          ?,                                                                                           ?,                          ?,             ?,             ?,                          ?,             ?,                                                    ?,             ?,                          ?,             ?,             ?,             ?,             ?,             ?,             ?,             ?,             ? )\r\n### Cause: com.mysql.cj.jdbc.exceptions.MysqlDataTruncation: Data truncation: Data too long for column \'jstsyhydm\' at row 1\n; Data truncation: Data too long for column \'jstsyhydm\' at row 1; nested ','2025-01-07 16:38:52',138),(456,'监测站点管理',1,'com.ruoyi.runda.controller.StationController.add()','POST',1,'admin','研发部门','/runda/station','127.0.0.1','内网IP','{\"cityCn\":\"张家口市\",\"createdTime\":\"2024-12-31\",\"floorSpace\":2221,\"jgbm\":\"额\",\"jgzr\":\"额\",\"jgzrdh\":\"123123123\",\"jsdwmc\":\"额\",\"jstsyhydm\":\"123123123\",\"latitude\":123,\"licensNumber\":\"123123123\",\"longitude\":123,\"params\":{},\"phone\":\"13234474104\",\"provinceCn\":\"河北省\",\"sfazjcsb\":\"1\",\"sgdwmc\":\"额\",\"sgtshyhdym\":\"123123123\",\"sjjd\":\"1\",\"stationName\":\"额\",\"stationStatus\":1,\"type\":1}',NULL,1,'\r\n### Error updating database.  Cause: java.sql.SQLException: Field \'id\' doesn\'t have a default value\r\n### The error may exist in file [D:\\rundaProject\\runda-main\\ruoyi-runda\\target\\classes\\mapper\\runda\\StationMapper.xml]\r\n### The error may involve com.ruoyi.runda.mapper.StationMapper.insertStation-Inline\r\n### The error occurred while setting parameters\r\n### SQL: insert into station          ( station_name,                                                                                                                                               province_cn,                          city_cn,                                                                                           created_time,                          longitude,             latitude,             type,                          station_status,             phone,                                                    floor_space,             licens_number,                          jsdwmc,             jstsyhydm,             sgdwmc,             sgtshyhdym,             jgbm,             jgzr,             jgzrdh,             sjjd,             sfazjcsb )           values ( ?,                                                                                                                                               ?,                          ?,                                                                                           ?,                          ?,             ?,             ?,                          ?,             ?,                                                    ?,             ?,                          ?,             ?,             ?,             ?,             ?,             ?,             ?,             ?,             ? )\r\n### Cause: java.sql.SQLException: Field \'id\' doesn\'t have a default value\n; Field \'id\' doesn\'t have a default value; nested exception is java.sql.SQLException: Field \'id\' doesn\'t have a default value','2025-01-07 16:40:17',23),(457,'菜单管理',3,'com.ruoyi.web.controller.system.SysMenuController.remove()','DELETE',1,'admin','研发部门','/system/menu/2146','127.0.0.1','内网IP','2146','{\"msg\":\"操作成功\",\"code\":200}',0,NULL,'2025-01-07 16:41:00',14),(458,'菜单管理',3,'com.ruoyi.web.controller.system.SysMenuController.remove()','DELETE',1,'admin','研发部门','/system/menu/2147','127.0.0.1','内网IP','2147','{\"msg\":\"操作成功\",\"code\":200}',0,NULL,'2025-01-07 16:41:01',16),(459,'菜单管理',3,'com.ruoyi.web.controller.system.SysMenuController.remove()','DELETE',1,'admin','研发部门','/system/menu/2148','127.0.0.1','内网IP','2148','{\"msg\":\"操作成功\",\"code\":200}',0,NULL,'2025-01-07 16:41:05',18),(460,'菜单管理',3,'com.ruoyi.web.controller.system.SysMenuController.remove()','DELETE',1,'admin','研发部门','/system/menu/2149','127.0.0.1','内网IP','2149','{\"msg\":\"操作成功\",\"code\":200}',0,NULL,'2025-01-07 16:41:06',17),(461,'菜单管理',3,'com.ruoyi.web.controller.system.SysMenuController.remove()','DELETE',1,'admin','研发部门','/system/menu/2150','127.0.0.1','内网IP','2150','{\"msg\":\"操作成功\",\"code\":200}',0,NULL,'2025-01-07 16:41:08',16),(462,'菜单管理',3,'com.ruoyi.web.controller.system.SysMenuController.remove()','DELETE',1,'admin','研发部门','/system/menu/2145','127.0.0.1','内网IP','2145','{\"msg\":\"操作成功\",\"code\":200}',0,NULL,'2025-01-07 16:41:11',13),(463,'菜单管理',3,'com.ruoyi.web.controller.system.SysMenuController.remove()','DELETE',1,'admin','研发部门','/system/menu/2116','127.0.0.1','内网IP','2116','{\"msg\":\"操作成功\",\"code\":200}',0,NULL,'2025-01-07 16:41:17',19),(464,'菜单管理',3,'com.ruoyi.web.controller.system.SysMenuController.remove()','DELETE',1,'admin','研发部门','/system/menu/2117','127.0.0.1','内网IP','2117','{\"msg\":\"操作成功\",\"code\":200}',0,NULL,'2025-01-07 16:41:19',16),(465,'菜单管理',3,'com.ruoyi.web.controller.system.SysMenuController.remove()','DELETE',1,'admin','研发部门','/system/menu/2118','127.0.0.1','内网IP','2118','{\"msg\":\"操作成功\",\"code\":200}',0,NULL,'2025-01-07 16:41:21',19),(466,'菜单管理',3,'com.ruoyi.web.controller.system.SysMenuController.remove()','DELETE',1,'admin','研发部门','/system/menu/2119','127.0.0.1','内网IP','2119','{\"msg\":\"操作成功\",\"code\":200}',0,NULL,'2025-01-07 16:41:23',41),(467,'菜单管理',3,'com.ruoyi.web.controller.system.SysMenuController.remove()','DELETE',1,'admin','研发部门','/system/menu/2120','127.0.0.1','内网IP','2120','{\"msg\":\"操作成功\",\"code\":200}',0,NULL,'2025-01-07 16:41:25',19),(468,'菜单管理',3,'com.ruoyi.web.controller.system.SysMenuController.remove()','DELETE',1,'admin','研发部门','/system/menu/2115','127.0.0.1','内网IP','2115','{\"msg\":\"操作成功\",\"code\":200}',0,NULL,'2025-01-07 16:41:28',11),(469,'监测设备管理设备',1,'com.ruoyi.runda.controller.DeviceController.add()','POST',1,'admin','研发部门','/runda/device','127.0.0.1','内网IP','{\"createdTime\":\"2025-01-02\",\"id\":3,\"isStandard\":1,\"latitude\":123,\"longitude\":123,\"manufacturer\":\"额\",\"name\":\"额\",\"params\":{},\"phoneNumber\":\"123123\",\"sn\":\"123\",\"stationId\":1,\"status\":2}','{\"msg\":\"操作成功\",\"code\":200}',0,NULL,'2025-01-07 16:42:21',20),(470,'大气数据查询212',2,'com.ruoyi.runda.controller.DataQuery212Controller.edit()','PUT',1,'admin','研发部门','/runda/query212','127.0.0.1','内网IP','{\"aqi\":213,\"co3Thickness\":12,\"coThickness\":12,\"date\":\"2025-01-19 16:17:11\",\"deviceId\":1,\"deviceName\":\"嗯嗯\",\"humidity\":123,\"id\":1,\"no2Thickness\":12,\"noise\":123,\"params\":{},\"pm\":123,\"pm10\":123,\"pressure\":123,\"so2Thickness\":12,\"temperature\":123,\"voscThickness\":12,\"windDirection\":\"13\",\"windSpeed\":123}','{\"msg\":\"操作成功\",\"code\":200}',0,NULL,'2025-01-07 16:43:03',30),(471,'大气数据查询212',2,'com.ruoyi.runda.controller.DataQuery212Controller.edit()','PUT',1,'admin','研发部门','/runda/query212','127.0.0.1','内网IP','{\"aqi\":213,\"co3Thickness\":12,\"coThickness\":12,\"date\":\"2025-01-19 16:17:11\",\"deviceId\":1,\"deviceName\":\"嗯嗯\",\"humidity\":123,\"id\":1,\"no2Thickness\":12,\"noise\":123,\"params\":{},\"pm\":123,\"pm10\":123,\"pressure\":123,\"so2Thickness\":12,\"temperature\":123,\"voscThickness\":12,\"windDirection\":\"男\",\"windSpeed\":123}','{\"msg\":\"操作成功\",\"code\":200}',0,NULL,'2025-01-07 16:43:21',10),(472,'大气数据查询212',2,'com.ruoyi.runda.controller.DataQuery212Controller.edit()','PUT',1,'admin','研发部门','/runda/query212','127.0.0.1','内网IP','{\"aqi\":213,\"co3Thickness\":12,\"coThickness\":12,\"date\":\"2025-01-19 16:17:11\",\"deviceId\":1,\"deviceName\":\"嗯嗯\",\"humidity\":123,\"id\":1,\"no2Thickness\":12,\"noise\":123,\"params\":{},\"pm\":123,\"pm10\":123,\"pressure\":123,\"so2Thickness\":12,\"temperature\":123,\"voscThickness\":12,\"windDirection\":\"西北\",\"windSpeed\":123}','{\"msg\":\"操作成功\",\"code\":200}',0,NULL,'2025-01-07 16:43:35',10),(473,'数据校准管理',1,'com.ruoyi.runda.controller.DataCalibrationController.add()','POST',1,'admin','研发部门','/runda/calibration','127.0.0.1','内网IP','{\"algorithm\":\"额\",\"createdDate\":\"2025-01-08\",\"deviceId\":1,\"pValue\":\"12\",\"parameter\":\"12\",\"params\":{},\"userId\":2}',NULL,1,'\r\n### Error updating database.  Cause: java.sql.SQLException: Field \'id\' doesn\'t have a default value\r\n### The error may exist in file [D:\\rundaProject\\runda-main\\ruoyi-runda\\target\\classes\\mapper\\runda\\DataCalibrationMapper.xml]\r\n### The error may involve com.ruoyi.runda.mapper.DataCalibrationMapper.insertDataCalibration-Inline\r\n### The error occurred while setting parameters\r\n### SQL: insert into data_calibration          ( user_id,                                                    created_date,                          algorithm,             parameter,             p_value,             device_id )           values ( ?,                                                    ?,                          ?,             ?,             ?,             ? )\r\n### Cause: java.sql.SQLException: Field \'id\' doesn\'t have a default value\n; Field \'id\' doesn\'t have a default value; nested exception is java.sql.SQLException: Field \'id\' doesn\'t have a default value','2025-01-07 16:44:40',15),(474,'短信记录',5,'com.ruoyi.runda.controller.AlarmInfoController.export()','POST',1,'admin','研发部门','/runda/info/export','127.0.0.1','内网IP','{\"pageSize\":\"10\",\"pageNum\":\"1\"}',NULL,0,NULL,'2025-01-07 17:17:10',1236),(475,'代码生成',2,'com.ruoyi.generator.controller.GenController.synchDb()','GET',1,'admin','研发部门','/tool/gen/synchDb/data_calibration','127.0.0.1','内网IP','{}','{\"msg\":\"操作成功\",\"code\":200}',0,NULL,'2025-01-07 17:21:00',157),(476,'数据校准管理',1,'com.ruoyi.runda.controller.DataCalibrationController.add()','POST',1,'admin','研发部门','/runda/calibration','127.0.0.1','内网IP','{\"algorithm\":\"弗洛伊德\",\"createdDate\":\"2025-01-08\",\"deviceId\":1,\"pValue\":\"12\",\"parameter\":\"12\",\"params\":{},\"userId\":2}','{\"msg\":\"操作成功\",\"code\":200}',0,NULL,'2025-01-07 17:21:28',10),(477,'告警设置',3,'com.ruoyi.runda.controller.AlarmRemindController.remove()','DELETE',1,'admin','研发部门','/runda/remind/1','127.0.0.1','内网IP','[1]','{\"msg\":\"操作成功\",\"code\":200}',0,NULL,'2025-01-07 17:54:04',86),(478,'告警设置',1,'com.ruoyi.runda.controller.AlarmRemindController.add()','POST',1,'admin','研发部门','/runda/remind','127.0.0.1','内网IP','{\"alarmParamType\":2,\"alarmType\":2,\"createDate\":\"2025-01-14\",\"id\":6,\"params\":{},\"standardValue\":22,\"systemUserId\":1,\"userId\":2}','{\"msg\":\"操作成功\",\"code\":200}',0,NULL,'2025-01-07 17:54:20',30),(479,'告警设置',1,'com.ruoyi.runda.controller.AlarmRemindController.add()','POST',1,'admin','研发部门','/runda/remind','127.0.0.1','内网IP','{\"alarmParamType\":3,\"alarmType\":2,\"createDate\":\"2025-01-15\",\"id\":7,\"params\":{},\"standardValue\":80,\"status\":0,\"systemUserId\":1,\"userId\":2}','{\"msg\":\"操作成功\",\"code\":200}',0,NULL,'2025-01-07 17:56:31',8),(480,'告警设置',1,'com.ruoyi.runda.controller.AlarmRemindController.add()','POST',1,'admin','研发部门','/runda/remind','127.0.0.1','内网IP','{\"alarmParamType\":2,\"alarmType\":2,\"createDate\":\"2025-01-28\",\"id\":8,\"params\":{},\"standardValue\":22,\"status\":1,\"systemUserId\":1,\"userId\":2}','{\"msg\":\"操作成功\",\"code\":200}',0,NULL,'2025-01-07 17:57:48',7),(481,'告警设置',3,'com.ruoyi.runda.controller.AlarmRemindController.remove()','DELETE',1,'admin','研发部门','/runda/remind/8','127.0.0.1','内网IP','[8]','{\"msg\":\"操作成功\",\"code\":200}',0,NULL,'2025-01-07 17:57:51',4),(482,'告警设置',1,'com.ruoyi.runda.controller.AlarmRemindController.add()','POST',1,'admin','研发部门','/runda/remind','127.0.0.1','内网IP','{\"alarmParamType\":3,\"alarmType\":2,\"createDate\":\"2025-01-15\",\"id\":9,\"params\":{},\"standardValue\":2,\"systemUserId\":1,\"userId\":2}','{\"msg\":\"操作成功\",\"code\":200}',0,NULL,'2025-01-07 17:59:31',10),(483,'告警设置',1,'com.ruoyi.runda.controller.AlarmRemindController.add()','POST',1,'admin','研发部门','/runda/remind','127.0.0.1','内网IP','{\"alarmParamType\":2,\"alarmType\":2,\"createDate\":\"2025-01-22\",\"id\":1,\"params\":{},\"standardValue\":22,\"systemUserId\":1,\"userId\":2}','{\"msg\":\"操作成功\",\"code\":200}',0,NULL,'2025-01-07 18:01:34',11),(484,'短信记录',1,'com.ruoyi.runda.controller.AlarmInfoController.add()','POST',1,'admin','研发部门','/runda/info','127.0.0.1','内网IP','{\"alarmType\":2,\"createDate\":\"2025-01-16\",\"id\":2,\"params\":{},\"phoneNumber\":\"15165987898\",\"smsMessage\":\"号\",\"smsTem\":\"45644\",\"stationId\":1}','{\"msg\":\"操作成功\",\"code\":200}',0,NULL,'2025-01-07 18:54:02',29),(485,'短信记录',3,'com.ruoyi.runda.controller.AlarmInfoController.remove()','DELETE',1,'admin','研发部门','/runda/info/2','127.0.0.1','内网IP','[2]','{\"msg\":\"操作成功\",\"code\":200}',0,NULL,'2025-01-07 18:54:05',12),(486,'短信记录',1,'com.ruoyi.runda.controller.AlarmInfoController.add()','POST',1,'admin','研发部门','/runda/info','127.0.0.1','内网IP','{\"alarmType\":2,\"createDate\":\"2025-01-15\",\"id\":3,\"params\":{},\"phoneNumber\":\"12312312312\",\"smsMessage\":\"的\",\"smsTem\":\"213123\",\"stationId\":1}','{\"msg\":\"操作成功\",\"code\":200}',0,NULL,'2025-01-07 18:54:16',6),(487,'短信记录',3,'com.ruoyi.runda.controller.AlarmInfoController.remove()','DELETE',1,'admin','研发部门','/runda/info/3','127.0.0.1','内网IP','[3]','{\"msg\":\"操作成功\",\"code\":200}',0,NULL,'2025-01-07 18:54:19',6),(488,'短信记录',3,'com.ruoyi.runda.controller.AlarmInfoController.remove()','DELETE',1,'admin','研发部门','/runda/info/1','127.0.0.1','内网IP','[1]','{\"msg\":\"操作成功\",\"code\":200}',0,NULL,'2025-01-07 18:54:28',8),(489,'告警日志',3,'com.ruoyi.runda.controller.AlarmDataController.remove()','DELETE',1,'admin','研发部门','/runda/data/1','127.0.0.1','内网IP','[1]','{\"msg\":\"操作成功\",\"code\":200}',0,NULL,'2025-01-07 18:54:52',16),(490,'告警设置',3,'com.ruoyi.runda.controller.AlarmRemindController.remove()','DELETE',1,'admin','研发部门','/runda/remind/1','127.0.0.1','内网IP','[1]','{\"msg\":\"操作成功\",\"code\":200}',0,NULL,'2025-01-07 18:54:56',5),(491,'数据校准管理',3,'com.ruoyi.runda.controller.DataCalibrationController.remove()','DELETE',1,'admin','研发部门','/runda/calibration/1','127.0.0.1','内网IP','[1]','{\"msg\":\"操作成功\",\"code\":200}',0,NULL,'2025-01-07 18:55:08',7),(492,'单位名录',3,'com.ruoyi.runda.controller.EnterpriseListController.remove()','DELETE',1,'admin','研发部门','/runda/list/5','127.0.0.1','内网IP','[5]','{\"msg\":\"操作成功\",\"code\":200}',0,NULL,'2025-01-07 18:55:13',6),(493,'接口日志',3,'com.ruoyi.runda.controller.InterfaceLogController.remove()','DELETE',1,'admin','研发部门','/runda/log/2','127.0.0.1','内网IP','[2]','{\"msg\":\"操作成功\",\"code\":200}',0,NULL,'2025-01-07 18:55:17',6),(494,'项目管理',3,'com.ruoyi.runda.controller.ProjectController.remove()','DELETE',1,'admin','研发部门','/runda/project/2','127.0.0.1','内网IP','[2]','{\"msg\":\"操作成功\",\"code\":200}',0,NULL,'2025-01-07 18:55:20',7),(495,'监测设备管理设备',3,'com.ruoyi.runda.controller.DeviceController.remove()','DELETE',1,'admin','研发部门','/runda/device/3','127.0.0.1','内网IP','[3]','{\"msg\":\"操作成功\",\"code\":200}',0,NULL,'2025-01-07 18:55:27',14),(496,'监测设备管理设备',3,'com.ruoyi.runda.controller.DeviceController.remove()','DELETE',1,'admin','研发部门','/runda/device/1','127.0.0.1','内网IP','[1]',NULL,1,'\r\n### Error updating database.  Cause: java.sql.SQLIntegrityConstraintViolationException: Cannot delete or update a parent row: a foreign key constraint fails (`runda`.`data_query212`, CONSTRAINT `data_query212_ibfk_1` FOREIGN KEY (`device_id`) REFERENCES `device` (`id`) ON DELETE RESTRICT ON UPDATE RESTRICT)\r\n### The error may exist in file [D:\\rundaProject\\runda-main\\ruoyi-runda\\target\\classes\\mapper\\runda\\DeviceMapper.xml]\r\n### The error may involve com.ruoyi.runda.mapper.DeviceMapper.deleteDeviceByIds-Inline\r\n### The error occurred while setting parameters\r\n### SQL: delete from device where id in           (               ?          )\r\n### Cause: java.sql.SQLIntegrityConstraintViolationException: Cannot delete or update a parent row: a foreign key constraint fails (`runda`.`data_query212`, CONSTRAINT `data_query212_ibfk_1` FOREIGN KEY (`device_id`) REFERENCES `device` (`id`) ON DELETE RESTRICT ON UPDATE RESTRICT)\n; Cannot delete or update a parent row: a foreign key constraint fails (`runda`.`data_query212`, CONSTRAINT `data_query212_ibfk_1` FOREIGN KEY (`device_id`) REFERENCES `device` (`id`) ON DELETE RESTRICT ON UPDATE RESTRICT); nested exception is java.sql.SQLIntegrityConstraintViolationException: Cannot delete or update a parent row: a foreign key constraint fails (`runda`.`data_query212`, CONSTRAINT `data_query212_ibfk_1` FOREIGN KEY (`device_id`) REFERENCES `device` (`id`) ON DELETE RESTRICT ON UPDATE RESTRICT)','2025-01-07 18:55:29',28),(497,'手动矫正',3,'com.ruoyi.runda.controller.DataQueryCheckController.remove()','DELETE',1,'admin','研发部门','/runda/check/2','127.0.0.1','内网IP','[2]','{\"msg\":\"操作成功\",\"code\":200}',0,NULL,'2025-01-07 18:55:38',8),(498,'国控数据查询',3,'com.ruoyi.runda.controller.DataQueryCountryController.remove()','DELETE',1,'admin','研发部门','/runda/country/4','127.0.0.1','内网IP','[4]','{\"msg\":\"操作成功\",\"code\":200}',0,NULL,'2025-01-07 18:55:42',6),(499,'监测设备管理设备',3,'com.ruoyi.runda.controller.DeviceController.remove()','DELETE',1,'admin','研发部门','/runda/device/1','127.0.0.1','内网IP','[1]',NULL,1,'\r\n### Error updating database.  Cause: java.sql.SQLIntegrityConstraintViolationException: Cannot delete or update a parent row: a foreign key constraint fails (`runda`.`data_query212`, CONSTRAINT `data_query212_ibfk_1` FOREIGN KEY (`device_id`) REFERENCES `device` (`id`) ON DELETE RESTRICT ON UPDATE RESTRICT)\r\n### The error may exist in file [D:\\rundaProject\\runda-main\\ruoyi-runda\\target\\classes\\mapper\\runda\\DeviceMapper.xml]\r\n### The error may involve com.ruoyi.runda.mapper.DeviceMapper.deleteDeviceByIds-Inline\r\n### The error occurred while setting parameters\r\n### SQL: delete from device where id in           (               ?          )\r\n### Cause: java.sql.SQLIntegrityConstraintViolationException: Cannot delete or update a parent row: a foreign key constraint fails (`runda`.`data_query212`, CONSTRAINT `data_query212_ibfk_1` FOREIGN KEY (`device_id`) REFERENCES `device` (`id`) ON DELETE RESTRICT ON UPDATE RESTRICT)\n; Cannot delete or update a parent row: a foreign key constraint fails (`runda`.`data_query212`, CONSTRAINT `data_query212_ibfk_1` FOREIGN KEY (`device_id`) REFERENCES `device` (`id`) ON DELETE RESTRICT ON UPDATE RESTRICT); nested exception is java.sql.SQLIntegrityConstraintViolationException: Cannot delete or update a parent row: a foreign key constraint fails (`runda`.`data_query212`, CONSTRAINT `data_query212_ibfk_1` FOREIGN KEY (`device_id`) REFERENCES `device` (`id`) ON DELETE RESTRICT ON UPDATE RESTRICT)','2025-01-07 18:55:46',4),(500,'大气数据查询212',3,'com.ruoyi.runda.controller.DataQuery212Controller.remove()','DELETE',1,'admin','研发部门','/runda/query212/1','127.0.0.1','内网IP','[1]','{\"msg\":\"操作成功\",\"code\":200}',0,NULL,'2025-01-07 18:55:52',7),(501,'监测设备管理设备',3,'com.ruoyi.runda.controller.DeviceController.remove()','DELETE',1,'admin','研发部门','/runda/device/1','127.0.0.1','内网IP','[1]','{\"msg\":\"操作成功\",\"code\":200}',0,NULL,'2025-01-07 18:55:55',7),(502,'监测站点管理',3,'com.ruoyi.runda.controller.StationController.remove()','DELETE',1,'admin','研发部门','/runda/station/1','127.0.0.1','内网IP','[1]','{\"msg\":\"操作成功\",\"code\":200}',0,NULL,'2025-01-07 18:56:00',7),(503,'监测站点管理',1,'com.ruoyi.runda.controller.StationController.add()','POST',1,'admin','研发部门','/runda/station','127.0.0.1','内网IP','{\"cityCn\":\"张家口市\",\"countyCn\":\"张北县\",\"createdTime\":\"2025-01-08\",\"floorSpace\":2245,\"fromResource\":0,\"jgbm\":\"张家口市生态环境张北分局\",\"jgzr\":\"唐晨\",\"jgzrdh\":\"6860979\",\"jsdwmc\":\"怀来合盈云璟诚数据科技有限公司\",\"jstsyhydm\":\"91130730MA7AWXRC3F\",\"latitude\":112,\"licensNumber\":\"WSGXKZ130720241224001\",\"linkMan\":\"张三\",\"longitude\":118,\"monitoringWay\":1,\"params\":{},\"phone\":\"15178987788\",\"provinceCn\":\"河北省\",\"sfazjcsb\":\"1\",\"sgdwmc\":\"中建八局第二建设有限公司\",\"sgtshyhdym\":\"91370000163054089N\",\"sjjd\":\"1\",\"stationName\":\"合盈数据(怀来)科技产业园项目（四期第一阶段项目）\",\"stationStatus\":1,\"systemUserId\":2,\"type\":1}',NULL,1,'\r\n### Error updating database.  Cause: java.sql.SQLException: Field \'id\' doesn\'t have a default value\r\n### The error may exist in file [D:\\rundaProject\\runda-main\\ruoyi-runda\\target\\classes\\mapper\\runda\\StationMapper.xml]\r\n### The error may involve com.ruoyi.runda.mapper.StationMapper.insertStation-Inline\r\n### The error occurred while setting parameters\r\n### SQL: insert into station          ( station_name,                                                                                                        monitoring_way,                                       province_cn,                          city_cn,                          county_cn,                                                    system_user_id,             created_time,                          longitude,             latitude,             type,                          station_status,             phone,             link_man,                                       floor_space,             licens_number,             from_resource,             jsdwmc,             jstsyhydm,             sgdwmc,             sgtshyhdym,             jgbm,             jgzr,             jgzrdh,             sjjd,             sfazjcsb )           values ( ?,                                                                                                        ?,                                       ?,                          ?,                          ?,                                                    ?,             ?,                          ?,             ?,             ?,                          ?,             ?,             ?,                                       ?,             ?,             ?,             ?,             ?,             ?,             ?,             ?,             ?,             ?,             ?,             ? )\r\n### Cause: java.sql.SQLException: Field \'id\' doesn\'t have a default value\n; Field \'id\' doesn\'t have a default value; nested exception is java.sql.SQLException: Field \'id\' doesn\'t have a defau','2025-01-07 19:00:13',13),(504,'代码生成',2,'com.ruoyi.generator.controller.GenController.synchDb()','GET',1,'admin','研发部门','/tool/gen/synchDb/station','127.0.0.1','内网IP','{}','{\"msg\":\"操作成功\",\"code\":200}',0,NULL,'2025-01-07 19:16:49',270),(505,'监测站点管理',1,'com.ruoyi.runda.controller.StationController.add()','POST',1,'admin','研发部门','/runda/station','127.0.0.1','内网IP','{\"createdTime\":\"2025-01-01\",\"floorSpace\":2121,\"jgbm\":\"额\",\"jgzr\":\"额\",\"jgzrdh\":\"123123\",\"jsdwmc\":\"额\",\"jstsyhydm\":\"123123\",\"latitude\":11,\"licensNumber\":\"12312312\",\"longitude\":11,\"monitoringWay\":1,\"params\":{},\"phone\":\"123123123\",\"sfazjcsb\":\"1\",\"sgdwmc\":\"额\",\"sgtshyhdym\":\"12312312\",\"sjjd\":\"1\",\"stationName\":\"额\",\"stationStatus\":2,\"type\":2}','{\"msg\":\"操作成功\",\"code\":200}',0,NULL,'2025-01-07 19:19:23',20),(506,'监测站点管理',3,'com.ruoyi.runda.controller.StationController.remove()','DELETE',1,'admin','研发部门','/runda/station/1','127.0.0.1','内网IP','[1]','{\"msg\":\"操作成功\",\"code\":200}',0,NULL,'2025-01-07 19:19:27',13),(507,'监测站点管理',1,'com.ruoyi.runda.controller.StationController.add()','POST',1,'admin','研发部门','/runda/station','127.0.0.1','内网IP','{\"cityCn\":\"张家口市\",\"countyCn\":\"怀来县\",\"createdTime\":\"2025-01-15\",\"floorSpace\":2480,\"fromResource\":0,\"jgbm\":\"张家口市生态环境局怀来分局\",\"jgzr\":\"唐晨\",\"jgzrdh\":\"6860979\",\"jsdwmc\":\"怀来合盈云璟诚数据科技有限公司\",\"jstsyhydm\":\"91130730MA7AWXRC3F\",\"latitude\":22,\"licensNumber\":\"WSGXKZ130720241224001\",\"linkMan\":\"蒋信息\",\"longitude\":112,\"monitoringWay\":1,\"params\":{},\"phone\":\"13234474104\",\"provinceCn\":\"河北省\",\"sfazjcsb\":\"1\",\"sgdwmc\":\"中建八局第二建设有限公司\",\"sgtshyhdym\":\"91370000163054089N\",\"sjjd\":\"3\",\"stationName\":\"合盈数据(怀来)科技产业园项目（四期第一阶段项目）\",\"stationStatus\":1,\"systemUserId\":2,\"type\":1}','{\"msg\":\"操作成功\",\"code\":200}',0,NULL,'2025-01-07 19:21:54',10),(508,'代码生成',2,'com.ruoyi.generator.controller.GenController.synchDb()','GET',1,'admin','研发部门','/tool/gen/synchDb/alarm_data','127.0.0.1','内网IP','{}','{\"msg\":\"操作成功\",\"code\":200}',0,NULL,'2025-01-07 19:28:19',74),(509,'代码生成',2,'com.ruoyi.generator.controller.GenController.synchDb()','GET',1,'admin','研发部门','/tool/gen/synchDb/alarm_info','127.0.0.1','内网IP','{}','{\"msg\":\"操作成功\",\"code\":200}',0,NULL,'2025-01-07 19:28:23',62),(510,'代码生成',2,'com.ruoyi.generator.controller.GenController.synchDb()','GET',1,'admin','研发部门','/tool/gen/synchDb/enterprise_list','127.0.0.1','内网IP','{}','{\"msg\":\"操作成功\",\"code\":200}',0,NULL,'2025-01-07 19:28:28',83),(511,'代码生成',2,'com.ruoyi.generator.controller.GenController.synchDb()','GET',1,'admin','研发部门','/tool/gen/synchDb/device','127.0.0.1','内网IP','{}','{\"msg\":\"操作成功\",\"code\":200}',0,NULL,'2025-01-07 19:28:31',95),(512,'代码生成',2,'com.ruoyi.generator.controller.GenController.synchDb()','GET',1,'admin','研发部门','/tool/gen/synchDb/station','127.0.0.1','内网IP','{}','{\"msg\":\"操作成功\",\"code\":200}',0,NULL,'2025-01-07 19:28:32',168),(513,'代码生成',2,'com.ruoyi.generator.controller.GenController.synchDb()','GET',1,'admin','研发部门','/tool/gen/synchDb/data_query_check','127.0.0.1','内网IP','{}','{\"msg\":\"操作成功\",\"code\":200}',0,NULL,'2025-01-07 19:28:37',136),(514,'代码生成',2,'com.ruoyi.generator.controller.GenController.synchDb()','GET',1,'admin','研发部门','/tool/gen/synchDb/data_query_country','127.0.0.1','内网IP','{}','{\"msg\":\"操作成功\",\"code\":200}',0,NULL,'2025-01-07 19:28:39',80),(515,'代码生成',2,'com.ruoyi.generator.controller.GenController.synchDb()','GET',1,'admin','研发部门','/tool/gen/synchDb/data_query212','127.0.0.1','内网IP','{}','{\"msg\":\"操作成功\",\"code\":200}',0,NULL,'2025-01-07 19:28:40',125),(516,'监测站点管理',1,'com.ruoyi.runda.controller.StationController.add()','POST',1,'admin','研发部门','/runda/station','127.0.0.1','内网IP','{\"cityCn\":\"张家口市\",\"countyCn\":\"怀来县\",\"createdTime\":\"2025-01-14\",\"floorSpace\":4120,\"fromResource\":0,\"jgbm\":\"张家口市生态环境局怀来分局\",\"jgzr\":\"唐晨\",\"jgzrdh\":\"6860979\",\"jsdwmc\":\"怀来合盈云璟诚数据科技有限公司\",\"jstsyhydm\":\"91130730MA7AWXRC3F\",\"latitude\":40,\"licensNumber\":\"130730202410300101\",\"linkMan\":\"赵慧峰\",\"longitude\":115,\"monitoringWay\":1,\"params\":{},\"phone\":\"15631399827\",\"provinceCn\":\"河北省\",\"sfazjcsb\":\"1\",\"sgdwmc\":\"中建八局第二建设有限公司\",\"sgtshyhdym\":\"91370000163054089N\",\"sjjd\":\"3\",\"stationName\":\"河北沙城经济开发区京北怀来智能制造产业园基础设施项目(B区地块)工程\",\"stationStatus\":1,\"systemUserId\":2,\"townCn\":\"土木镇\",\"type\":1}','{\"msg\":\"操作成功\",\"code\":200}',0,NULL,'2025-01-07 19:30:41',9),(517,'监测设备管理设备',1,'com.ruoyi.runda.controller.DeviceController.add()','POST',1,'admin','研发部门','/runda/device','127.0.0.1','内网IP','{\"buildStatus\":1,\"cityCn\":\"张家口市\",\"countyCn\":\"怀来县\",\"createdTime\":\"2025-01-08\",\"fromResource\":0,\"id\":1,\"isStandard\":1,\"latitude\":40,\"longitude\":115,\"manufacturer\":\"河北百斛环保科技有限公司\",\"name\":\"合盈数据(怀来)科技产业园项目（四期第一阶段项目）\",\"params\":{},\"phoneNumber\":\"8986062129001215358E\",\"provinceCn\":\"河北省\",\"sn\":\"bh210605G\",\"stationId\":1,\"status\":1,\"townCn\":\"东花园镇\",\"type\":1}','{\"msg\":\"操作成功\",\"code\":200}',0,NULL,'2025-01-07 19:31:38',12),(518,'监测设备管理设备',1,'com.ruoyi.runda.controller.DeviceController.add()','POST',1,'admin','研发部门','/runda/device','127.0.0.1','内网IP','{\"buildStatus\":1,\"cityCn\":\"张家口市\",\"countyCn\":\"怀来县\",\"createdTime\":\"2025-01-08\",\"fromResource\":0,\"id\":2,\"isStandard\":1,\"latitude\":40,\"longitude\":115,\"manufacturer\":\"河北百斛环保科技有限公司\",\"name\":\"怀来县农产品仓储保鲜冷链设施项目（1#分拣车间、2#分拣车间、3#冷库、4.、5、\",\"params\":{},\"phoneNumber\":\"8986 0624 6500 7641 242N\",\"provinceCn\":\"河北省\",\"sn\":\"bh232038\",\"stationId\":1,\"status\":1,\"townCn\":\"狼山乡\",\"type\":2}','{\"msg\":\"操作成功\",\"code\":200}',0,NULL,'2025-01-07 19:32:33',7),(519,'数据校准管理',1,'com.ruoyi.runda.controller.DataCalibrationController.add()','POST',1,'admin','研发部门','/runda/calibration','127.0.0.1','内网IP','{\"algorithm\":\"数值对比算法\",\"createdDate\":\"2025-01-08\",\"deviceId\":2,\"pValue\":\"123\",\"parameter\":\"123\",\"params\":{},\"userId\":2}','{\"msg\":\"操作成功\",\"code\":200}',0,NULL,'2025-01-07 19:33:20',15),(520,'单位名录',1,'com.ruoyi.runda.controller.EnterpriseListController.add()','POST',1,'admin','研发部门','/runda/list','127.0.0.1','内网IP','{\"addr\":\"辽宁省抚顺经济开发区拉古经济区拉古村6\",\"createTime\":\"2025-01-07 19:34:28\",\"heatSource\":\"天然气\",\"lastUpdatedTime\":\"2025-01-08\",\"monitorCategory\":1,\"name\":\"抚顺罕王直接还原铁有限公司拉古分公司7\",\"params\":{},\"phone\":\"024-56206688\",\"polluteAir\":\"Co2\",\"polluteGoods\":\"汽油、柴油\",\"polluteSolid\":\"废渣\",\"polluteWater\":\"废水\",\"stationId\":2}',NULL,1,'\r\n### Error updating database.  Cause: java.sql.SQLIntegrityConstraintViolationException: Cannot add or update a child row: a foreign key constraint fails (`runda`.`enterprise_list`, CONSTRAINT `fk_enterprise_list_station` FOREIGN KEY (`station_id`) REFERENCES `data_calibration` (`id`) ON DELETE RESTRICT ON UPDATE CASCADE)\r\n### The error may exist in file [D:\\rundaProject\\runda-main\\ruoyi-runda\\target\\classes\\mapper\\runda\\EnterpriseListMapper.xml]\r\n### The error may involve com.ruoyi.runda.mapper.EnterpriseListMapper.insertEnterpriseList-Inline\r\n### The error occurred while setting parameters\r\n### SQL: insert into enterprise_list          ( name,                                       monitor_category,             addr,             phone,                                                                 create_time,             last_updated_time,                                                                 station_id,             polluteGoods,             heatSource,             polluteWater,             polluteAir,             polluteSolid )           values ( ?,                                       ?,             ?,             ?,                                                                 ?,             ?,                                                                 ?,             ?,             ?,             ?,             ?,             ? )\r\n### Cause: java.sql.SQLIntegrityConstraintViolationException: Cannot add or update a child row: a foreign key constraint fails (`runda`.`enterprise_list`, CONSTRAINT `fk_enterprise_list_station` FOREIGN KEY (`station_id`) REFERENCES `data_calibration` (`id`) ON DELETE RESTRICT ON UPDATE CASCADE)\n; Cannot add or update a child row: a foreign key constraint fails (`runda`.`enterprise_list`, CONSTRAINT `fk_enterprise_list_station` FOREIGN KEY (`station_id`) REFERENCES `data_calibration` (`id`) ON DELETE RESTRICT ON UPDATE CASCADE); nested exception is java.sql.SQLIntegrityConstraintViolationException: Cannot add or up','2025-01-07 19:34:28',57),(521,'接口日志',1,'com.ruoyi.runda.controller.InterfaceLogController.add()','POST',1,'admin','研发部门','/runda/log','127.0.0.1','内网IP','{\"createTime\":\"2025-01-07 19:35:50\",\"dataCount\":12,\"deviceAddcount\":122,\"deviceUpdatecount\":22,\"id\":1,\"modifyDate\":\"2025-01-08\",\"msg\":\"接口访问没有设备信息返回\",\"params\":{},\"status\":0,\"type\":2,\"userId\":2}','{\"msg\":\"操作成功\",\"code\":200}',0,NULL,'2025-01-07 19:35:50',13),(522,'项目管理',1,'com.ruoyi.runda.controller.ProjectController.add()','POST',1,'admin','研发部门','/runda/project','127.0.0.1','内网IP','{\"code\":\"1570875593000\",\"createdTime\":\"2025-01-21\",\"id\":1,\"name\":\"建筑扬尘\",\"params\":{},\"type\":\"1\",\"url\":\"/profile/upload/2025/01/07/js执行机制_20250107193601A001.png\"}','{\"msg\":\"操作成功\",\"code\":200}',0,NULL,'2025-01-07 19:36:15',19),(523,'单位名录',1,'com.ruoyi.runda.controller.EnterpriseListController.add()','POST',1,'admin','研发部门','/runda/list','127.0.0.1','内网IP','{\"addr\":\"辽宁省抚顺经济开发区拉古经济区拉古村6\",\"createTime\":\"2025-01-07 19:37:44\",\"heatSource\":\"天然气\",\"lastUpdatedTime\":\"2025-01-08\",\"monitorCategory\":1,\"name\":\"抚顺罕王直接还原铁有限公司拉古分公司7\",\"params\":{},\"phone\":\"02456206688\",\"polluteAir\":\"Co2\",\"polluteGoods\":\"废气\",\"polluteSolid\":\"废渣\",\"polluteWater\":\"废水\",\"stationId\":2}',NULL,1,'\r\n### Error updating database.  Cause: java.sql.SQLIntegrityConstraintViolationException: Cannot add or update a child row: a foreign key constraint fails (`runda`.`enterprise_list`, CONSTRAINT `fk_enterprise_list_station` FOREIGN KEY (`station_id`) REFERENCES `data_calibration` (`id`) ON DELETE RESTRICT ON UPDATE CASCADE)\r\n### The error may exist in file [D:\\rundaProject\\runda-main\\ruoyi-runda\\target\\classes\\mapper\\runda\\EnterpriseListMapper.xml]\r\n### The error may involve com.ruoyi.runda.mapper.EnterpriseListMapper.insertEnterpriseList-Inline\r\n### The error occurred while setting parameters\r\n### SQL: insert into enterprise_list          ( name,                                       monitor_category,             addr,             phone,                                                                 create_time,             last_updated_time,                                                                 station_id,             polluteGoods,             heatSource,             polluteWater,             polluteAir,             polluteSolid )           values ( ?,                                       ?,             ?,             ?,                                                                 ?,             ?,                                                                 ?,             ?,             ?,             ?,             ?,             ? )\r\n### Cause: java.sql.SQLIntegrityConstraintViolationException: Cannot add or update a child row: a foreign key constraint fails (`runda`.`enterprise_list`, CONSTRAINT `fk_enterprise_list_station` FOREIGN KEY (`station_id`) REFERENCES `data_calibration` (`id`) ON DELETE RESTRICT ON UPDATE CASCADE)\n; Cannot add or update a child row: a foreign key constraint fails (`runda`.`enterprise_list`, CONSTRAINT `fk_enterprise_list_station` FOREIGN KEY (`station_id`) REFERENCES `data_calibration` (`id`) ON DELETE RESTRICT ON UPDATE CASCADE); nested exception is java.sql.SQLIntegrityConstraintViolationException: Cannot add or up','2025-01-07 19:37:44',21),(524,'代码生成',2,'com.ruoyi.generator.controller.GenController.synchDb()','GET',1,'admin','研发部门','/tool/gen/synchDb/enterprise_list','127.0.0.1','内网IP','{}','{\"msg\":\"操作成功\",\"code\":200}',0,NULL,'2025-01-07 19:39:07',72),(525,'单位名录',1,'com.ruoyi.runda.controller.EnterpriseListController.add()','POST',1,'admin','研发部门','/runda/list','127.0.0.1','内网IP','{\"addr\":\"辽宁省抚顺经济开发区拉古经济区拉古村6\",\"createTime\":\"2025-01-07 19:40:18\",\"heatSource\":\"汽油、柴油\",\"id\":3,\"lastUpdatedTime\":\"2025-01-01\",\"monitorCategory\":1,\"name\":\"抚顺罕王直接还原铁有限公司拉古分公司7\",\"params\":{},\"phone\":\"024-56206688\",\"polluteAir\":\"Co2\",\"polluteGoods\":\"汽油、柴油\",\"polluteSolid\":\"废渣\",\"polluteWater\":\"废水\",\"stationId\":2,\"systemUserId\":1}','{\"msg\":\"操作成功\",\"code\":200}',0,NULL,'2025-01-07 19:40:18',8),(526,'大气数据查询212',1,'com.ruoyi.runda.controller.DataQuery212Controller.add()','POST',1,'admin','研发部门','/runda/query212','127.0.0.1','内网IP','{\"aqi\":20,\"co3Thickness\":23,\"coThickness\":40,\"humidity\":20,\"no2Thickness\":2,\"noise\":22,\"params\":{},\"pm\":12,\"pm10\":12,\"pressure\":150,\"so2Thickness\":22,\"temperature\":12,\"voscThickness\":10,\"windDirection\":\"北\",\"windSpeed\":20}',NULL,1,'\r\n### Error updating database.  Cause: java.sql.SQLException: Field \'device_name\' doesn\'t have a default value\r\n### The error may exist in file [D:\\rundaProject\\runda-main\\ruoyi-runda\\target\\classes\\mapper\\runda\\DataQuery212Mapper.xml]\r\n### The error may involve com.ruoyi.runda.mapper.DataQuery212Mapper.insertDataQuery212-Inline\r\n### The error occurred while setting parameters\r\n### SQL: insert into data_query212          ( aqi,             temperature,             wind_speed,             wind_direction,             humidity,             pressure,             noise,             pm,             pm10,             so2_thickness,             no2_thickness,             co_thickness,             co3_thickness,             vosc_thickness,                                                                 pm_10 )           values ( ?,             ?,             ?,             ?,             ?,             ?,             ?,             ?,             ?,             ?,             ?,             ?,             ?,             ?,                                                                 ? )\r\n### Cause: java.sql.SQLException: Field \'device_name\' doesn\'t have a default value\n; Field \'device_name\' doesn\'t have a default value; nested exception is java.sql.SQLException: Field \'device_name\' doesn\'t have a default value','2025-01-07 19:41:21',9),(527,'大气数据查询212',1,'com.ruoyi.runda.controller.DataQuery212Controller.add()','POST',1,'admin','研发部门','/runda/query212','127.0.0.1','内网IP','{\"aqi\":20,\"co3Thickness\":23,\"coThickness\":40,\"humidity\":20,\"no2Thickness\":2,\"noise\":22,\"params\":{},\"pm\":12,\"pm10\":12,\"pressure\":150,\"so2Thickness\":22,\"temperature\":12,\"voscThickness\":10,\"windDirection\":\"北\",\"windSpeed\":20}',NULL,1,'\r\n### Error updating database.  Cause: java.sql.SQLException: Field \'device_name\' doesn\'t have a default value\r\n### The error may exist in file [D:\\rundaProject\\runda-main\\ruoyi-runda\\target\\classes\\mapper\\runda\\DataQuery212Mapper.xml]\r\n### The error may involve com.ruoyi.runda.mapper.DataQuery212Mapper.insertDataQuery212-Inline\r\n### The error occurred while setting parameters\r\n### SQL: insert into data_query212          ( aqi,             temperature,             wind_speed,             wind_direction,             humidity,             pressure,             noise,             pm,             pm10,             so2_thickness,             no2_thickness,             co_thickness,             co3_thickness,             vosc_thickness,                                                                 pm_10 )           values ( ?,             ?,             ?,             ?,             ?,             ?,             ?,             ?,             ?,             ?,             ?,             ?,             ?,             ?,                                                                 ? )\r\n### Cause: java.sql.SQLException: Field \'device_name\' doesn\'t have a default value\n; Field \'device_name\' doesn\'t have a default value; nested exception is java.sql.SQLException: Field \'device_name\' doesn\'t have a default value','2025-01-07 19:41:26',2),(528,'手动矫正',1,'com.ruoyi.runda.controller.DataQueryCheckController.add()','POST',1,'admin','研发部门','/runda/check','127.0.0.1','内网IP','{\"aqi\":20,\"co3Thickness\":50,\"coThickness\":4,\"date\":\"2024-12-31\",\"deviceId\":2,\"deviceName\":\"合盈数据(怀来)科技产业园项目（四期第一阶段项目）\",\"id\":1,\"latitude\":20,\"longitude\":115,\"no2Thickness\":25,\"params\":{},\"pm\":12,\"pm10\":12,\"so2Thickness\":32,\"voscThickness\":45}','{\"msg\":\"操作成功\",\"code\":200}',0,NULL,'2025-01-07 19:42:55',23),(529,'手动矫正',2,'com.ruoyi.runda.controller.DataQueryCheckController.edit()','PUT',1,'admin','研发部门','/runda/check','127.0.0.1','内网IP','{\"aqi\":20,\"co3Thickness\":50,\"coThickness\":4,\"date\":\"2024-12-31\",\"deviceId\":2,\"deviceName\":\"合盈数据(怀来)科技产业园项目（四期第一阶段项目）\",\"id\":1,\"latitude\":20,\"longitude\":115,\"no2Thickness\":25,\"params\":{},\"pm\":12,\"pm10\":12,\"so2Thickness\":32,\"stationId\":2,\"voscThickness\":45}','{\"msg\":\"操作成功\",\"code\":200}',0,NULL,'2025-01-07 19:43:00',6),(530,'国控数据查询',1,'com.ruoyi.runda.controller.DataQueryCountryController.add()','POST',1,'admin','研发部门','/runda/country','127.0.0.1','内网IP','{\"aqi\":21,\"co3Thickness\":60,\"coThickness\":50,\"date\":\"2025-01-01\",\"deviceId\":2,\"id\":1,\"latitude\":151,\"longitude\":15,\"no2Thickness\":23,\"params\":{},\"pm\":55,\"pm10\":12,\"so2Thickness\":155,\"stationId\":2,\"stationName\":\"合盈数据(怀来)科技产业园项目（四期第一阶段项目）\",\"voscThickness\":45}','{\"msg\":\"操作成功\",\"code\":200}',0,NULL,'2025-01-07 19:43:31',10),(531,'代码生成',2,'com.ruoyi.generator.controller.GenController.editSave()','PUT',1,'admin','研发部门','/tool/gen','127.0.0.1','内网IP','{\"businessName\":\"query212\",\"className\":\"DataQuery212\",\"columns\":[{\"capJavaField\":\"Id\",\"columnComment\":\"主键id\",\"columnId\":816,\"columnName\":\"id\",\"columnType\":\"bigint\",\"createBy\":\"admin\",\"createTime\":\"2025-01-07 14:31:34\",\"dictType\":\"\",\"edit\":false,\"htmlType\":\"input\",\"increment\":true,\"insert\":false,\"isIncrement\":\"1\",\"isInsert\":\"0\",\"isPk\":\"1\",\"isRequired\":\"0\",\"javaField\":\"id\",\"javaType\":\"Long\",\"list\":false,\"params\":{},\"pk\":true,\"query\":false,\"queryType\":\"EQ\",\"required\":false,\"sort\":1,\"superColumn\":false,\"tableId\":36,\"updateBy\":\"\",\"updateTime\":\"2025-01-07 19:28:40\",\"usableColumn\":false},{\"capJavaField\":\"DeviceId\",\"columnComment\":\"设备id\",\"columnId\":817,\"columnName\":\"device_id\",\"columnType\":\"bigint\",\"createBy\":\"admin\",\"createTime\":\"2025-01-07 14:31:34\",\"dictType\":\"\",\"edit\":true,\"htmlType\":\"select\",\"increment\":false,\"insert\":true,\"isEdit\":\"1\",\"isIncrement\":\"0\",\"isInsert\":\"1\",\"isList\":\"1\",\"isPk\":\"0\",\"isQuery\":\"1\",\"isRequired\":\"1\",\"javaField\":\"deviceId\",\"javaType\":\"Long\",\"list\":true,\"params\":{},\"pk\":false,\"query\":true,\"queryType\":\"EQ\",\"required\":true,\"sort\":2,\"superColumn\":false,\"tableId\":36,\"updateBy\":\"\",\"updateTime\":\"2025-01-07 19:28:40\",\"usableColumn\":false},{\"capJavaField\":\"DeviceName\",\"columnComment\":\"设备名称\",\"columnId\":818,\"columnName\":\"device_name\",\"columnType\":\"varchar(100)\",\"createBy\":\"admin\",\"createTime\":\"2025-01-07 14:31:34\",\"dictType\":\"\",\"edit\":false,\"htmlType\":\"input\",\"increment\":false,\"insert\":false,\"isEdit\":\"0\",\"isIncrement\":\"0\",\"isInsert\":\"0\",\"isList\":\"0\",\"isPk\":\"0\",\"isQuery\":\"0\",\"isRequired\":\"0\",\"javaField\":\"deviceName\",\"javaType\":\"String\",\"list\":false,\"params\":{},\"pk\":false,\"query\":false,\"queryType\":\"LIKE\",\"required\":false,\"sort\":3,\"superColumn\":false,\"tableId\":36,\"updateBy\":\"\",\"updateTime\":\"2025-01-07 19:28:40\",\"usableColumn\":false},{\"capJavaField\":\"Date\",\"columnComment\":\"日期\",\"columnId\":819,\"columnName\":\"date\",\"columnType\":\"datetime\",\"createBy\":\"admin\",\"createTime\":\"2025-01-07 14:31:34\",\"dictType\":\"\",\"edit\":true,\"htmlType\":\"datetime\",\"increment\":false,\"insert\":','{\"msg\":\"操作成功\",\"code\":200}',0,NULL,'2025-01-07 19:46:26',155),(532,'代码生成',8,'com.ruoyi.generator.controller.GenController.batchGenCode()','GET',1,'admin','研发部门','/tool/gen/batchGenCode','127.0.0.1','内网IP','{\"tables\":\"data_query212\"}',NULL,0,NULL,'2025-01-07 19:46:31',469),(533,'菜单管理',3,'com.ruoyi.web.controller.system.SysMenuController.remove()','DELETE',1,'admin','研发部门','/system/menu/2176','127.0.0.1','内网IP','2176','{\"msg\":\"操作成功\",\"code\":200}',0,NULL,'2025-01-07 19:50:28',45),(534,'菜单管理',3,'com.ruoyi.web.controller.system.SysMenuController.remove()','DELETE',1,'admin','研发部门','/system/menu/2177','127.0.0.1','内网IP','2177','{\"msg\":\"操作成功\",\"code\":200}',0,NULL,'2025-01-07 19:50:29',12),(535,'菜单管理',3,'com.ruoyi.web.controller.system.SysMenuController.remove()','DELETE',1,'admin','研发部门','/system/menu/2178','127.0.0.1','内网IP','2178','{\"msg\":\"操作成功\",\"code\":200}',0,NULL,'2025-01-07 19:50:31',24),(536,'菜单管理',3,'com.ruoyi.web.controller.system.SysMenuController.remove()','DELETE',1,'admin','研发部门','/system/menu/2179','127.0.0.1','内网IP','2179','{\"msg\":\"操作成功\",\"code\":200}',0,NULL,'2025-01-07 19:50:35',15),(537,'菜单管理',3,'com.ruoyi.web.controller.system.SysMenuController.remove()','DELETE',1,'admin','研发部门','/system/menu/2180','127.0.0.1','内网IP','2180','{\"msg\":\"操作成功\",\"code\":200}',0,NULL,'2025-01-07 19:50:36',18),(538,'菜单管理',3,'com.ruoyi.web.controller.system.SysMenuController.remove()','DELETE',1,'admin','研发部门','/system/menu/2175','127.0.0.1','内网IP','2175','{\"msg\":\"操作成功\",\"code\":200}',0,NULL,'2025-01-07 19:50:41',15),(539,'大气数据查询212',1,'com.ruoyi.runda.controller.DataQuery212Controller.add()','POST',1,'admin','研发部门','/runda/query212','127.0.0.1','内网IP','{\"aqi\":22,\"co3Thickness\":12,\"coThickness\":123,\"humidity\":12,\"no2Thickness\":23,\"noise\":12,\"params\":{},\"pm\":23,\"pm10\":43,\"pressure\":213,\"so2Thickness\":234,\"stationId\":2,\"temperature\":21,\"voscThickness\":123,\"windDirection\":\"北\",\"windSpeed\":123}',NULL,1,'\r\n### Error updating database.  Cause: java.sql.SQLException: Field \'device_name\' doesn\'t have a default value\r\n### The error may exist in file [D:\\rundaProject\\runda-main\\ruoyi-runda\\target\\classes\\mapper\\runda\\DataQuery212Mapper.xml]\r\n### The error may involve com.ruoyi.runda.mapper.DataQuery212Mapper.insertDataQuery212-Inline\r\n### The error occurred while setting parameters\r\n### SQL: insert into data_query212          ( aqi,             temperature,             wind_speed,             wind_direction,             humidity,             pressure,             noise,             pm,             pm10,             so2_thickness,             no2_thickness,             co_thickness,             co3_thickness,             vosc_thickness,                                                                 pm_10,                                                                                                                                               station_id )           values ( ?,             ?,             ?,             ?,             ?,             ?,             ?,             ?,             ?,             ?,             ?,             ?,             ?,             ?,                                                                 ?,                                                                                                                                               ? )\r\n### Cause: java.sql.SQLException: Field \'device_name\' doesn\'t have a default value\n; Field \'device_name\' doesn\'t have a default value; nested exception is java.sql.SQLException: Field \'device_name\' doesn\'t have a default value','2025-01-07 19:51:35',76),(540,'代码生成',2,'com.ruoyi.generator.controller.GenController.editSave()','PUT',1,'admin','研发部门','/tool/gen','127.0.0.1','内网IP','{\"businessName\":\"query212\",\"className\":\"DataQuery212\",\"columns\":[{\"capJavaField\":\"Id\",\"columnComment\":\"主键id\",\"columnId\":816,\"columnName\":\"id\",\"columnType\":\"bigint\",\"createBy\":\"admin\",\"createTime\":\"2025-01-07 14:31:34\",\"dictType\":\"\",\"edit\":false,\"htmlType\":\"input\",\"increment\":true,\"insert\":false,\"isIncrement\":\"1\",\"isInsert\":\"0\",\"isPk\":\"1\",\"isRequired\":\"0\",\"javaField\":\"id\",\"javaType\":\"Long\",\"list\":false,\"params\":{},\"pk\":true,\"query\":false,\"queryType\":\"EQ\",\"required\":false,\"sort\":1,\"superColumn\":false,\"tableId\":36,\"updateBy\":\"\",\"updateTime\":\"2025-01-07 19:46:26\",\"usableColumn\":false},{\"capJavaField\":\"DeviceId\",\"columnComment\":\"设备id\",\"columnId\":817,\"columnName\":\"device_id\",\"columnType\":\"bigint\",\"createBy\":\"admin\",\"createTime\":\"2025-01-07 14:31:34\",\"dictType\":\"\",\"edit\":true,\"htmlType\":\"select\",\"increment\":false,\"insert\":true,\"isEdit\":\"1\",\"isIncrement\":\"0\",\"isInsert\":\"1\",\"isList\":\"1\",\"isPk\":\"0\",\"isQuery\":\"1\",\"isRequired\":\"1\",\"javaField\":\"deviceId\",\"javaType\":\"Long\",\"list\":true,\"params\":{},\"pk\":false,\"query\":true,\"queryType\":\"EQ\",\"required\":true,\"sort\":2,\"superColumn\":false,\"tableId\":36,\"updateBy\":\"\",\"updateTime\":\"2025-01-07 19:46:26\",\"usableColumn\":false},{\"capJavaField\":\"DeviceName\",\"columnComment\":\"设备名称\",\"columnId\":818,\"columnName\":\"device_name\",\"columnType\":\"varchar(100)\",\"createBy\":\"admin\",\"createTime\":\"2025-01-07 14:31:34\",\"dictType\":\"\",\"edit\":false,\"htmlType\":\"input\",\"increment\":false,\"insert\":false,\"isEdit\":\"0\",\"isIncrement\":\"0\",\"isInsert\":\"0\",\"isList\":\"0\",\"isPk\":\"0\",\"isQuery\":\"0\",\"isRequired\":\"0\",\"javaField\":\"deviceName\",\"javaType\":\"String\",\"list\":false,\"params\":{},\"pk\":false,\"query\":false,\"queryType\":\"LIKE\",\"required\":false,\"sort\":3,\"superColumn\":false,\"tableId\":36,\"updateBy\":\"\",\"updateTime\":\"2025-01-07 19:46:26\",\"usableColumn\":false},{\"capJavaField\":\"Date\",\"columnComment\":\"日期\",\"columnId\":819,\"columnName\":\"date\",\"columnType\":\"datetime\",\"createBy\":\"admin\",\"createTime\":\"2025-01-07 14:31:34\",\"dictType\":\"\",\"edit\":false,\"htmlType\":\"datetime\",\"increment\":false,\"insert\"','{\"msg\":\"操作成功\",\"code\":200}',0,NULL,'2025-01-07 19:53:46',191),(541,'代码生成',2,'com.ruoyi.generator.controller.GenController.editSave()','PUT',1,'admin','研发部门','/tool/gen','127.0.0.1','内网IP','{\"businessName\":\"query212\",\"className\":\"DataQuery212\",\"columns\":[{\"capJavaField\":\"Id\",\"columnComment\":\"主键id\",\"columnId\":816,\"columnName\":\"id\",\"columnType\":\"bigint\",\"createBy\":\"admin\",\"createTime\":\"2025-01-07 14:31:34\",\"dictType\":\"\",\"edit\":false,\"htmlType\":\"input\",\"increment\":true,\"insert\":false,\"isIncrement\":\"1\",\"isInsert\":\"0\",\"isPk\":\"1\",\"isRequired\":\"0\",\"javaField\":\"id\",\"javaType\":\"Long\",\"list\":false,\"params\":{},\"pk\":true,\"query\":false,\"queryType\":\"EQ\",\"required\":false,\"sort\":1,\"superColumn\":false,\"tableId\":36,\"updateBy\":\"\",\"updateTime\":\"2025-01-07 19:53:45\",\"usableColumn\":false},{\"capJavaField\":\"DeviceId\",\"columnComment\":\"设备id\",\"columnId\":817,\"columnName\":\"device_id\",\"columnType\":\"bigint\",\"createBy\":\"admin\",\"createTime\":\"2025-01-07 14:31:34\",\"dictType\":\"\",\"edit\":true,\"htmlType\":\"select\",\"increment\":false,\"insert\":true,\"isEdit\":\"1\",\"isIncrement\":\"0\",\"isInsert\":\"1\",\"isList\":\"1\",\"isPk\":\"0\",\"isQuery\":\"1\",\"isRequired\":\"1\",\"javaField\":\"deviceId\",\"javaType\":\"Long\",\"list\":true,\"params\":{},\"pk\":false,\"query\":true,\"queryType\":\"EQ\",\"required\":true,\"sort\":2,\"superColumn\":false,\"tableId\":36,\"updateBy\":\"\",\"updateTime\":\"2025-01-07 19:53:45\",\"usableColumn\":false},{\"capJavaField\":\"DeviceName\",\"columnComment\":\"设备名称\",\"columnId\":818,\"columnName\":\"device_name\",\"columnType\":\"varchar(100)\",\"createBy\":\"admin\",\"createTime\":\"2025-01-07 14:31:34\",\"dictType\":\"\",\"edit\":false,\"htmlType\":\"input\",\"increment\":false,\"insert\":false,\"isEdit\":\"0\",\"isIncrement\":\"0\",\"isInsert\":\"0\",\"isList\":\"0\",\"isPk\":\"0\",\"isQuery\":\"0\",\"isRequired\":\"0\",\"javaField\":\"deviceName\",\"javaType\":\"String\",\"list\":false,\"params\":{},\"pk\":false,\"query\":false,\"queryType\":\"LIKE\",\"required\":false,\"sort\":3,\"superColumn\":false,\"tableId\":36,\"updateBy\":\"\",\"updateTime\":\"2025-01-07 19:53:45\",\"usableColumn\":false},{\"capJavaField\":\"Date\",\"columnComment\":\"日期\",\"columnId\":819,\"columnName\":\"date\",\"columnType\":\"datetime\",\"createBy\":\"admin\",\"createTime\":\"2025-01-07 14:31:34\",\"dictType\":\"\",\"edit\":false,\"htmlType\":\"datetime\",\"increment\":false,\"insert\"','{\"msg\":\"操作成功\",\"code\":200}',0,NULL,'2025-01-07 19:54:06',111),(542,'代码生成',8,'com.ruoyi.generator.controller.GenController.batchGenCode()','GET',1,'admin','研发部门','/tool/gen/batchGenCode','127.0.0.1','内网IP','{\"tables\":\"data_query212\"}',NULL,0,NULL,'2025-01-07 19:54:09',287),(543,'大气数据查询212',1,'com.ruoyi.runda.controller.DataQuery212Controller.add()','POST',1,'admin','研发部门','/runda/query212','127.0.0.1','内网IP','{\"aqi\":1,\"co3Thickness\":1,\"coThickness\":1,\"humidity\":1,\"no2Thickness\":1,\"noise\":1,\"params\":{},\"pm\":1,\"pm10\":1,\"pressure\":1,\"so2Thickness\":1,\"temperature\":1,\"voscThickness\":1,\"windDirection\":\"1\",\"windSpeed\":1}',NULL,1,'\r\n### Error updating database.  Cause: java.sql.SQLException: Field \'device_name\' doesn\'t have a default value\r\n### The error may exist in file [D:\\rundaProject\\runda-main\\ruoyi-runda\\target\\classes\\mapper\\runda\\DataQuery212Mapper.xml]\r\n### The error may involve com.ruoyi.runda.mapper.DataQuery212Mapper.insertDataQuery212-Inline\r\n### The error occurred while setting parameters\r\n### SQL: insert into data_query212          ( aqi,             temperature,             wind_speed,             wind_direction,             humidity,             pressure,             noise,             pm,             pm10,             so2_thickness,             no2_thickness,             co_thickness,             co3_thickness,             vosc_thickness,                                                                 pm_10 )           values ( ?,             ?,             ?,             ?,             ?,             ?,             ?,             ?,             ?,             ?,             ?,             ?,             ?,             ?,                                                                 ? )\r\n### Cause: java.sql.SQLException: Field \'device_name\' doesn\'t have a default value\n; Field \'device_name\' doesn\'t have a default value; nested exception is java.sql.SQLException: Field \'device_name\' doesn\'t have a default value','2025-01-07 19:57:50',94),(544,'代码生成',2,'com.ruoyi.generator.controller.GenController.synchDb()','GET',1,'admin','研发部门','/tool/gen/synchDb/data_query212','127.0.0.1','内网IP','{}','{\"msg\":\"操作成功\",\"code\":200}',0,NULL,'2025-01-07 20:00:35',300),(545,'大气数据查询212',1,'com.ruoyi.runda.controller.DataQuery212Controller.add()','POST',1,'admin','研发部门','/runda/query212','127.0.0.1','内网IP','{\"aqi\":1,\"co3Thickness\":1,\"coThickness\":1,\"humidity\":1,\"id\":1,\"no2Thickness\":1,\"noise\":1,\"params\":{},\"pm\":1,\"pm10\":1,\"pressure\":1,\"so2Thickness\":1,\"temperature\":1,\"voscThickness\":1,\"windDirection\":\"1\",\"windSpeed\":1}','{\"msg\":\"操作成功\",\"code\":200}',0,NULL,'2025-01-07 20:00:55',10),(546,'菜单管理',3,'com.ruoyi.web.controller.system.SysMenuController.remove()','DELETE',1,'admin','研发部门','/system/menu/2200','127.0.0.1','内网IP','2200','{\"msg\":\"操作成功\",\"code\":200}',0,NULL,'2025-01-07 20:01:17',23),(547,'菜单管理',3,'com.ruoyi.web.controller.system.SysMenuController.remove()','DELETE',1,'admin','研发部门','/system/menu/2201','127.0.0.1','内网IP','2201','{\"msg\":\"操作成功\",\"code\":200}',0,NULL,'2025-01-07 20:01:20',14),(548,'菜单管理',3,'com.ruoyi.web.controller.system.SysMenuController.remove()','DELETE',1,'admin','研发部门','/system/menu/2202','127.0.0.1','内网IP','2202','{\"msg\":\"操作成功\",\"code\":200}',0,NULL,'2025-01-07 20:01:21',10),(549,'菜单管理',3,'com.ruoyi.web.controller.system.SysMenuController.remove()','DELETE',1,'admin','研发部门','/system/menu/2203','127.0.0.1','内网IP','2203','{\"msg\":\"操作成功\",\"code\":200}',0,NULL,'2025-01-07 20:01:23',16),(550,'菜单管理',3,'com.ruoyi.web.controller.system.SysMenuController.remove()','DELETE',1,'admin','研发部门','/system/menu/2204','127.0.0.1','内网IP','2204','{\"msg\":\"操作成功\",\"code\":200}',0,NULL,'2025-01-07 20:01:25',19),(551,'菜单管理',3,'com.ruoyi.web.controller.system.SysMenuController.remove()','DELETE',1,'admin','研发部门','/system/menu/2199','127.0.0.1','内网IP','2199','{\"msg\":\"操作成功\",\"code\":200}',0,NULL,'2025-01-07 20:01:28',17),(552,'菜单管理',3,'com.ruoyi.web.controller.system.SysMenuController.remove()','DELETE',1,'admin','研发部门','/system/menu/2194','127.0.0.1','内网IP','2194','{\"msg\":\"操作成功\",\"code\":200}',0,NULL,'2025-01-07 20:01:31',15),(553,'菜单管理',3,'com.ruoyi.web.controller.system.SysMenuController.remove()','DELETE',1,'admin','研发部门','/system/menu/2195','127.0.0.1','内网IP','2195','{\"msg\":\"操作成功\",\"code\":200}',0,NULL,'2025-01-07 20:01:33',17),(554,'菜单管理',3,'com.ruoyi.web.controller.system.SysMenuController.remove()','DELETE',1,'admin','研发部门','/system/menu/2197','127.0.0.1','内网IP','2197','{\"msg\":\"操作成功\",\"code\":200}',0,NULL,'2025-01-07 20:01:34',21),(555,'菜单管理',3,'com.ruoyi.web.controller.system.SysMenuController.remove()','DELETE',1,'admin','研发部门','/system/menu/2198','127.0.0.1','内网IP','2198','{\"msg\":\"操作成功\",\"code\":200}',0,NULL,'2025-01-07 20:01:37',16),(556,'菜单管理',3,'com.ruoyi.web.controller.system.SysMenuController.remove()','DELETE',1,'admin','研发部门','/system/menu/2196','127.0.0.1','内网IP','2196','{\"msg\":\"操作成功\",\"code\":200}',0,NULL,'2025-01-07 20:01:40',11),(557,'菜单管理',3,'com.ruoyi.web.controller.system.SysMenuController.remove()','DELETE',1,'admin','研发部门','/system/menu/2193','127.0.0.1','内网IP','2193','{\"msg\":\"操作成功\",\"code\":200}',0,NULL,'2025-01-07 20:01:43',15),(558,'代码生成',2,'com.ruoyi.generator.controller.GenController.editSave()','PUT',1,'admin','研发部门','/tool/gen','127.0.0.1','内网IP','{\"businessName\":\"query212\",\"className\":\"DataQuery212\",\"columns\":[{\"capJavaField\":\"Id\",\"columnComment\":\"主键id\",\"columnId\":816,\"columnName\":\"id\",\"columnType\":\"bigint\",\"createBy\":\"admin\",\"createTime\":\"2025-01-07 14:31:34\",\"dictType\":\"\",\"edit\":false,\"htmlType\":\"input\",\"increment\":true,\"insert\":false,\"isIncrement\":\"1\",\"isInsert\":\"0\",\"isPk\":\"1\",\"isRequired\":\"0\",\"javaField\":\"id\",\"javaType\":\"Long\",\"list\":false,\"params\":{},\"pk\":true,\"query\":false,\"queryType\":\"EQ\",\"required\":false,\"sort\":1,\"superColumn\":false,\"tableId\":36,\"updateBy\":\"\",\"updateTime\":\"2025-01-07 20:00:35\",\"usableColumn\":false},{\"capJavaField\":\"DeviceId\",\"columnComment\":\"设备id\",\"columnId\":817,\"columnName\":\"device_id\",\"columnType\":\"bigint\",\"createBy\":\"admin\",\"createTime\":\"2025-01-07 14:31:34\",\"dictType\":\"\",\"edit\":true,\"htmlType\":\"input\",\"increment\":false,\"insert\":true,\"isEdit\":\"1\",\"isIncrement\":\"0\",\"isInsert\":\"1\",\"isList\":\"1\",\"isPk\":\"0\",\"isQuery\":\"1\",\"isRequired\":\"1\",\"javaField\":\"deviceId\",\"javaType\":\"Long\",\"list\":true,\"params\":{},\"pk\":false,\"query\":true,\"queryType\":\"EQ\",\"required\":true,\"sort\":2,\"superColumn\":false,\"tableId\":36,\"updateBy\":\"\",\"updateTime\":\"2025-01-07 20:00:35\",\"usableColumn\":false},{\"capJavaField\":\"Date\",\"columnComment\":\"日期\",\"columnId\":819,\"columnName\":\"date\",\"columnType\":\"datetime\",\"createBy\":\"admin\",\"createTime\":\"2025-01-07 14:31:34\",\"dictType\":\"\",\"edit\":false,\"htmlType\":\"datetime\",\"increment\":false,\"insert\":false,\"isEdit\":\"0\",\"isIncrement\":\"0\",\"isInsert\":\"0\",\"isList\":\"0\",\"isPk\":\"0\",\"isQuery\":\"0\",\"isRequired\":\"0\",\"javaField\":\"date\",\"javaType\":\"Date\",\"list\":false,\"params\":{},\"pk\":false,\"query\":false,\"queryType\":\"EQ\",\"required\":false,\"sort\":3,\"superColumn\":false,\"tableId\":36,\"updateBy\":\"\",\"updateTime\":\"2025-01-07 20:00:35\",\"usableColumn\":false},{\"capJavaField\":\"Aqi\",\"columnComment\":\"空气质量指数\",\"columnId\":820,\"columnName\":\"aqi\",\"columnType\":\"double\",\"createBy\":\"admin\",\"createTime\":\"2025-01-07 14:31:34\",\"dictType\":\"\",\"edit\":true,\"htmlType\":\"input\",\"increment\":false,\"insert\":true,\"isEdit\":\"1\",\"isIncrement','{\"msg\":\"操作成功\",\"code\":200}',0,NULL,'2025-01-07 20:04:14',118),(559,'代码生成',8,'com.ruoyi.generator.controller.GenController.batchGenCode()','GET',1,'admin','研发部门','/tool/gen/batchGenCode','127.0.0.1','内网IP','{\"tables\":\"data_query212\"}',NULL,0,NULL,'2025-01-07 20:04:17',280),(560,'大气数据查询212',2,'com.ruoyi.runda.controller.DataQuery212Controller.edit()','PUT',1,'admin','研发部门','/runda/query212','127.0.0.1','内网IP','{\"aqi\":1,\"co3Thickness\":1,\"coThickness\":1,\"deviceId\":2,\"humidity\":1,\"id\":1,\"no2Thickness\":1,\"noise\":1,\"params\":{},\"pm\":1,\"pm10\":1,\"pressure\":1,\"so2Thickness\":1,\"temperature\":1,\"voscThickness\":1,\"windDirection\":\"1\",\"windSpeed\":1}','{\"msg\":\"操作成功\",\"code\":200}',0,NULL,'2025-01-07 20:10:18',46),(561,'告警日志',1,'com.ruoyi.runda.controller.AlarmDataController.add()','POST',1,'admin','研发部门','/runda/data','127.0.0.1','内网IP','{\"alarmParamType\":7,\"alarmType\":3,\"deviceId\":1,\"id\":1,\"params\":{},\"standardValue\":80,\"stationId\":2,\"status\":3,\"userId\":2}','{\"msg\":\"操作成功\",\"code\":200}',0,NULL,'2025-01-08 10:22:05',36),(562,'告警日志',2,'com.ruoyi.runda.controller.AlarmDataController.edit()','PUT',1,'admin','研发部门','/runda/data','127.0.0.1','内网IP','{\"alarmParamType\":7,\"alarmType\":3,\"beginTime\":\"2025-01-01\",\"deviceId\":1,\"id\":1,\"params\":{},\"standardValue\":80,\"stationId\":2,\"status\":3,\"userId\":2}','{\"msg\":\"操作成功\",\"code\":200}',0,NULL,'2025-01-08 10:22:12',16),(563,'国控数据查询',2,'com.ruoyi.runda.controller.DataQueryCountryController.edit()','PUT',1,'admin','研发部门','/runda/country','127.0.0.1','内网IP','{\"aqi\":211,\"co3Thickness\":60,\"coThickness\":50,\"date\":\"2025-01-01\",\"deviceId\":2,\"id\":1,\"latitude\":151,\"longitude\":15,\"no2Thickness\":23,\"params\":{},\"pm\":55,\"pm10\":12,\"so2Thickness\":155,\"stationId\":2,\"stationName\":\"合盈数据(怀来)科技产业园项目（四期第一阶段项目）\",\"voscThickness\":45}','{\"msg\":\"操作成功\",\"code\":200}',0,NULL,'2025-01-08 10:53:24',65);
/*!40000 ALTER TABLE `sys_oper_log` ENABLE KEYS */;
UNLOCK TABLES;

--
-- Table structure for table `sys_post`
--

DROP TABLE IF EXISTS `sys_post`;
/*!40101 SET @saved_cs_client     = @@character_set_client */;
/*!50503 SET character_set_client = utf8mb4 */;
CREATE TABLE `sys_post` (
  `post_id` bigint NOT NULL AUTO_INCREMENT COMMENT '岗位ID',
  `post_code` varchar(64) CHARACTER SET utf8mb4 COLLATE utf8mb4_0900_ai_ci NOT NULL COMMENT '岗位编码',
  `post_name` varchar(50) CHARACTER SET utf8mb4 COLLATE utf8mb4_0900_ai_ci NOT NULL COMMENT '岗位名称',
  `post_sort` int NOT NULL COMMENT '显示顺序',
  `status` char(1) CHARACTER SET utf8mb4 COLLATE utf8mb4_0900_ai_ci NOT NULL COMMENT '状态（0正常 1停用）',
  `create_by` varchar(64) CHARACTER SET utf8mb4 COLLATE utf8mb4_0900_ai_ci DEFAULT '' COMMENT '创建者',
  `create_time` datetime DEFAULT NULL COMMENT '创建时间',
  `update_by` varchar(64) CHARACTER SET utf8mb4 COLLATE utf8mb4_0900_ai_ci DEFAULT '' COMMENT '更新者',
  `update_time` datetime DEFAULT NULL COMMENT '更新时间',
  `remark` varchar(500) CHARACTER SET utf8mb4 COLLATE utf8mb4_0900_ai_ci DEFAULT NULL COMMENT '备注',
  PRIMARY KEY (`post_id`) USING BTREE
) ENGINE=InnoDB AUTO_INCREMENT=5 DEFAULT CHARSET=utf8mb4 COLLATE=utf8mb4_0900_ai_ci ROW_FORMAT=DYNAMIC COMMENT='岗位信息表';
/*!40101 SET character_set_client = @saved_cs_client */;

--
-- Dumping data for table `sys_post`
--

LOCK TABLES `sys_post` WRITE;
/*!40000 ALTER TABLE `sys_post` DISABLE KEYS */;
INSERT INTO `sys_post` VALUES (1,'ceo','董事长',1,'0','admin','2024-12-27 18:51:52','',NULL,''),(2,'se','项目经理',2,'0','admin','2024-12-27 18:51:52','',NULL,''),(3,'hr','人力资源',3,'0','admin','2024-12-27 18:51:52','',NULL,''),(4,'user','普通员工',4,'0','admin','2024-12-27 18:51:52','',NULL,'');
/*!40000 ALTER TABLE `sys_post` ENABLE KEYS */;
UNLOCK TABLES;

--
-- Table structure for table `sys_role`
--

DROP TABLE IF EXISTS `sys_role`;
/*!40101 SET @saved_cs_client     = @@character_set_client */;
/*!50503 SET character_set_client = utf8mb4 */;
CREATE TABLE `sys_role` (
  `role_id` bigint NOT NULL AUTO_INCREMENT COMMENT '角色ID',
  `role_name` varchar(30) CHARACTER SET utf8mb4 COLLATE utf8mb4_0900_ai_ci NOT NULL COMMENT '角色名称',
  `role_key` varchar(100) CHARACTER SET utf8mb4 COLLATE utf8mb4_0900_ai_ci NOT NULL COMMENT '角色权限字符串',
  `role_sort` int NOT NULL COMMENT '显示顺序',
  `data_scope` char(1) CHARACTER SET utf8mb4 COLLATE utf8mb4_0900_ai_ci DEFAULT '1' COMMENT '数据范围（1：全部数据权限 2：自定数据权限 3：本部门数据权限 4：本部门及以下数据权限）',
  `menu_check_strictly` tinyint(1) DEFAULT '1' COMMENT '菜单树选择项是否关联显示',
  `dept_check_strictly` tinyint(1) DEFAULT '1' COMMENT '部门树选择项是否关联显示',
  `status` char(1) CHARACTER SET utf8mb4 COLLATE utf8mb4_0900_ai_ci NOT NULL COMMENT '角色状态（0正常 1停用）',
  `del_flag` char(1) CHARACTER SET utf8mb4 COLLATE utf8mb4_0900_ai_ci DEFAULT '0' COMMENT '删除标志（0代表存在 2代表删除）',
  `create_by` varchar(64) CHARACTER SET utf8mb4 COLLATE utf8mb4_0900_ai_ci DEFAULT '' COMMENT '创建者',
  `create_time` datetime DEFAULT NULL COMMENT '创建时间',
  `update_by` varchar(64) CHARACTER SET utf8mb4 COLLATE utf8mb4_0900_ai_ci DEFAULT '' COMMENT '更新者',
  `update_time` datetime DEFAULT NULL COMMENT '更新时间',
  `remark` varchar(500) CHARACTER SET utf8mb4 COLLATE utf8mb4_0900_ai_ci DEFAULT NULL COMMENT '备注',
  PRIMARY KEY (`role_id`) USING BTREE
) ENGINE=InnoDB AUTO_INCREMENT=100 DEFAULT CHARSET=utf8mb4 COLLATE=utf8mb4_0900_ai_ci ROW_FORMAT=DYNAMIC COMMENT='角色信息表';
/*!40101 SET character_set_client = @saved_cs_client */;

--
-- Dumping data for table `sys_role`
--

LOCK TABLES `sys_role` WRITE;
/*!40000 ALTER TABLE `sys_role` DISABLE KEYS */;
INSERT INTO `sys_role` VALUES (1,'超级管理员','admin',1,'1',1,1,'0','0','admin','2024-12-27 18:51:52','',NULL,'超级管理员'),(2,'普通角色','common',2,'2',1,1,'0','0','admin','2024-12-27 18:51:52','',NULL,'普通角色');
/*!40000 ALTER TABLE `sys_role` ENABLE KEYS */;
UNLOCK TABLES;

--
-- Table structure for table `sys_role_dept`
--

DROP TABLE IF EXISTS `sys_role_dept`;
/*!40101 SET @saved_cs_client     = @@character_set_client */;
/*!50503 SET character_set_client = utf8mb4 */;
CREATE TABLE `sys_role_dept` (
  `role_id` bigint NOT NULL COMMENT '角色ID',
  `dept_id` bigint NOT NULL COMMENT '部门ID',
  PRIMARY KEY (`role_id`,`dept_id`) USING BTREE
) ENGINE=InnoDB DEFAULT CHARSET=utf8mb4 COLLATE=utf8mb4_0900_ai_ci ROW_FORMAT=DYNAMIC COMMENT='角色和部门关联表';
/*!40101 SET character_set_client = @saved_cs_client */;

--
-- Dumping data for table `sys_role_dept`
--

LOCK TABLES `sys_role_dept` WRITE;
/*!40000 ALTER TABLE `sys_role_dept` DISABLE KEYS */;
INSERT INTO `sys_role_dept` VALUES (2,100),(2,101),(2,105);
/*!40000 ALTER TABLE `sys_role_dept` ENABLE KEYS */;
UNLOCK TABLES;

--
-- Table structure for table `sys_role_menu`
--

DROP TABLE IF EXISTS `sys_role_menu`;
/*!40101 SET @saved_cs_client     = @@character_set_client */;
/*!50503 SET character_set_client = utf8mb4 */;
CREATE TABLE `sys_role_menu` (
  `role_id` bigint NOT NULL COMMENT '角色ID',
  `menu_id` bigint NOT NULL COMMENT '菜单ID',
  PRIMARY KEY (`role_id`,`menu_id`) USING BTREE
) ENGINE=InnoDB DEFAULT CHARSET=utf8mb4 COLLATE=utf8mb4_0900_ai_ci ROW_FORMAT=DYNAMIC COMMENT='角色和菜单关联表';
/*!40101 SET character_set_client = @saved_cs_client */;

--
-- Dumping data for table `sys_role_menu`
--

LOCK TABLES `sys_role_menu` WRITE;
/*!40000 ALTER TABLE `sys_role_menu` DISABLE KEYS */;
INSERT INTO `sys_role_menu` VALUES (2,1),(2,2),(2,3),(2,4),(2,100),(2,101),(2,102),(2,103),(2,104),(2,105),(2,106),(2,107),(2,108),(2,109),(2,110),(2,111),(2,112),(2,113),(2,114),(2,115),(2,116),(2,117),(2,500),(2,501),(2,1000),(2,1001),(2,1002),(2,1003),(2,1004),(2,1005),(2,1006),(2,1007),(2,1008),(2,1009),(2,1010),(2,1011),(2,1012),(2,1013),(2,1014),(2,1015),(2,1016),(2,1017),(2,1018),(2,1019),(2,1020),(2,1021),(2,1022),(2,1023),(2,1024),(2,1025),(2,1026),(2,1027),(2,1028),(2,1029),(2,1030),(2,1031),(2,1032),(2,1033),(2,1034),(2,1035),(2,1036),(2,1037),(2,1038),(2,1039),(2,1040),(2,1041),(2,1042),(2,1043),(2,1044),(2,1045),(2,1046),(2,1047),(2,1048),(2,1049),(2,1050),(2,1051),(2,1052),(2,1053),(2,1054),(2,1055),(2,1056),(2,1057),(2,1058),(2,1059),(2,1060);
/*!40000 ALTER TABLE `sys_role_menu` ENABLE KEYS */;
UNLOCK TABLES;

--
-- Table structure for table `sys_user`
--

DROP TABLE IF EXISTS `sys_user`;
/*!40101 SET @saved_cs_client     = @@character_set_client */;
/*!50503 SET character_set_client = utf8mb4 */;
CREATE TABLE `sys_user` (
  `user_id` bigint NOT NULL AUTO_INCREMENT COMMENT '用户ID',
  `dept_id` bigint DEFAULT NULL COMMENT '部门ID',
  `user_name` varchar(30) CHARACTER SET utf8mb4 COLLATE utf8mb4_0900_ai_ci NOT NULL COMMENT '用户账号',
  `nick_name` varchar(30) CHARACTER SET utf8mb4 COLLATE utf8mb4_0900_ai_ci NOT NULL COMMENT '用户昵称',
  `user_type` varchar(2) CHARACTER SET utf8mb4 COLLATE utf8mb4_0900_ai_ci DEFAULT '00' COMMENT '用户类型（00系统用户）',
  `email` varchar(50) CHARACTER SET utf8mb4 COLLATE utf8mb4_0900_ai_ci DEFAULT '' COMMENT '用户邮箱',
  `phonenumber` varchar(11) CHARACTER SET utf8mb4 COLLATE utf8mb4_0900_ai_ci DEFAULT '' COMMENT '手机号码',
  `sex` char(1) CHARACTER SET utf8mb4 COLLATE utf8mb4_0900_ai_ci DEFAULT '0' COMMENT '用户性别（0男 1女 2未知）',
  `avatar` varchar(100) CHARACTER SET utf8mb4 COLLATE utf8mb4_0900_ai_ci DEFAULT '' COMMENT '头像地址',
  `password` varchar(100) CHARACTER SET utf8mb4 COLLATE utf8mb4_0900_ai_ci DEFAULT '' COMMENT '密码',
  `status` char(1) CHARACTER SET utf8mb4 COLLATE utf8mb4_0900_ai_ci DEFAULT '0' COMMENT '帐号状态（0正常 1停用）',
  `del_flag` char(1) CHARACTER SET utf8mb4 COLLATE utf8mb4_0900_ai_ci DEFAULT '0' COMMENT '删除标志（0代表存在 2代表删除）',
  `login_ip` varchar(128) CHARACTER SET utf8mb4 COLLATE utf8mb4_0900_ai_ci DEFAULT '' COMMENT '最后登录IP',
  `login_date` datetime DEFAULT NULL COMMENT '最后登录时间',
  `create_by` varchar(64) CHARACTER SET utf8mb4 COLLATE utf8mb4_0900_ai_ci DEFAULT '' COMMENT '创建者',
  `create_time` datetime DEFAULT NULL COMMENT '创建时间',
  `update_by` varchar(64) CHARACTER SET utf8mb4 COLLATE utf8mb4_0900_ai_ci DEFAULT '' COMMENT '更新者',
  `update_time` datetime DEFAULT NULL COMMENT '更新时间',
  `remark` varchar(500) CHARACTER SET utf8mb4 COLLATE utf8mb4_0900_ai_ci DEFAULT NULL COMMENT '备注',
  PRIMARY KEY (`user_id`) USING BTREE
) ENGINE=InnoDB AUTO_INCREMENT=100 DEFAULT CHARSET=utf8mb4 COLLATE=utf8mb4_0900_ai_ci ROW_FORMAT=DYNAMIC COMMENT='用户信息表';
/*!40101 SET character_set_client = @saved_cs_client */;

--
-- Dumping data for table `sys_user`
--

LOCK TABLES `sys_user` WRITE;
/*!40000 ALTER TABLE `sys_user` DISABLE KEYS */;
INSERT INTO `sys_user` VALUES (1,103,'admin','若依','00','ry@163.com','15888888888','1','','$2a$10$7JB720yubVSZvUI0rEqK/.VqGOZTH.ulu33dHOiBE8ByOhJIrdAu2','0','0','127.0.0.1','2025-01-08 10:53:43','admin','2024-12-27 18:51:52','','2025-01-08 10:53:43','管理员'),(2,105,'ry','若依','00','ry@qq.com','15666666666','1','','$2a$10$7JB720yubVSZvUI0rEqK/.VqGOZTH.ulu33dHOiBE8ByOhJIrdAu2','0','0','127.0.0.1','2024-12-27 18:51:52','admin','2024-12-27 18:51:52','',NULL,'测试员');
/*!40000 ALTER TABLE `sys_user` ENABLE KEYS */;
UNLOCK TABLES;

--
-- Table structure for table `sys_user_post`
--

DROP TABLE IF EXISTS `sys_user_post`;
/*!40101 SET @saved_cs_client     = @@character_set_client */;
/*!50503 SET character_set_client = utf8mb4 */;
CREATE TABLE `sys_user_post` (
  `user_id` bigint NOT NULL COMMENT '用户ID',
  `post_id` bigint NOT NULL COMMENT '岗位ID',
  PRIMARY KEY (`user_id`,`post_id`) USING BTREE
) ENGINE=InnoDB DEFAULT CHARSET=utf8mb4 COLLATE=utf8mb4_0900_ai_ci ROW_FORMAT=DYNAMIC COMMENT='用户与岗位关联表';
/*!40101 SET character_set_client = @saved_cs_client */;

--
-- Dumping data for table `sys_user_post`
--

LOCK TABLES `sys_user_post` WRITE;
/*!40000 ALTER TABLE `sys_user_post` DISABLE KEYS */;
INSERT INTO `sys_user_post` VALUES (1,1),(2,2);
/*!40000 ALTER TABLE `sys_user_post` ENABLE KEYS */;
UNLOCK TABLES;

--
-- Table structure for table `sys_user_role`
--

DROP TABLE IF EXISTS `sys_user_role`;
/*!40101 SET @saved_cs_client     = @@character_set_client */;
/*!50503 SET character_set_client = utf8mb4 */;
CREATE TABLE `sys_user_role` (
  `user_id` bigint NOT NULL COMMENT '用户ID',
  `role_id` bigint NOT NULL COMMENT '角色ID',
  PRIMARY KEY (`user_id`,`role_id`) USING BTREE
) ENGINE=InnoDB DEFAULT CHARSET=utf8mb4 COLLATE=utf8mb4_0900_ai_ci ROW_FORMAT=DYNAMIC COMMENT='用户和角色关联表';
/*!40101 SET character_set_client = @saved_cs_client */;

--
-- Dumping data for table `sys_user_role`
--

LOCK TABLES `sys_user_role` WRITE;
/*!40000 ALTER TABLE `sys_user_role` DISABLE KEYS */;
INSERT INTO `sys_user_role` VALUES (1,1),(2,2);
/*!40000 ALTER TABLE `sys_user_role` ENABLE KEYS */;
UNLOCK TABLES;
/*!40103 SET TIME_ZONE=@OLD_TIME_ZONE */;

/*!40101 SET SQL_MODE=@OLD_SQL_MODE */;
/*!40014 SET FOREIGN_KEY_CHECKS=@OLD_FOREIGN_KEY_CHECKS */;
/*!40014 SET UNIQUE_CHECKS=@OLD_UNIQUE_CHECKS */;
/*!40101 SET CHARACTER_SET_CLIENT=@OLD_CHARACTER_SET_CLIENT */;
/*!40101 SET CHARACTER_SET_RESULTS=@OLD_CHARACTER_SET_RESULTS */;
/*!40101 SET COLLATION_CONNECTION=@OLD_COLLATION_CONNECTION */;
/*!40111 SET SQL_NOTES=@OLD_SQL_NOTES */;

-- Dump completed on 2025-01-08 12:00:32
